"chr","start","end","n","B","S","estimate","se","z","p.value","number.tests","p.adjust","Genes","Regions","Delta_Beta"
"chr6",74104388,74104868,6,-8.72974700757824,0.553302877049184,-8.72974700757824,0.553302877049184,-15.7775196365051,4.44307707550515e-56,299051,1.32870664250689e-50,"DDX43","1stExon;5'UTR",-0.0227594413169002
"chr12",58013324,58013900,14,-9.0033510599431,0.596302372786113,-9.0033510599431,0.596302372786113,-15.0986336309155,1.65323819484093e-51,299051,4.94402535405374e-46,"SLC26A10","TSS200;TSS1500;1stExon;5'UTR",-0.0227408336479029
"chr7",95025829,95026106,12,-13.2927598296142,0.998447406520085,-13.2927598296142,0.998447406520085,-13.3134301744985,1.93394733023265e-40,299051,5.78348883053404e-35,"PON3","TSS1500;TSS200",-0.0102433967503483
"chr2",158453600,158454110,6,-10.5184227825945,0.875511284026632,-10.5184227825945,0.875511284026632,-12.014034512746,2.99851279768122e-33,299051,8.96708250659365e-28,"ACVR1C","1stExon;Body;5'UTR;TSS200",-0.0115953572289584
"chr2",70188512,70188605,3,9.9817941663698,0.837342177853376,9.9817941663698,0.837342177853376,11.9208066073529,9.22114290504378e-33,299051,2.75759200689625e-27,"ASPRV1","1stExon",-0.0316600636326729
"chr6",30711580,30711642,4,-9.98862333674882,0.956923816121115,-9.98862333674882,0.956923816121115,-10.4382639124164,1.65815355655027e-25,299051,4.95872479239916e-20,"IER3;FLOT1","3'UTR;TSS1500",0.000715751607810747
"chr1",87617142,87617296,2,-8.19297137784202,0.786479303906488,-8.19297137784202,0.786479303906488,-10.4172752380731,2.0679278576097e-25,299051,6.18415893746038e-20,"LOC339524","Body",0.0462528887014354
"chr2",233274291,233274723,3,-15.3926843187489,1.5165970020074,-15.3926843187489,1.5165970020074,-10.1494888216018,3.33103578832295e-24,299051,9.96149583533767e-19,"ALPPL2","Body;3'UTR",-0.0303069126710086
"chr13",97646765,97646803,3,-27.6896017178669,2.77323537966977,-27.6896017178669,2.77323537966977,-9.98458404247107,1.78046264401828e-23,299051,5.32449134156309e-18,"OXGR1","TSS200",-0.0303473504200375
"chr6",30069296,30071288,26,-8.4528914762225,0.887957168457749,-8.4528914762225,0.887957168457749,-9.51948109265667,1.74045946938718e-21,299051,5.20486144779706e-16,"TRIM31","3'UTR",-0.000291933060393424
"chr1",247802703,247803033,6,-11.909558371196,1.2898927751458,-11.909558371196,1.2898927751458,-9.23298323757945,2.63197284722762e-20,299051,7.87094111936266e-15,"","",-0.0335817227101267
"chr19",12978714,12978805,2,-10.7457060647833,1.16889763521933,-10.7457060647833,1.16889763521933,-9.19302575436133,3.81943537084902e-20,299051,1.14220596708777e-14,"MAST1","Body",-0.0248451651798
"chr19",10958968,10959101,4,-6.50078365597811,0.739756477468726,-6.50078365597811,0.739756477468726,-8.78773468563909,1.52605849063817e-18,299051,4.56369317683836e-13,"C19orf38","TSS200",-0.0209836924143348
"chr2",48844908,48844971,3,-28.7079194946566,3.26906937719008,-28.7079194946566,3.26906937719008,-8.78167948804207,1.61051480376184e-18,299051,4.81626062579782e-13,"GTF2A1L;STON1-GTF2A1L","TSS200;Body;1stExon;5'UTR",-0.00818407766336552
"chr2",233250370,233250571,2,-18.1994095641298,2.12341106053373,-18.1994095641298,2.12341106053373,-8.5708367552514,1.02735793894879e-17,299051,3.07232419000575e-12,"ECEL1P2","Body",-0.0564038791762274
"chr14",73712256,73712967,5,-12.4780933266739,1.51339914468001,-12.4780933266739,1.51339914468001,-8.24507755970232,1.65053125592425e-16,299051,4.93593022615404e-11,"PAPLN","Body",-0.0239561712317074
"chr4",183061840,183061955,3,-7.95374431506794,0.964667525410733,-7.95374431506794,0.964667525410733,-8.24506278645735,1.65073519000918e-16,299051,4.93654009307434e-11,"MGC45800","Body",-0.0458249580995165
"chr2",74612706,74612812,3,7.48290795553551,0.913510191958891,7.48290795553551,0.913510191958891,8.1913787294365,2.58250545492562e-16,299051,7.7230083880096e-11,"LOC100189589","TSS200",0.0363474368331117
"chr20",62183964,62184397,5,-8.2086136359732,1.03036685645995,-8.2086136359732,1.03036685645995,-7.96669029531447,1.62980436823488e-15,299051,4.8739462612501e-10,"C20orf195","TSS1500;TSS200;5'UTR;1stExon",-0.0215043689070433
"chr8",144790375,144790410,3,-9.15588779479002,1.17429297115185,-9.15588779479002,1.17429297115185,-7.79693655647886,6.34281086783102e-15,299051,1.89682393283573e-09,"LOC100130274","TSS200",-0.018848410759277
"chr6",29760659,29760909,4,-9.47054587498658,1.21547522578598,-9.47054587498658,1.21547522578598,-7.79164040045533,6.6144758731945e-15,299051,1.97806562435469e-09,"HCG4","TSS200;Body",0.00853550126601596
"chr13",97646341,97646639,2,-29.9097293927015,3.95456136245837,-29.9097293927015,3.95456136245837,-7.56334942141548,3.92820500099883e-14,299051,1.1747336337537e-08,"OXGR1","TSS200;5'UTR",-0.0665440608308094
"chr11",66327000,66327250,2,-11.5642052109023,1.54195963695681,-11.5642052109023,1.54195963695681,-7.49968088251991,6.3973386376878e-14,299051,1.91313051693917e-08,"ACTN3","Body",-0.0128885415615426
"chr15",101389272,101389974,6,-11.4869226863772,1.54322162447398,-11.4869226863772,1.54322162447398,-7.44346923617836,9.80749499417054e-14,299051,2.93294118550169e-08,"","",-0.0666860512792765
"chr19",52004630,52004992,2,-6.54487274652879,0.88233701229817,-6.54487274652879,0.88233701229817,-7.41765635500403,1.19210918804705e-13,299051,3.56501444794658e-08,"SIGLEC12","1stExon;TSS1500;5'UTR",-0.0167790374106546
"chr3",52479069,52479108,4,-4.89136328007097,0.659858271186127,-4.89136328007097,0.659858271186127,-7.41274830317503,1.23708538248101e-13,299051,3.6995162071633e-08,"SEMA3G","TSS200",-0.044928652986977
"chr8",6407676,6407997,3,-8.75458145301727,1.1988904038471,-8.75458145301727,1.1988904038471,-7.30223665559823,2.83022886446448e-13,299051,8.46382772146968e-08,"ANGPT2;MCPH1","Body",-0.0196401054837647
"chr2",115419537,115420215,6,-9.60862138450542,1.31905205192245,-9.60862138450542,1.31905205192245,-7.28448992630834,3.22889601388859e-13,299051,9.65604581849397e-08,"DPP10","Body",-0.0597218915262351
"chr10",43522143,43522343,3,-8.66856536323542,1.19323799189817,-8.66856536323542,1.19323799189817,-7.26474133583838,3.73752774639144e-13,299051,1.11771141008611e-07,"","",-0.0153343398718818
"chr7",155832938,155832992,2,-16.9863881988149,2.35579148524458,-16.9863881988149,2.35579148524458,-7.21048034395597,5.57548450502611e-13,299051,1.66735421671256e-07,"","",-0.0246711579290929
"chr22",20783896,20783963,2,-6.77793126448963,0.941474140296713,-6.77793126448963,0.941474140296713,-7.19927502454132,6.05335443144043e-13,299051,1.81026169607669e-07,"SCARF2","Body",0.00752879284357612
"chr6",32118204,32118208,2,8.60035113193604,1.19799000727142,8.60035113193604,1.19799000727142,7.17898403136474,7.02313476935767e-13,299051,2.10027547591118e-07,"PRRT1","Body",0.0463663745405191
"chr10",88428026,88428222,5,1.65541833538726,0.231160582234424,1.65541833538726,0.231160582234424,7.16133485815707,7.98952213012758e-13,299051,2.38927458253678e-07,"LDB3","TSS1500;TSS200;1stExon;5'UTR",-0.0147233789572245
"chr13",113698621,113698994,6,12.9398252763956,1.81533351383526,12.9398252763956,1.81533351383526,7.1280705048284,1.01785639764401e-12,299051,3.04390973571837e-07,"MCF2L","Body",0.032306602796493
"chr11",32421518,32421845,5,-12.4271120203654,1.75818285309905,-12.4271120203654,1.75818285309905,-7.06815676109049,1.57005131743121e-12,299051,4.6952541652912e-07,"WT1","Body",-0.0290260352101277
"chr19",695447,695549,2,-11.7581663263464,1.66758541129263,-11.7581663263464,1.66758541129263,-7.05101294765586,1.77619965203131e-12,299051,5.31174282139614e-07,"PRSSL1","5'UTR;1stExon;TSS200",-0.0331259706187828
"chr22",43166139,43166347,3,-9.17846820877989,1.30901913739691,-9.17846820877989,1.30901913739691,-7.01171430314765,2.35415549880918e-12,299051,7.04012556074384e-07,"","",-0.0126595332193641
"chr4",3746443,3746931,5,-7.56717594189902,1.08216871159334,-7.56717594189902,1.08216871159334,-6.99260278072302,2.69832693759434e-12,299051,8.06937369014526e-07,"","",-0.00306674641087754
"chr10",106034575,106034747,4,-15.6750488445377,2.25093936640678,-15.6750488445377,2.25093936640678,-6.96378102336895,3.31259378605596e-12,299051,9.90634484313822e-07,"GSTO2","Body;5'UTR",0.00123595716157287
"chr16",86337819,86337823,2,-23.9938677306313,3.49371447230242,-23.9938677306313,3.49371447230242,-6.86772428624337,6.52341427130258e-12,299051,1.95083356124731e-06,"","",-0.0263927647811174
"chr4",4763284,4763753,6,-9.51672547708342,1.39411293329562,-9.51672547708342,1.39411293329562,-6.82636625039141,8.70924156021089e-12,299051,2.60450739782263e-06,"","",-0.0214185368295883
"chr19",21860753,21861136,2,-12.1176656408749,1.81760124494106,-12.1176656408749,1.81760124494106,-6.66684492795218,2.61360988718449e-11,299051,7.8160265037241e-06,"","",-0.00404207198489587
"chr12",1973452,1974168,4,-10.3258038405099,1.55044944527034,-10.3258038405099,1.55044944527034,-6.65987779995589,2.74055352633565e-11,299051,8.19565272604203e-06,"CACNA2D4","Body",-0.0174964993546385
"chr15",93616894,93616966,5,-8.2841636388279,1.24521551671446,-8.2841636388279,1.24521551671446,-6.65279506047749,2.87578509302327e-11,299051,8.60006407853702e-06,"RGMA","1stExon;Body;TSS200;TSS1500;5'UTR",-0.0183262585650941
"chr1",17475832,17476074,2,-13.1182257316368,1.99990288064265,-13.1182257316368,1.99990288064265,-6.55943138969898,5.40133377602681e-11,299051,1.61527426705459e-05,"","",-0.032967759981115
"chr10",405182,405362,2,13.7631455129043,2.10296559021948,13.7631455129043,2.10296559021948,6.54463657271151,5.96402403364392e-11,299051,1.78354735128525e-05,"DIP2C","Body",0.0318584773247877
"chr6",30711644,30711844,8,-10.1992143195685,1.57359450646778,-10.1992143195685,1.57359450646778,-6.48147555018002,9.08298890960996e-11,299051,2.71627691640777e-05,"IER3;FLOT1","3'UTR;TSS1500;Body",-0.00329143971489286
"chr22",24890809,24890833,5,-14.6769821245733,2.27392084690105,-14.6769821245733,2.27392084690105,-6.45448241726415,1.08589383810445e-10,299051,3.24737638178974e-05,"C22orf45;UPB1","TSS200;TSS1500",-0.0202717670504873
"chr14",96967798,96967897,3,-10.4960924474927,1.64229829692726,-10.4960924474927,1.64229829692726,-6.3910998794378,1.64696754603443e-10,299051,4.92527291609143e-05,"PAPOLA","TSS1500",-0.0251914459702607
"chr5",140683196,140683946,11,-10.9332450590918,1.71110950322233,-10.9332450590918,1.71110950322233,-6.38956480488392,1.66358525141543e-10,299051,4.97496833021036e-05,"SLC25A2","TSS200;1stExon;5'UTR;TSS1500",-0.0264713936588887
"chr6",33255172,33255181,2,-7.20397582148934,1.13089108904378,-7.20397582148934,1.13089108904378,-6.37017648408622,1.888108102343e-10,299051,5.64640616113778e-05,"WDR46","Body",-0.0255137856247941
"chr11",495084,495198,2,7.53134478050705,1.19712045725653,7.53134478050705,1.19712045725653,6.29121717439097,3.14986288062791e-10,299051,9.41969644314658e-05,"RNH1","Body",-0.0357122007862832
"chr6",30071295,30071373,4,-34.4832439100365,5.50165254705384,-34.4832439100365,5.50165254705384,-6.26779746905362,3.66190627784245e-10,299051,0.000109509673429506,"TRIM31","Body;3'UTR",0.00291687483083843
"chr17",72443018,72443179,4,-11.689851734723,1.87517560601487,-11.689851734723,1.87517560601487,-6.2340037366241,4.54662228691251e-10,299051,0.000135967194152347,"GPRC5C","Body;3'UTR",-0.0376651930042215
"chr17",48258561,48258708,3,7.8310586515579,1.26191622121583,7.8310586515579,1.26191622121583,6.20568823817227,5.4458042774218e-10,299051,0.000162857321496727,"","",-0.0282070204991572
"chr1",223566646,223567002,6,-12.5388260296471,2.02535920312727,-12.5388260296471,2.02535920312727,-6.19091468332456,5.98160809919972e-10,299051,0.000178880588367377,"C1orf65","5'UTR;1stExon;TSS200",-0.0557096149763337
"chr10",49813208,49813371,5,-3.01630886892173,0.488094269824137,-3.01630886892173,0.488094269824137,-6.17976701510657,6.4196270287727e-10,299051,0.00019197958825815,"ARHGAP22","TSS200;TSS1500",0.00538846013586705
"chr2",131673894,131674201,5,-10.7260633632472,1.74028548299871,-10.7260633632472,1.74028548299871,-6.16339299961575,7.12024980652562e-10,299051,0.000212931782489129,"ARHGEF4","TSS200;TSS1500",-0.0103541006502059
"chr5",93077290,93077336,3,-15.2519184714862,2.48347148023664,-15.2519184714862,2.48347148023664,-6.14137049402833,8.18125122952476e-10,299051,0.000244661136144061,"FAM172A;POU5F2","Body;1stExon;5'UTR;TSS200",-0.0041279351790211
"chr1",43751363,43751376,3,-6.72949942048593,1.09621907161667,-6.72949942048593,1.09621907161667,-6.13882716942835,8.31329517137717e-10,299051,0.000248609923429551,"C1orf210","TSS200",-0.0129536326769205
"chr6",29626990,29627167,4,10.7574345076583,1.75453690236474,10.7574345076583,1.75453690236474,6.13121017469599,8.72130978577146e-10,299051,0.000260811641274474,"MOG","Body",-0.0243092428341292
"chr10",134998463,134998487,2,-16.7888152840303,2.76481300455945,-16.7888152840303,2.76481300455945,-6.07231492919913,1.26079363987125e-09,299051,0.000377041598797137,"KNDC1","Body",-0.0123819583163924
"chr16",20359815,20360497,6,-10.9189053460339,1.80557121413115,-10.9189053460339,1.80557121413115,-6.04734128489532,1.47255611953042e-09,299051,0.000440369380101692,"UMOD","Body",-0.0267056425000381
"chr6",31275718,31276664,16,-6.96905856536334,1.15327308344853,-6.96905856536334,1.15327308344853,-6.04285200563632,1.51413530834146e-09,299051,0.000452803678094823,"","",-0.0241869748597783
"chr11",61522178,61523045,8,6.52652998608266,1.08124253426285,6.52652998608266,1.08124253426285,6.03613877485146,1.57845521272747e-09,299051,0.000472038609821363,"C11orf9;DKFZP434K028","TSS200;Body;TSS1500",-0.0338283880300217
"chr7",22766657,22766992,3,-8.22226366797682,1.3627383773753,-8.22226366797682,1.3627383773753,-6.03363331104926,1.60313619110653e-09,299051,0.000479419481086598,"IL6","5'UTR;1stExon;TSS200;Body",-0.0339000171488627
"chr10",124638991,124639260,8,-17.6779097444835,2.93833124292882,-17.6779097444835,2.93833124292882,-6.01630935485096,1.7843842132478e-09,299051,0.000533621883355968,"LOC399815;FAM24B","Body;TSS200;5'UTR;1stExon",0.0136779858291128
"chr2",127963067,127963489,3,-8.02319934578208,1.33511765525372,-8.02319934578208,1.33511765525372,-6.00935753804962,1.8625995131898e-09,299051,0.000557012247018924,"CYP27C1","TSS200;5'UTR;1stExon",-0.0250606123331446
"chr7",27153655,27153847,3,41.7795666134216,6.96112369158612,41.7795666134216,6.96112369158612,6.00184229794973,1.950911406486e-09,299051,0.000583422007021045,"HOXA3","5'UTR;TSS200;TSS1500",0.0188957346817505
"chr8",54521834,54522246,2,11.6007216916715,1.94553356602739,11.6007216916715,1.94553356602739,5.9627455903314,2.48034450086154e-09,299051,0.000741749503327144,"","",0.058323953312203
"chr6",32097116,32097147,2,-15.5086594610448,2.60621214366296,-15.5086594610448,2.60621214366296,-5.95065121569414,2.67077687511622e-09,299051,0.000798698495280381,"ATF6B;FKBPL","TSS1500;Body",-0.00790191382744576
"chr11",420266,420681,2,-13.238364683127,2.23604680927827,-13.238364683127,2.23604680927827,-5.92043271553872,3.21095644071887e-09,299051,0.000960239734553418,"ANO9","Body",-0.0275511572281
"chr2",636937,637432,2,-13.7007045896092,2.31955858851543,-13.7007045896092,2.31955858851543,-5.90659992700509,3.49240492105766e-09,299051,0.00104440718404722,"","",-0.0102458404642967
"chr19",57630340,57630536,4,-11.7359793500818,1.99028575724977,-11.7359793500818,1.99028575724977,-5.89663032422984,3.70999757918492e-09,299051,0.00110947848605283,"USP29","TSS1500",-0.00171205273322447
"chr8",23563146,23563572,2,-13.4185955659767,2.28290622525077,-13.4185955659767,2.28290622525077,-5.87785666251041,4.15612547506786e-09,299051,0.00124289347944452,"NKX2-6","Body",-0.0163640497792172
"chr11",115860954,115861018,3,-10.3907806011344,1.78411051198115,-10.3907806011344,1.78411051198115,-5.82406780933994,5.74322557040079e-09,299051,0.00171751735005393,"","",0.0160912104970254
"chr8",56757013,56757179,2,-14.1534959524313,2.43178247034287,-14.1534959524313,2.43178247034287,-5.82021464709206,5.87721015710309e-09,299051,0.00175758557469184,"","",-0.0240371224762714
"chr6",28226885,28227091,6,-11.6793737078797,2.01945288750126,-11.6793737078797,2.01945288750126,-5.78343460259229,7.31906490576705e-09,299051,0.00218877367913454,"NKAPL","TSS200;TSS1500",0.00425445277832698
"chr17",7758581,7758692,4,-7.28586704835253,1.26118428627805,-7.28586704835253,1.26118428627805,-5.7770043027211,7.60423420497732e-09,299051,0.00227405384323267,"TMEM88","Body;1stExon",0.00191440458412062
"chr19",46526483,46526675,4,-11.4618076485437,1.98956043740453,-11.4618076485437,1.98956043740453,-5.7609748530666,8.36295004256149e-09,299051,0.00250094857317805,"PGLYRP1","TSS1500;TSS200",-0.0357130056356844
"chr11",368440,368565,3,-6.16498144949314,1.07718640912305,-6.16498144949314,1.07718640912305,-5.72322617262888,1.04519970594982e-08,299051,0.00312568017264,"B4GALNT4","TSS1500",-0.0508207831254812
"chr3",142666108,142666476,4,-7.33525897468181,1.28479157214475,-7.33525897468181,1.28479157214475,-5.7092987950075,1.13442579790331e-08,299051,0.00339251169288784,"","",-0.0141129419422078
"chr17",48912483,48912764,8,-8.54309196416052,1.52123905910022,-8.54309196416052,1.52123905910022,-5.61587734225911,1.95567360604796e-08,299051,0.00584846147562247,"WFIKKN2","TSS200;1stExon;5'UTR",-0.00657756512118711
"chr1",205291028,205291215,2,-13.1955738570152,2.35891717425318,-13.1955738570152,2.35891717425318,-5.59391147813101,2.22010179276605e-08,299051,0.00663923661228479,"NUAK2","TSS200;TSS1500",-0.00903722804543059
"chr11",94278324,94278595,7,-9.26516213043881,1.65780442651562,-9.26516213043881,1.65780442651562,-5.58881493030657,2.28624447874112e-08,299051,0.00683703697612012,"FUT4","1stExon",0.00700209333443689
"chr2",95664233,95664359,3,-16.3710441947279,2.93432552845789,-16.3710441947279,2.93432552845789,-5.57915065522111,2.4169583872407e-08,299051,0.00722793822662719,"","",-0.0144269045989754
"chr3",182816873,182817584,8,-20.923535528036,3.7530699764681,-20.923535528036,3.7530699764681,-5.57504540528884,2.47465312313098e-08,299051,0.00740047491125444,"MCCC1","1stExon;5'UTR;TSS200;Body;TSS1500",-0.0136180782007925
"chr2",32264720,32265058,2,-19.6448587411377,3.52709752541072,-19.6448587411377,3.52709752541072,-5.56969536555417,2.55185110866801e-08,299051,0.00763133625898278,"DPY30","5'UTR;1stExon;TSS1500",-0.00226881293993435
"chr22",30476089,30476254,4,-11.457729848875,2.05876428345669,-11.457729848875,2.05876428345669,-5.56534322114688,2.6163692351714e-08,299051,0.00782427836147244,"HORMAD2","TSS1500;TSS200",0.00144174378190485
"chr13",22615049,22615145,3,-18.2332567197982,3.28358016383104,-18.2332567197982,3.28358016383104,-5.55285871215796,2.81035221086707e-08,299051,0.00840438639012008,"","",-0.0087127118755691
"chr5",148442857,148442890,2,9.42027593193129,1.70031905417835,9.42027593193129,1.70031905417835,5.54029898611204,3.01955663967388e-08,299051,0.00903001432651115,"SH3TC2","TSS200",-0.0218862274395051
"chr1",19992564,19992771,2,-7.42382654250262,1.34001853456179,-7.42382654250262,1.34001853456179,-5.5400924323262,3.02312038040179e-08,299051,0.00904067172879536,"HTR6","1stExon",-0.0308269709875483
"chr15",42349694,42349787,2,-11.9225164725384,2.15458167548411,-11.9225164725384,2.15458167548411,-5.53356440751292,3.13787682304859e-08,299051,0.00938385201809505,"","",-0.05608304353463
"chr21",46340905,46341006,2,5.26029690864477,0.954523436060146,5.26029690864477,0.954523436060146,5.51091435780453,3.56974393557182e-08,299051,0.0106753549367669,"ITGB2","5'UTR;1stExon;TSS200",-0.0182325213469918
"chr1",2005489,2005560,2,17.1923055366262,3.12035551323836,17.1923055366262,3.12035551323836,5.50972652432916,3.59391621442953e-08,299051,0.0107476423784136,"PRKCZ","Body;5'UTR",0.0118744979230743
"chr17",8301118,8301192,4,-16.0718300938689,2.96442763179723,-16.0718300938689,2.96442763179723,-5.42156263876311,5.90802874174674e-08,299051,0.0176680190324811,"RNF222","TSS200;1stExon;5'UTR",-0.0149758153249992
"chr6",29723301,29723315,2,12.7577005192991,2.35979750454513,12.7577005192991,2.35979750454513,5.40626917976096,6.43510632507894e-08,299051,0.0192442498162118,"","",-0.0193009156401783
"chr5",1405588,1405774,2,-18.7246160247761,3.50761228362087,-18.7246160247761,3.50761228362087,-5.33827986411512,9.38325430627146e-08,299051,0.0280607158354479,"SLC6A3","Body",-0.0114702225537903
"chr12",104697532,104697620,3,-35.9007509535484,6.72855235854387,-35.9007509535484,6.72855235854387,-5.33558320430722,9.52379435845991e-08,299051,0.028481002266918,"TXNRD1;EID3","5'UTR;Body;TSS200;1stExon",-0.0191761307127683
"chr1",211652549,211652688,2,-6.79436663742889,1.27919183239751,-6.79436663742889,1.27919183239751,-5.31145248535133,1.08754927644334e-07,299051,0.0325232698669657,"RD3","Body",-0.0309751592565217
"chr21",46306688,46306700,2,-17.241697089201,3.25253892218788,-17.241697089201,3.25253892218788,-5.30099639133697,1.15172365698687e-07,299051,0.0344424111345581,"ITGB2","Body",-0.00464852242736447
"chr17",42402962,42403152,2,-9.98501538487936,1.88604498159514,-9.98501538487936,1.88604498159514,-5.29415548532382,1.19567669915215e-07,299051,0.0357568312558149,"SLC25A39","TSS1500",-0.0131151826398379
"chr18",77376639,77377589,5,-14.7230066216454,2.78494527218628,-14.7230066216454,2.78494527218628,-5.28664127395485,1.24582608962527e-07,299051,0.0372565537928526,"","",-0.0347897377532235
"chr12",132976722,132977140,4,-7.21508586027035,1.365373018366,-7.21508586027035,1.365373018366,-5.28433311865569,1.26163496413644e-07,299051,0.0377293197659965,"","",-0.041847836170729
"chr6",26272355,26272695,2,-33.4332856547581,6.33974633189897,-33.4332856547581,6.33974633189897,-5.2735999051785,1.33773376751332e-07,299051,0.0400050620908626,"HIST1H3G;HIST1H2BI","TSS1500",-0.00478974329000208
"chr6",33422816,33423156,10,-6.42420248611191,1.22050584488028,-6.42420248611191,1.22050584488028,-5.26355732998726,1.41294420273825e-07,299051,0.0422542376773075,"ZBTB9","Body;5'UTR",0.00696266374036
"chr20",57426950,57427472,18,-3.41610192446184,0.652009107319005,-3.41610192446184,0.652009107319005,-5.23934694487398,1.61145831556937e-07,299051,0.0481908220729335,"GNAS;GNASAS","TSS1500;3'UTR",-0.0130827678406865
"chr13",113784263,113784663,3,-12.4186700041395,2.38355559037226,-12.4186700041395,2.38355559037226,-5.21014490045938,1.88693203617142e-07,299051,0.05642889123491,"F10","Body",-0.0220588570343067
"chr18",74728979,74729021,2,9.4105882221319,1.80912762994112,9.4105882221319,1.80912762994112,5.20172710116543,1.97445007821666e-07,299051,0.0590461270340772,"MBP","5'UTR;1stExon;Body",-0.0369970004625486
"chr2",20211771,20211868,2,-12.0870996915339,2.32507948170051,-12.0870996915339,2.32507948170051,-5.19857483869481,2.00822269990219e-07,299051,0.060056100662845,"MATN3","Body",-0.0255782755162154
"chr15",70364327,70364359,2,-21.7320478038539,4.18886905092579,-21.7320478038539,4.18886905092579,-5.18804659196755,2.12511441053233e-07,299051,0.0635517589584104,"TLE3","Body",-0.0142605857964441
"chr1",17746491,17746510,2,-15.3226178811849,2.95623467692306,-15.3226178811849,2.95623467692306,-5.18315342174835,2.18165432342764e-07,299051,0.0652425907075359,"RCC2","Body",0.015721358661578
"chr3",133464463,133464651,2,8.44519276867987,1.63332943838955,8.44519276867987,1.63332943838955,5.17053851487961,2.33420356966086e-07,299051,0.069804591171065,"TF","TSS1500",-0.0267158281678332
"chr7",2742274,2742325,2,6.53444637905614,1.26526340372267,6.53444637905614,1.26526340372267,5.16449488685946,2.41089066807712e-07,299051,0.0720979265179132,"AMZ1","Body",-0.0502789984921123
"chr11",368588,368712,5,-7.9578625946978,1.54290575279393,-7.9578625946978,1.54290575279393,-5.15771140284331,2.49986531407803e-07,299051,0.0747587222040349,"B4GALNT4","TSS1500",-0.0388919284901713
"chr17",76976091,76976352,4,5.40642104691928,1.05087524221251,5.40642104691928,1.05087524221251,5.14468400220049,2.67971489727495e-07,299051,0.0801371419744971,"LGALS3BP","TSS200;TSS1500",-0.0404723186202889
"chr14",23846479,23846906,2,4.53654768421789,0.882517929685322,4.53654768421789,0.882517929685322,5.1404595097977,2.74067381755471e-07,299051,0.0819601245813555,"CMTM5","1stExon;Body",-0.0373426202847164
"chr3",121902497,121902561,4,-9.06391182909147,1.76713604752675,-9.06391182909147,1.76713604752675,-5.12915337886812,2.9104813999201e-07,299051,0.0870382373127507,"CASR","TSS200;5'UTR;1stExon",-0.0293941407340913
"chr12",133757909,133758001,2,-20.8408612101906,4.07746060110922,-20.8408612101906,4.07746060110922,-5.11123545976658,3.20058770560926e-07,299051,0.0957138953950156,"ZNF268","TSS200;1stExon;5'UTR",-0.00207859924798987
"chr12",9217688,9217859,4,-12.990290456699,2.58563296618449,-12.990290456699,2.58563296618449,-5.02402724075266,5.05990554891112e-07,299051,0.151316981430742,"LOC144571","Body;TSS200",-0.063276965217116
"chr11",614761,614787,2,-12.3695604094876,2.46404262667287,-12.3695604094876,2.46404262667287,-5.02002695715938,5.16642287021889e-07,299051,0.154502392576183,"IRF7","Body",-0.0318245455020105
"chr11",368847,368900,2,-19.9628779515837,3.97894335917797,-19.9628779515837,3.97894335917797,-5.01713046644321,5.244895234553e-07,299051,0.156849116478831,"B4GALNT4","TSS1500",-0.019716475208667
"chr7",154862548,154862969,3,-11.9922562840382,2.39254688295751,-11.9922562840382,2.39254688295751,-5.0123390974952,5.37723347771359e-07,299051,0.160806704874373,"HTR5A","1stExon;5'UTR",-0.00746214513549223
"chr1",42618970,42619118,3,-15.9020827324993,3.18144045630745,-15.9020827324993,3.18144045630745,-4.9983908078406,5.78107277480382e-07,299051,0.172883559437786,"GUCA2B","1stExon;5'UTR;TSS200",-0.00682109902628373
"chr13",97646731,97646736,2,-19.0081946152946,3.84135201264731,-19.0081946152946,3.84135201264731,-4.94830844783602,7.48612122605261e-07,299051,0.223873203877226,"OXGR1","TSS200",-0.0401365800264733
"chr5",102898463,102898648,3,-31.8327377320925,6.44509292101288,-31.8327377320925,6.44509292101288,-4.93906575470905,7.84977416933016e-07,299051,0.234748281511235,"NUDT12","5'UTR;1stExon;TSS200",-0.0588684064467102
"chr7",95026121,95026181,2,-9.75154140692512,1.97617215906166,-9.75154140692512,1.97617215906166,-4.93456066679709,8.03313741405792e-07,299051,0.240231777681143,"PON3","TSS1500",0.00145668622483019
"chr17",9862752,9862763,2,-9.51669140443317,1.93836316050003,-9.51669140443317,1.93836316050003,-4.90965346348112,9.12374765169043e-07,299051,0.272846585898567,"GAS7","Body;5'UTR;1stExon",0.0218542220446294
"chr19",17392298,17392384,3,-10.0426513096373,2.04651879762956,-10.0426513096373,2.04651879762956,-4.90718742543167,9.23917338877293e-07,299051,0.276298404108593,"ANKLE1","TSS200",-0.00440018215418056
"chr17",74011063,74011254,3,-7.92562609330254,1.61941480699588,-7.92562609330254,1.61941480699588,-4.89412969367935,9.87417089999303e-07,299051,0.295288068181382,"EVPL","Body",-0.0445792563721225
"chr6",26273193,26273556,3,-13.8622897539629,2.84864503354536,-13.8622897539629,2.84864503354536,-4.86627487479905,1.13721326050729e-06,299051,0.340084762767966,"HIST1H2BI","TSS200;1stExon",-0.000887787903752944
"chr10",14050455,14050479,2,13.5932716766704,2.8034705838329,13.5932716766704,2.8034705838329,4.84872991179585,1.24254461551756e-06,299051,0.371584209815141,"FRMD4A","Body",0.0164794282352299
"chr19",345306,345312,2,-9.48173864283797,1.95825528657487,-9.48173864283797,1.95825528657487,-4.84193185017375,1.28582867081031e-06,299051,0.384528349834494,"MIER2","TSS1500",-0.00656734241575667
"chr17",19436770,19436881,2,-9.50280608614404,1.96334799948566,-9.50280608614404,1.96334799948566,-4.84010276763646,1.29772003615673e-06,299051,0.388084474532708,"SLC47A1","TSS1500",-0.0425008650644843
"chr6",30071503,30071572,2,-14.1304571739909,2.92963750955303,-14.1304571739909,2.92963750955303,-4.82327835027849,1.41217680060431e-06,299051,0.42231288439752,"TRIM31","Body",-0.00628388244997077
"chr6",24357985,24358683,9,-7.28023550550877,1.51045146039206,-7.28023550550877,1.51045146039206,-4.8199069592207,1.43625188139656e-06,299051,0.429512561383523,"KAAG1;DCDC2","1stExon;5'UTR;3'UTR;TSS200;TSS1500",-0.0113724347520712
"chr19",8808334,8809175,5,-10.3956577219156,2.15705685868388,-10.3956577219156,2.15705685868388,-4.81937120946291,1.44011382632011e-06,299051,0.430667479874854,"ACTL9","TSS200;1stExon;5'UTR",-0.0394459566400596
"chr5",1849983,1850140,2,-11.2889134036454,2.35602251911757,-11.2889134036454,2.35602251911757,-4.791513371389,1.65527986622229e-06,299051,0.495013099273641,"","",-0.114181119604796
"chr4",113300580,113300650,2,17.9614370954016,3.74868203684909,17.9614370954016,3.74868203684909,4.7914005292641,1.65621125714128e-06,299051,0.495291632659356,"ALPK1","Body",0.0179380388342864
"chr6",33248248,33248629,5,-8.68756433050414,1.81805201724046,-8.68756433050414,1.81805201724046,-4.77850152147496,1.76606427060782e-06,299051,0.528143286189539,"WDR46","Body",-0.0101101269066632
"chr14",61748336,61748354,2,-9.06273508583354,1.89849754498715,-9.06273508583354,1.89849754498715,-4.77363539908865,1.80929809457753e-06,299051,0.541072404481506,"TMEM30B","1stExon;5'UTR",0.00394566299479164
"chr6",129251071,129251318,2,-9.97956955052362,2.09964662201063,-9.97956955052362,2.09964662201063,-4.75297578454757,2.00444362982703e-06,299051,0.599430871943403,"LAMA2","Body",-0.00772939386038041
"chr20",62687986,62688896,9,-7.13058339762104,1.50130643821697,-7.13058339762104,1.50130643821697,-4.74958557167696,2.03833933140919e-06,299051,0.60956741539725,"TCEA2","1stExon;5'UTR;TSS1500;TSS200",-0.0150171622130123
"chr5",14581620,14581651,3,-22.2882109744284,4.69663276972124,-22.2882109744284,4.69663276972124,-4.74557242757374,2.07917498165256e-06,299051,0.62177935743818,"FAM105A","TSS1500",-0.00415160721661615
"chr12",213776,214224,4,-7.15459750692347,1.51482735986223,-7.15459750692347,1.51482735986223,-4.72304481454188,2.32339626166272e-06,299051,0.694813975446498,"IQSEC3","Body;5'UTR",-0.0333526015997699
"chr6",31846769,31846996,6,-9.87544282214993,2.0922696537683,-9.87544282214993,2.0922696537683,-4.71996657044837,2.35883405803695e-06,299051,0.705411683890007,"SLC44A4","5'UTR;1stExon;TSS200",-0.0292153537093418
"chr16",3931286,3931489,2,-15.2263046469788,3.22635026477622,-15.2263046469788,3.22635026477622,-4.71935884123074,2.36589152106397e-06,299051,0.7075222252657,"CREBBP","TSS1500",-0.00528438901968381
"chr5",37952447,37952644,3,-19.267719738023,4.09676840409977,-19.267719738023,4.09676840409977,-4.70315083438476,2.56177020234254e-06,299051,0.766099940780738,"","",-0.0162218560273873
"chr3",113160554,113160623,2,-13.66147499138,2.90771677112462,-13.66147499138,2.90771677112462,-4.69835134117832,2.62269982004223e-06,299051,0.784321003883449,"WDR52","TSS1500;TSS200",0.000601877874047724
"chr5",98175255,98175367,2,-11.2904198011146,2.41118789513981,-11.2904198011146,2.41118789513981,-4.68251347141902,2.83378557896107e-06,299051,0.847446411173887,"","",-0.0755968919680034
"chr17",65242711,65243119,4,-13.1578491844025,2.81137800177268,-13.1578491844025,2.81137800177268,-4.68021346688561,2.8657637317473e-06,299051,0.857009509742762,"HELZ","TSS1500",-0.00156627618991573
"chr1",109633088,109633189,2,-16.439413773418,3.54142243823158,-16.439413773418,3.54142243823158,-4.64203693858874,3.44991164905679e-06,299051,1,"TMEM167B","TSS1500",0.000352474749191881
"chr6",5087604,5087749,2,-10.5267209587605,2.26971049281331,-10.5267209587605,2.26971049281331,-4.63791351015547,3.51943993551061e-06,299051,1,"","",-0.0214046386626104
"chr12",122458893,122458940,2,-12.2826876593915,2.65072552889929,-12.2826876593915,2.65072552889929,-4.6337078379035,3.59173805754918e-06,299051,1,"BCL7A","TSS1500",-0.00531424614048609
"chr2",197036640,197036780,4,-34.7327139199928,7.5023673904353,-34.7327139199928,7.5023673904353,-4.62956719025427,3.66430815799266e-06,299051,1,"STK17B","TSS1500",-0.0062778980900956
"chr19",52264411,52264413,2,-7.49114240694311,1.62002157542021,-7.49114240694311,1.62002157542021,-4.62410039508272,3.76227623668342e-06,299051,1,"FPR2","TSS200",0.0282255162808964
"chr5",1850655,1850661,2,-14.1270550246703,3.07061628313,-14.1270550246703,3.07061628313,-4.60072302172189,4.21026965230965e-06,299051,1,"","",-0.0616296470119101
"chr19",40720005,40720114,2,-9.82841760716552,2.14355509089313,-9.82841760716552,2.14355509089313,-4.5851014741452,4.53766003081188e-06,299051,1,"MAP3K10","Body",0.00746329677750901
"chr5",180511822,180512070,2,-11.668513715404,2.54543620519779,-11.668513715404,2.54543620519779,-4.58409198846815,4.55963485474693e-06,299051,1,"","",-0.00456284481922359
"chr17",79495320,79495324,2,-7.70618678763549,1.68437332885903,-7.70618678763549,1.68437332885903,-4.57510615705104,4.75978576159473e-06,299051,1,"FSCN2","TSS200",-0.024308858435465
"chr13",91826906,91827042,3,-6.38413845623337,1.39905455238331,-6.38413845623337,1.39905455238331,-4.56318050311754,5.03844606178285e-06,299051,1,"","",0.0119556609413776
"chr1",15573525,15573621,4,-10.2673146856575,2.25759782290984,-10.2673146856575,2.25759782290984,-4.54789359799428,5.41855169989747e-06,299051,1,"FHAD1","TSS1500;TSS200",-0.0225250290057546
"chr8",144810034,144810339,2,-13.0202054987486,2.86597992452827,-13.0202054987486,2.86597992452827,-4.54302048221487,5.54538610395544e-06,299051,1,"FAM83H","Body",-0.0922412268679827
"chr3",184971652,184971699,2,-23.6486246601311,5.2131583088041,-23.6486246601311,5.2131583088041,-4.53633349675814,5.72406410744828e-06,299051,1,"EHHADH","5'UTR;Body;1stExon",-0.00980293426031672
"chr1",25228582,25228801,3,-16.0407764068037,3.54188064915596,-16.0407764068037,3.54188064915596,-4.52888676828403,5.92952626363147e-06,299051,1,"RUNX3","3'UTR;Body",-0.0032512341630162
"chr16",1591503,1591768,2,-20.1253666320152,4.44594731213557,-20.1253666320152,4.44594731213557,-4.52667681802739,5.99184668714864e-06,299051,1,"IFT140;TMEM204","Body",-0.00821774731956693
"chr1",175161787,175162347,8,5.29269793145889,1.17106159448369,5.29269793145889,1.17106159448369,4.51957263084219,6.19645875667127e-06,299051,1,"KIAA0040","TSS200;TSS1500;1stExon;5'UTR",0.00344298077347801
"chr10",125751941,125751983,2,-10.958603631523,2.42576385569089,-10.958603631523,2.42576385569089,-4.51758880231225,6.25477992508511e-06,299051,1,"","",-0.0678249280542865
"chr15",89786496,89786761,3,-10.0439476780854,2.24031662426615,-10.0439476780854,2.24031662426615,-4.48327150247141,7.35073072095502e-06,299051,1,"FANCI","TSS1500",-0.00323823292032771
"chr19",853145,853540,3,-13.0548774950156,2.91266812562986,-13.0548774950156,2.91266812562986,-4.48210263989224,7.39111779258681e-06,299051,1,"ELANE","Body",-0.0555264709690774
"chr8",8749074,8749494,4,-6.63319768201549,1.48009472012959,-6.63319768201549,1.48009472012959,-4.48160350266956,7.40842878503744e-06,299051,1,"MFHAS1","1stExon",-0.0244360011812827
"chr6",31691442,31691481,2,-8.82727356828625,1.97076666923966,-8.82727356828625,1.97076666923966,-4.47910638335074,7.49561722459986e-06,299051,1,"C6orf25","Body",-0.0257759810641193
"chr1",32936780,32936861,2,-8.1235629140166,1.81503877403635,-8.1235629140166,1.81503877403635,-4.47569662434875,7.61625686626336e-06,299051,1,"ZBTB8B","Body",0.00101744671974247
"chr7",155142689,155142741,2,-30.2573336524476,6.80150039950571,-30.2573336524476,6.80150039950571,-4.44862631407719,8.6421220398717e-06,299051,1,"","",-0.00777509848509134
"chr1",46088541,46089024,2,-8.57992272671254,1.92919853130945,-8.57992272671254,1.92919853130945,-4.44740268430998,8.69148130765505e-06,299051,1,"CCDC17","Body",-0.00369561295064919
"chr19",1503341,1503812,4,-16.2715627142803,3.66300862214785,-16.2715627142803,3.66300862214785,-4.44213060703617,8.9072463640909e-06,299051,1,"","",-0.0145541715448732
"chr14",105965156,105965186,2,8.22517549525948,1.86211850683095,8.22517549525948,1.86211850683095,4.41710635767082,1.00031016264254e-05,299051,1,"C14orf80","Body",-0.0219704845669956
"chr11",2293048,2293173,6,-5.83063025009929,1.32148244912908,-5.83063025009929,1.32148244912908,-4.41218894276044,1.0233075075552e-05,299051,1,"ASCL2","TSS1500",-0.0256008451171413
"chr17",40936767,40936820,2,10.2021233894166,2.31804548795281,10.2021233894166,2.31804548795281,4.40117480111516,1.07666341500032e-05,299051,1,"WNK4","Body",0.0556643330247446
"chr17",78800574,78800631,2,-8.47580748311277,1.92710051895068,-8.47580748311277,1.92710051895068,-4.39821763305212,1.09143506014801e-05,299051,1,"RPTOR","Body",-0.00928800577927963
"chr11",60414767,60414918,2,-11.2207901057302,2.55204714951688,-11.2207901057302,2.55204714951688,-4.39678009391575,1.09868555906595e-05,299051,1,"C11orf64","Body",-0.00111779990443456
"chr1",2004968,2005180,3,24.3820261565345,5.56607743858836,24.3820261565345,5.56607743858836,4.38046836853175,1.18424483442841e-05,299051,1,"PRKCZ","1stExon;Body;5'UTR;TSS200",0.0250473074310758
"chr17",17465224,17465242,2,-9.41828206106627,2.15468286718167,-9.41828206106627,2.15468286718167,-4.37107576456735,1.23635879117655e-05,299051,1,"PEMT","Body",-0.0292936247193405
"chr19",2289682,2290107,5,-6.94572426963062,1.59064304348814,-6.94572426963062,1.59064304348814,-4.36661405465256,1.26187409121693e-05,299051,1,"LINGO3","Body;3'UTR",-0.00141092974637141
"chr5",171094783,171095024,4,-6.42413647736026,1.47384852072081,-6.42413647736026,1.47384852072081,-4.35874948276124,1.30807745390005e-05,299051,1,"","",-0.0207411530844687
"chr11",17760574,17760602,2,15.7303644099008,3.62410593377688,15.7303644099008,3.62410593377688,4.34048140350778,1.42170900947052e-05,299051,1,"KCNC1","Body",0.0426297659701509
"chr12",101988604,101988803,3,11.4226102249507,2.63545672738237,11.4226102249507,2.63545672738237,4.33420518966216,1.46287682683591e-05,299051,1,"MYBPC1","5'UTR;1stExon;TSS200",0.0166488208638942
"chr11",6342214,6342231,2,-14.4109586708343,3.32980265724469,-14.4109586708343,3.32980265724469,-4.32787169518295,1.50557127668579e-05,299051,1,"PRKCDBP","TSS1500",-0.0245500892927987
"chr14",21423837,21424117,2,-13.7278340487592,3.17405054504808,-13.7278340487592,3.17405054504808,-4.32502061763836,1.52517596916559e-05,299051,1,"RNASE2","5'UTR;Body",-0.0181901311907748
"chr2",240983080,240983326,2,-16.3272547493232,3.78995566722828,-16.3272547493232,3.78995566722828,-4.30803317582441,1.64712683679775e-05,299051,1,"PRR21","TSS1500",-0.00495315564063548
"chr12",51236634,51236638,2,-10.5140244872305,2.44312011956666,-10.5140244872305,2.44312011956666,-4.30352335238243,1.68103120124679e-05,299051,1,"TMPRSS12","TSS200",-0.000394059984351824
"chr3",195934057,195934213,2,-8.42433078561282,1.96192513740759,-8.42433078561282,1.96192513740759,-4.29391041736913,1.75553332054499e-05,299051,1,"ZDHHC19","Body",-0.0114566282471686
"chr6",133561898,133562101,6,-7.29934880112791,1.70319139805141,-7.29934880112791,1.70319139805141,-4.28568909488326,1.82173615177765e-05,299051,1,"EYA4","TSS1500",-0.00116742238865373
"chr4",187026278,187026710,2,-20.8015647500589,4.86417426145184,-20.8015647500589,4.86417426145184,-4.27648427707648,1.89867959893897e-05,299051,1,"","",0.00277022066766361
"chr2",170624727,170624998,2,-6.73505242232055,1.57729186922398,-6.73505242232055,1.57729186922398,-4.2700102331943,1.95463998998591e-05,299051,1,"","",-0.0191245198633663
"chr8",87081770,87082045,6,-7.65911531205567,1.79396368807044,-7.65911531205567,1.79396368807044,-4.26938146127903,1.96015788461268e-05,299051,1,"PSKH2","TSS200;1stExon",-0.010441827540679
"chr12",104697631,104697983,2,-12.0913378599276,2.83418043863849,-12.0913378599276,2.83418043863849,-4.2662554913886,1.98781127802067e-05,299051,1,"EID3;TXNRD1","1stExon;5'UTR;Body",-0.0170141574561762
"chr2",87035698,87035982,4,-7.76986469260738,1.82259192076005,-7.76986469260738,1.82259192076005,-4.26308522720063,2.01623572538899e-05,299051,1,"CD8A","TSS200;TSS1500",-0.00609800443674494
"chr6",31795181,31795678,7,-23.8178982056312,5.59281836144222,-23.8178982056312,5.59281836144222,-4.25865756160357,2.05658236447898e-05,299051,1,"HSPA1B","1stExon;5'UTR;TSS1500",-0.0157371977527047
"chr11",119294322,119294414,3,13.737432044204,3.24026796822668,13.737432044204,3.24026796822668,4.23959752060944,2.23920900877368e-05,299051,1,"THY1","TSS200",0.0361220898680712
"chr12",121164025,121164278,3,-7.57822755597911,1.78835763157163,-7.57822755597911,1.78835763157163,-4.23753472023338,2.25987480974814e-05,299051,1,"ACADS","Body",-0.0150527087904573
"chr6",43655470,43655489,2,-31.125185536966,7.34719273132051,-31.125185536966,7.34719273132051,-4.23633715286681,2.27195557289374e-05,299051,1,"MRPS18A","1stExon",-0.0921037205293173
"chr11",65779263,65779667,4,-9.44079353707737,2.22898885635637,-9.44079353707737,2.22898885635637,-4.23546017745007,2.28084124040286e-05,299051,1,"CST6","1stExon;TSS200",-0.00350926263908438
"chr19",38886554,38886658,2,-14.8254452969822,3.50094044565772,-14.8254452969822,3.50094044565772,-4.23470365380549,2.28853303104042e-05,299051,1,"SPRED3","Body",-0.0347309802408511
"chr7",158342283,158342600,3,-5.89280102925101,1.39185990267556,-5.89280102925101,1.39185990267556,-4.23376017796284,2.2981602102215e-05,299051,1,"PTPRN2","Body",-0.00697539948890225
"chr6",5084517,5084855,2,-13.3063137316217,3.14474583447909,-13.3063137316217,3.14474583447909,-4.23128431739408,2.32360737120368e-05,299051,1,"PPP1R3G","TSS1500",-0.00251641870160993
"chr7",156735383,156735466,2,-27.6788849478754,6.56540953305167,-27.6788849478754,6.56540953305167,-4.21586571386507,2.48821798123604e-05,299051,1,"","",-0.0287693074625153
"chr16",3242737,3242850,2,-12.8765265902423,3.05516413749554,-12.8765265902423,3.05516413749554,-4.21467587689014,2.50137160726381e-05,299051,1,"","",-0.0568121653544819
"chr12",7280988,7281343,3,-13.4112181714491,3.18655537875235,-13.4112181714491,3.18655537875235,-4.20868824715047,2.56857487351533e-05,299051,1,"RBP5","1stExon;Body",0.00245071674855801
"chr16",22012565,22012743,3,-13.6547463675712,3.24486033371822,-13.6547463675712,3.24486033371822,-4.20811528486484,2.57509488570334e-05,299051,1,"C16orf65","TSS1500;TSS200",-0.00891182322494377
"chr4",184642694,184642917,2,-6.75640281141209,1.60695553688359,-6.75640281141209,1.60695553688359,-4.20447402329187,2.61689989547778e-05,299051,1,"","",-0.0441997313291414
"chr16",67918680,67918686,2,15.3584614768664,3.65859265278181,15.3584614768664,3.65859265278181,4.1979151369007,2.69383535156886e-05,299051,1,"NRN1L","TSS200",0.0234508862375825
"chr6",32047093,32047223,2,-11.9322290552398,2.84363699395921,-11.9322290552398,2.84363699395921,-4.19611542562838,2.71531903994053e-05,299051,1,"TNXB","Body",-0.0212603073710882
"chr5",140562218,140562236,2,-9.00198450167462,2.14703679035834,-9.00198450167462,2.14703679035834,-4.1927481364547,2.75595368339967e-05,299051,1,"PCDHB16","1stExon",0.00920847108635711
"chr7",155284331,155284448,3,-9.91230788440828,2.36516752428301,-9.91230788440828,2.36516752428301,-4.19095382573933,2.77784193326757e-05,299051,1,"","",-0.0332769791280411
"chr6",30079102,30079536,13,-9.30924800943134,2.22180711794298,-9.30924800943134,2.22180711794298,-4.18994427295298,2.79022971502854e-05,299051,1,"TRIM31","Body",-0.00909383681182766
"chr5",110062384,110062398,2,-14.555692863833,3.47520830603478,-14.555692863833,3.47520830603478,-4.18843752144489,2.80881614058534e-05,299051,1,"TMEM232","TSS200",-0.0304613259371539
"chr7",34118611,34118758,2,-15.7586002406127,3.77304605652299,-15.7586002406127,3.77304605652299,-4.17662546508507,2.95865581493699e-05,299051,1,"BMPER","Body",-0.0233475252664613
"chr8",31497829,31498256,2,-11.7518862384727,2.81803688235781,-11.7518862384727,2.81803688235781,-4.17023861967344,3.04280868115017e-05,299051,1,"NRG1","Body;1stExon",-0.00200520090879332
"chr4",142557391,142557614,4,-22.198921364873,5.33999369665244,-22.198921364873,5.33999369665244,-4.15710628624697,3.22304065020857e-05,299051,1,"IL15","TSS1500;TSS200",-0.00558143902402828
"chr12",131303247,131303621,4,-12.7297507629366,3.06234958492189,-12.7297507629366,3.06234958492189,-4.15685747493172,3.22655138211711e-05,299051,1,"STX2","Body",-0.00967169781073895
"chr8",2003835,2004050,4,-25.5975468379318,6.16021328808076,-25.5975468379318,6.16021328808076,-4.1553020392102,3.24858109201761e-05,299051,1,"MYOM2","Body",-0.0188995203060653
"chr19",22700397,22701260,3,-9.23562668589801,2.22345019676998,-9.23562668589801,2.22345019676998,-4.15373670132781,3.27089526136433e-05,299051,1,"","",-0.00332894933361694
"chr6",29760447,29760495,2,-17.1046210634292,4.12082635046163,-17.1046210634292,4.12082635046163,-4.15077453130562,3.31352059717675e-05,299051,1,"HCG4","Body",0.00737588713706464
"chr7",44614305,44614451,2,6.68074571295457,1.61018845147581,6.68074571295457,1.61018845147581,4.14904585039806,3.33863941985478e-05,299051,1,"DDX56","TSS200;TSS1500",0.0279035470998129
"chr15",90319420,90319680,5,-9.44371931781551,2.2775020013166,-9.44371931781551,2.2775020013166,-4.14652514568864,3.37559123026692e-05,299051,1,"MESP2","TSS200;1stExon",-0.0060764872469014
"chr2",233215546,233216150,3,-12.5052495602943,3.01970218680314,-12.5052495602943,3.01970218680314,-4.14121949341407,3.45464173108025e-05,299051,1,"","",-0.039116652858861
"chr15",91474456,91474889,2,-10.3877499103327,2.51339734397917,-10.3877499103327,2.51339734397917,-4.1329517337227,3.58133955355367e-05,299051,1,"HDDC3;UNC45A","Body;5'UTR;3'UTR",-0.00835156526580688
"chr6",32904889,32905114,4,-11.2073528551689,2.71547986992842,-11.2073528551689,2.71547986992842,-4.12720896195203,3.67192706116303e-05,299051,1,"HLA-DMB","Body",0.0133909203792268
"chr21",45705686,45706101,9,-8.47603862922837,2.05612122712921,-8.47603862922837,2.05612122712921,-4.12234381776349,3.7503687966074e-05,299051,1,"AIRE","1stExon;TSS200;Body",-0.0304832554260477
"chr6",40567376,40567553,2,-7.10654118522101,1.7269820808368,-7.10654118522101,1.7269820808368,-4.11500574561699,3.87169770479952e-05,299051,1,"","",-0.0719100170285829
"chr3",42265667,42265749,2,-21.5846567944774,5.25676193203435,-21.5846567944774,5.25676193203435,-4.10607462798381,4.02439510286674e-05,299051,1,"TRAK1","3'UTR",-0.00194092504057686
"chr3",196705884,196705898,2,-8.45370635627749,2.0614588851468,-8.45370635627749,2.0614588851468,-4.10083675070506,4.11658902770443e-05,299051,1,"","",-0.0296492512582448
"chr19",35791192,35791237,3,-12.3722214092127,3.02218755436604,-12.3722214092127,3.02218755436604,-4.09379669085693,4.24366450660332e-05,299051,1,"MAG","Body",-0.0223303271311823
"chr17",1553585,1553661,3,-14.3881948546253,3.5270555403692,-14.3881948546253,3.5270555403692,-4.07937858929184,4.51562458866914e-05,299051,1,"RILP","TSS200;TSS1500",-0.00581722965265311
"chr6",166582188,166582464,5,-23.0467405553097,5.65527233903335,-23.0467405553097,5.65527233903335,-4.07526626016548,4.59617277632231e-05,299051,1,"T","TSS1500;TSS200",0.0045921948165592
"chr14",96180648,96180826,3,-7.93556566086856,1.94834091566517,-7.93556566086856,1.94834091566517,-4.07298619921418,4.64141756060588e-05,299051,1,"TCL1A","TSS200;TSS1500",-0.0146394022175957
"chr15",66998926,66998998,3,-21.1269152220334,5.19216834307605,-21.1269152220334,5.19216834307605,-4.06899657831914,4.72160406364089e-05,299051,1,"SMAD6","Body",-0.0132623813995663
"chr6",32847530,32847785,10,-6.13529984453602,1.50917771408895,-6.13529984453602,1.50917771408895,-4.06532629474966,4.79653079241469e-05,299051,1,"PPP1R2P1","Body",-0.00087140086794863
"chr21",22369310,22369485,2,-15.6273886800995,3.84465060149711,-15.6273886800995,3.84465060149711,-4.06470972265053,4.80922782915374e-05,299051,1,"NCAM2","TSS1500",0.0066282525247067
"chr2",175206474,175206966,3,-20.8106851036336,5.12240151564738,-20.8106851036336,5.12240151564738,-4.06268134976599,4.85122322557486e-05,299051,1,"","",0.000821579029588693
"chr3",62305213,62305226,2,-11.8940916167626,2.93032287342151,-11.8940916167626,2.93032287342151,-4.05896965301805,4.92897180224006e-05,299051,1,"C3orf14","TSS200",0.00944943938892856
"chr2",239037049,239037422,2,-13.1164002234685,3.24466139246858,-13.1164002234685,3.24466139246858,-4.04245578719368,5.28942884728929e-05,299051,1,"ESPNL","Body",-0.0279530126059157
"chr19",49699879,49699881,2,-8.83022350983538,2.18542473671167,-8.83022350983538,2.18542473671167,-4.04050680012066,5.33358184414104e-05,299051,1,"TRPM4","Body",-0.0208756771238819
"chr10",118976677,118976795,2,-20.4674682422811,5.06694118916206,-20.4674682422811,5.06694118916206,-4.03941302615866,5.35851331493453e-05,299051,1,"","",-0.0205354167819044
"chr6",28227127,28227220,2,-17.1188248164995,4.24027770304776,-17.1188248164995,4.24027770304776,-4.03719426305383,5.40942736763308e-05,299051,1,"NKAPL","5'UTR;1stExon",-0.00834967412327399
"chr1",42611386,42611670,3,-6.95910925573154,1.72557539320719,-6.95910925573154,1.72557539320719,-4.03292100891471,5.50878008371674e-05,299051,1,"","",-0.0389181487558043
"chr7",157550679,157551024,2,-13.4096309374935,3.3366178336499,-13.4096309374935,3.3366178336499,-4.01892922895061,5.84632265570545e-05,299051,1,"PTPRN2","Body",-0.024777132416416
"chr8",143781644,143781985,3,-9.12626436634836,2.27771861444836,-9.12626436634836,2.27771861444836,-4.00675672071927,6.1558210692936e-05,299051,1,"LY6K","1stExon;5'UTR",-0.0481837272848752
"chr2",241076131,241076441,9,-8.48762397515969,2.12385690961265,-8.48762397515969,2.12385690961265,-3.99632571137179,6.43332057629418e-05,299051,1,"MYEOV2","TSS1500",-0.0467286218669459
"chr18",74692214,74692235,2,8.61679094714851,2.16008905635746,8.61679094714851,2.16008905635746,3.9890905987362,6.63270872561853e-05,299051,1,"MBP","3'UTR",-0.0289918051443862
"chr7",154684433,154684493,2,-16.1173182416092,4.05359446339484,-16.1173182416092,4.05359446339484,-3.97605591460945,7.00676574938814e-05,299051,1,"DPP6","3'UTR",-0.00963264284748344
"chr3",138739916,138739922,2,-7.20368264103982,1.81873556760988,-7.20368264103982,1.81873556760988,-3.96081913683948,7.46930927917951e-05,299051,1,"PRR23B","TSS200",-0.0390370333766537
"chr16",54228169,54228323,2,-11.1724200265349,2.82304574983271,-11.1724200265349,2.82304574983271,-3.95757668015014,7.57139856500601e-05,299051,1,"","",-0.0468138796920114
"chr7",1015418,1015460,2,-10.1863362994648,2.57429103853016,-10.1863362994648,2.57429103853016,-3.95694820321513,7.59133831820588e-05,299051,1,"COX19","TSS1500;TSS200",-0.00572914698816035
"chr17",29624396,29624439,2,10.7638764987656,2.75051440947577,10.7638764987656,2.75051440947577,3.91340487498742,9.10037597230598e-05,299051,1,"NF1;OMG","Body;TSS200",0.0281082732210352
"chr10",94180551,94180753,3,-9.79151478110258,2.50266388922839,-9.79151478110258,2.50266388922839,-3.91243699293613,9.13693815718401e-05,299051,1,"","",-0.010232486135864
"chr8",143560651,143561039,3,-6.13045356302274,1.56751228823312,-6.13045356302274,1.56751228823312,-3.91094450043063,9.19358978579307e-05,299051,1,"BAI1","Body",-0.0246229129221875
"chr10",115860280,115860310,3,-11.7436811463458,3.0032768691855,-11.7436811463458,3.0032768691855,-3.91028921337204,9.21856765960208e-05,299051,1,"","",-0.0233386975802608
"chr22",22090796,22090804,2,-9.27184283598523,2.3716991114753,-9.27184283598523,2.3716991114753,-3.9093672511509,9.25381905746893e-05,299051,1,"YPEL1","TSS1500",-0.0190469575522059
"chr6",28781594,28781945,2,-14.0664584095608,3.59833337557338,-14.0664584095608,3.59833337557338,-3.9091593083199,9.26178736690892e-05,299051,1,"","",-0.0125601771616854
"chr1",227015456,227015727,2,-7.91628020940726,2.02721807624406,-7.91628020940726,2.02721807624406,-3.90499685365582,9.42266110291778e-05,299051,1,"","",-0.0249268589795078
"chr5",110062473,110062837,3,-11.1474050563228,2.85539046210803,-11.1474050563228,2.85539046210803,-3.90398623384527,9.4621165229342e-05,299051,1,"TMEM232","TSS1500;TSS200",-0.0393946736069646
"chr7",1518699,1519143,2,-13.3113458623941,3.40998024627781,-13.3113458623941,3.40998024627781,-3.90364310084324,9.47554815541248e-05,299051,1,"INTS1","Body",-0.0293456169624391
"chr1",247681242,247681297,2,-8.99835545999697,2.30704024998085,-8.99835545999697,2.30704024998085,-3.9003894535744,9.60380713232856e-05,299051,1,"","",-0.00639771395298366
"chr4",15704453,15704844,5,-7.72475450490985,1.98149997510768,-7.72475450490985,1.98149997510768,-3.89843785109817,9.68152411249537e-05,299051,1,"BST1","1stExon;5'UTR;TSS200",-0.0023290534583389
"chr16",74734230,74734251,2,-23.8730092582378,6.12428454242884,-23.8730092582378,6.12428454242884,-3.89808949810323,9.69545857914009e-05,299051,1,"MLKL","5'UTR",-0.0284825635858499
"chr12",39299364,39299511,3,-28.144590442129,7.24945104482493,-28.144590442129,7.24945104482493,-3.88230643508106,0.000103470372217438,299051,1,"CPNE8","5'UTR;1stExon;TSS200",-0.00406883385791628
"chr6",30068656,30068818,4,-35.4032142813725,9.11964069186206,-35.4032142813725,9.11964069186206,-3.88208433616959,0.000103564944674207,299051,1,"","",-0.00091086524296392
"chr11",36317254,36317889,3,3.70075589761566,0.953564202371805,3.70075589761566,0.953564202371805,3.88097192450256,0.000104039852126972,299051,1,"PRR5L","TSS200;TSS1500;5'UTR;1stExon",-0.0475236054774679
"chr6",33283000,33283055,4,-6.212763925161,1.60197288739496,-6.212763925161,1.60197288739496,-3.87819542643063,0.000105234168727573,299051,1,"ZBTB22;TAPBP","Body;TSS1500",0.00376684164216531
"chr12",69004196,69004270,2,-26.6858225308679,6.8886114412973,-26.6858225308679,6.8886114412973,-3.87390445204764,0.000107105419286513,299051,1,"RAP1B","TSS1500",-0.00355138494469489
"chr5",140529499,140529738,4,-11.9339195205411,3.08318544067483,-11.9339195205411,3.08318544067483,-3.87064604129975,0.000108547305173009,299051,1,"PCDHB6","TSS200;TSS1500",-0.00325510022988868
"chr17",29886885,29887049,3,-11.1128214022518,2.8773863601013,-11.1128214022518,2.8773863601013,-3.86212347300505,0.000112405727338471,299051,1,"MIR193A","TSS200;Body",0.00650878097131119
"chr5",78365801,78366076,2,-8.00216149516513,2.07306046236756,-8.00216149516513,2.07306046236756,-3.86007144529985,0.000113353877871478,299051,1,"BHMT2;DMGDH","Body;TSS1500",-0.00814385050698008
"chr16",1115517,1116106,3,-8.87929990915366,2.30030189760991,-8.87929990915366,2.30030189760991,-3.86005850726792,0.000113359879820788,299051,1,"LOC146336","Body",-0.0126971219614245
"chr11",102638494,102638669,2,-18.8145392354558,4.88068048169034,-18.8145392354558,4.88068048169034,-3.85490082910319,0.000115776551189745,299051,1,"","",-0.0294561582266119
"chr15",52405000,52405026,3,-9.77890201200576,2.53998740003269,-9.77890201200576,2.53998740003269,-3.84998052032852,0.000118127219323252,299051,1,"BCL2L10","TSS200",0.00255829587029424
"chr11",64135674,64135902,4,-12.1518004929952,3.16764278895407,-12.1518004929952,3.16764278895407,-3.83622816795187,0.000124938341033545,299051,1,"MIR1237;RPS6KA4","TSS1500;Body;TSS200",-0.00033081748832553
"chr13",113783975,113784082,2,-15.8406989634294,4.12954953668215,-15.8406989634294,4.12954953668215,-3.83593871988189,0.000125085596917768,299051,1,"F10","Body",-0.0172260106457177
"chr10",124578263,124578544,3,-10.9804902863424,2.86368920818366,-10.9804902863424,2.86368920818366,-3.8343861669636,0.000125878250053661,299051,1,"","",-0.00919963641791854
"chr12",33590837,33591336,2,-8.65409193793316,2.25787960504628,-8.65409193793316,2.25787960504628,-3.83284029785804,0.00012667219303068,299051,1,"SYT10","Body",0.0123480622842739
"chr6",32134567,32134970,13,-5.70481964570398,1.49128171802421,-5.70481964570398,1.49128171802421,-3.82544731605926,0.000130534849059809,299051,1,"EGFL8","Body",0.00529855250385002
"chr12",104609476,104609524,2,-20.4576818756152,5.35011633243919,-20.4576818756152,5.35011633243919,-3.82378262535617,0.000131419789447366,299051,1,"TXNRD1","TSS200",0.00198407857342001
"chr7",156741534,156741733,3,-11.1235450997138,2.91182240765533,-11.1235450997138,2.91182240765533,-3.82013170530919,0.000133380432289811,299051,1,"NOM1","TSS1500",-0.00917580495131021
"chr11",417246,417907,6,-5.08935522489739,1.33479774089678,-5.08935522489739,1.33479774089678,-3.81282876720943,0.000137385298287289,299051,1,"SIGIRR","TSS200;TSS1500;5'UTR",-0.00373188428117986
"chr16",88820993,88821118,2,-15.3772337633315,4.04172363083484,-15.3772337633315,4.04172363083484,-3.80462277183343,0.000142020458936782,299051,1,"FAM38A","Body",-0.0324000508254793
"chr12",56617730,56617737,2,-11.310074915727,2.97498567501126,-11.310074915727,2.97498567501126,-3.80172415979253,0.000143692652792197,299051,1,"OBFC2B","TSS1500",-0.0331241929580895
"chr11",281516,281888,3,-9.85962219675531,2.59681866159472,-9.85962219675531,2.59681866159472,-3.79680812625571,0.000146571148561267,299051,1,"NLRP6","Body",-0.0222946515704267
"chr19",12624466,12624565,2,-20.9241554306542,5.51406174700245,-20.9241554306542,5.51406174700245,-3.79469008340884,0.00014782799188138,299051,1,"ZNF709","1stExon;5'UTR",-0.012343608180727
"chr2",628881,629016,3,-17.015707574677,4.48826508221411,-17.015707574677,4.48826508221411,-3.79115476982544,0.000149948472211614,299051,1,"","",-0.0201194795135001
"chr11",381866,381875,2,-6.86868940270372,1.81288511624233,-6.86868940270372,1.81288511624233,-3.7888166995054,0.000151366542471445,299051,1,"B4GALNT4","3'UTR",-0.0213635150169867
"chr3",49236810,49236918,3,-10.5924022680953,2.79981082796241,-10.5924022680953,2.79981082796241,-3.78325641229268,0.000154789806416293,299051,1,"CCDC36","TSS200;5'UTR",-0.0169387445672553
"chr1",234350402,234350515,2,-26.022419027103,6.87898318049106,-26.022419027103,6.87898318049106,-3.78288743326239,0.000155019532401344,299051,1,"SLC35F3","Body",0.00415497282080638
"chr16",86231948,86232052,2,-7.51503859952132,1.98845824565655,-7.51503859952132,1.98845824565655,-3.77932934520333,0.000157251322399707,299051,1,"","",-0.0280241919539937
"chr2",233323840,233324053,3,-13.4927194064996,3.57318706635471,-13.4927194064996,3.57318706635471,-3.77610216200201,0.000159301673835682,299051,1,"ALPI","Body;3'UTR",-0.0298084968702212
"chr5",16465883,16466057,2,-17.4907277073572,4.64651167701584,-17.4907277073572,4.64651167701584,-3.76427068802513,0.00016703586899014,299051,1,"ZNF622","TSS200;5'UTR;1stExon",-0.0190491267557838
"chr17",43213141,43213270,2,-19.0216084894819,5.05757609956539,-19.0216084894819,5.05757609956539,-3.76101280831276,0.000169226763410049,299051,1,"ACBD4","5'UTR;1stExon",-0.0337897307688566
"chr2",235907735,235907796,2,10.5182887744005,2.79797381791525,10.5182887744005,2.79797381791525,3.75925203697497,0.000170422090279403,299051,1,"SH3BP4","5'UTR",-0.0121727203843607
"chr10",134300380,134300809,2,-28.2957335095267,7.5297286253274,-28.2957335095267,7.5297286253274,-3.75786896414164,0.000171366574941829,299051,1,"","",-0.00494177860986778
"chr10",103326310,103326373,2,-36.904091891481,9.84725601921635,-36.904091891481,9.84725601921635,-3.74765232258254,0.000178497439755718,299051,1,"","",0.000231980085615532
"chr11",2154255,2154952,6,-11.7093498529793,3.12639077350457,-11.7093498529793,3.12639077350457,-3.7453251052982,0.000180160320159298,299051,1,"INS-IGF2;IGF2","Body",-0.0465011538397418
"chr11",1221141,1221726,4,-6.33170485739639,1.6911818773308,-6.33170485739639,1.6911818773308,-3.74395264179968,0.000181147811156427,299051,1,"","",-0.0653122874972632
"chr6",74160917,74160974,2,-8.04173789609321,2.14833945357746,-8.04173789609321,2.14833945357746,-3.74323428390329,0.000181666698142599,299051,1,"C6orf150","Body",-0.014108901687006
"chr6",887704,887772,2,-46.6340343725702,12.4639370594737,-46.6340343725702,12.4639370594737,-3.74151715866731,0.000182912686433002,299051,1,"","",-0.00598846556630589
"chr19",2136936,2136986,2,-10.0290318724618,2.68570947741605,-10.0290318724618,2.68570947741605,-3.73422068052978,0.000188297337200008,299051,1,"AP3D1","Body",-0.000921288329565895
"chr7",100845606,100845647,2,-13.5738818418031,3.64099158119006,-13.5738818418031,3.64099158119006,-3.7280728447514,0.00019294961201286,299051,1,"MOGAT3","TSS1500",-0.00865568777289908
"chr4",159131324,159131393,3,-10.1697313701605,2.72824458270399,-10.1697313701605,2.72824458270399,-3.72757319289942,0.000193332423776839,299051,1,"TMEM144","TSS200",-0.0152546331005243
"chr6",109611834,109612229,2,-21.6903838344062,5.82821158957507,-21.6903838344062,5.82821158957507,-3.72161914526298,0.000197949427234694,299051,1,"","",0.000791971643105294
"chr14",100751514,100751572,2,-16.8489356090561,4.52813215490852,-16.8489356090561,4.52813215490852,-3.72094608387076,0.000198477814022045,299051,1,"","",-0.00849541581038573
"chr19",12624679,12624694,2,-14.1402501861267,3.80244360097521,-14.1402501861267,3.80244360097521,-3.71872713181075,0.000200229203402871,299051,1,"ZNF709","TSS200",-0.00491376723709379
"chr1",156646485,156646635,2,-2.95952682323696,0.796027861925782,-2.95952682323696,0.796027861925782,-3.71786838726619,0.000200910887736573,299051,1,"NES","1stExon",-0.0400984796033148
"chr15",31515984,31516127,3,-8.25570435252944,2.23014895430965,-8.25570435252944,2.23014895430965,-3.70186230680947,0.000214022763889375,299051,1,"","",-0.00923262220365073
"chr2",75147006,75147230,2,-19.3488658146203,5.24204873895968,-19.3488658146203,5.24204873895968,-3.6910884995816,0.000223296421836412,299051,1,"","",0.00273564635232582
"chr4",39448432,39448464,2,-9.95482233351764,2.70025742483907,-9.95482233351764,2.70025742483907,-3.6866197429717,0.00022725253595129,299051,1,"KLB","Body",-0.0347394004065882
"chr6",26284866,26285358,3,-8.9744822735615,2.43511133221092,-8.9744822735615,2.43511133221092,-3.68545049864856,0.000228298453827033,299051,1,"HIST1H4H","1stExon;3'UTR",-0.00393455845804078
"chr11",119234950,119235062,2,13.9607889084219,3.79214299766701,13.9607889084219,3.79214299766701,3.68150381380945,0.000231862320316978,299051,1,"USP2","TSS200;Body",0.0180507606462239
"chr16",30572815,30572912,2,-8.26397730378738,2.24781275959651,-8.26397730378738,2.24781275959651,-3.67645270652827,0.000236499675570172,299051,1,"","",-0.0032346483373086
"chr12",14109514,14109569,2,10.1361959637341,2.75908024425235,10.1361959637341,2.75908024425235,3.67375903069495,0.000239008145245849,299051,1,"GRIN2B","5'UTR",0.0314636797601103
"chr7",5388895,5389516,3,-11.8885479215187,3.24092712437577,-11.8885479215187,3.24092712437577,-3.66825524464964,0.000244211321192506,299051,1,"TNRC18","Body",-0.00786256085490618
"chr17",7832943,7833237,3,14.9566117612557,4.08036690369909,14.9566117612557,4.08036690369909,3.66550658660049,0.000246849457780511,299051,1,"KCNAB3","TSS200;TSS1500",0.0190981260975215
"chr16",85845626,85845936,4,-7.70744119088811,2.10305373570496,-7.70744119088811,2.10305373570496,-3.66488076839582,0.000247453836912807,299051,1,"","",-0.0203741590481041
"chr4",24801425,24801801,2,-8.67003924642945,2.36613369146538,-8.67003924642945,2.36613369146538,-3.66422205038633,0.00024809148795076,299051,1,"SOD3","Body",-0.00615980673336798
"chr2",63815918,63816052,3,-20.5728867913392,5.62054563948875,-20.5728867913392,5.62054563948875,-3.66030063821536,0.000251919496239122,299051,1,"MDH1;C2orf86","TSS200;TSS1500",-0.00306143256334655
"chr6",31649026,31649082,2,-13.6580111402361,3.7368123165591,-13.6580111402361,3.7368123165591,-3.6549898638775,0.000257192139122777,299051,1,"LY6G5C","TSS1500",-0.00882147935156816
"chr6",31649469,31649619,5,-5.74459962566934,1.57294588495742,-5.74459962566934,1.57294588495742,-3.65212794706211,0.000260076240637803,299051,1,"LY6G5C","TSS1500",0.00474020088304674
"chr19",5074616,5074717,2,-10.5064954885324,2.88241847530916,-10.5064954885324,2.88241847530916,-3.64502780513349,0.000267362893521689,299051,1,"KDM4B","Body",-0.00297658774264886
"chr10",135341870,135341933,2,-12.5076059017355,3.43208291122454,-12.5076059017355,3.43208291122454,-3.64431927353202,0.000268100445260897,299051,1,"CYP2E1","Body",-0.0285864468879417
"chr4",6107320,6107791,5,-8.47743927286302,2.32716042029509,-8.47743927286302,2.32716042029509,-3.64282547903941,0.000269661676489632,299051,1,"JAKMIP1","Body",-0.0229603958397077
"chr11",64739336,64739484,4,-10.6375101412643,2.92490085537529,-10.6375101412643,2.92490085537529,-3.63687887803617,0.000275961614722318,299051,1,"","",-0.0130871510640524
"chr20",57607451,57607571,2,-39.2545769750277,10.7980991515411,-39.2545769750277,10.7980991515411,-3.63532288638276,0.000277632683499434,299051,1,"ATP5E","TSS200",-0.00496385094163676
"chr15",35086890,35086928,2,-9.93502655843206,2.73690148661553,-9.93502655843206,2.73690148661553,-3.63002709707238,0.000283391467927757,299051,1,"ACTC1","Body",-0.0317885083987844
"chr2",231714466,231714995,5,-6.93998924184253,1.91242886740571,-6.93998924184253,1.91242886740571,-3.62888751583055,0.000284645225723898,299051,1,"","",-2.76185696446302e-05
"chr3",46037470,46037592,2,-5.90320676050027,1.63535107557227,-5.90320676050027,1.63535107557227,-3.60974890876843,0.000306493545562264,299051,1,"FYCO1","TSS200;TSS1500",-0.0216804724726156
"chr4",3475041,3475233,3,-6.43013488285479,1.78214709736745,-6.43013488285479,1.78214709736745,-3.60808313317865,0.000308467657662931,299051,1,"DOK7","Body",-0.0196699249847463
"chr6",32917093,32917502,4,-11.3179695178185,3.14160414478403,-11.3179695178185,3.14160414478403,-3.60260841156884,0.000315039940713443,299051,1,"HLA-DMA","Body",0.00119336151646607
"chr3",42978180,42978248,2,-10.1063149515688,2.81189702030304,-10.1063149515688,2.81189702030304,-3.59412698210393,0.000325481079982776,299051,1,"","",-0.0150356487458887
"chr5",140536238,140536320,2,-12.9264602856273,3.59994794994952,-12.9264602856273,3.59994794994952,-3.59073532877291,0.000329746353630803,299051,1,"PCDHB17","Body",-0.0179520512208337
"chr12",9217529,9217583,2,-27.5973719100138,7.68747079075057,-27.5973719100138,7.68747079075057,-3.58991567723659,0.000330784949490168,299051,1,"LOC144571","TSS200;TSS1500",-0.0601358724148483
"chr15",27111476,27111774,7,-5.92003866525138,1.65438283448578,-5.92003866525138,1.65438283448578,-3.57839705650201,0.000345707983158373,299051,1,"GABRA5","TSS1500;TSS200",-0.00281764396923385
"chr10",75401245,75401380,4,-7.73717186231269,2.16293615654961,-7.73717186231269,2.16293615654961,-3.57716146123115,0.000347345638123211,299051,1,"MYOZ1","1stExon;5'UTR",0.00798165172141457
"chr2",239432223,239432273,2,-3.78932090719445,1.05973112684323,-3.78932090719445,1.05973112684323,-3.57573804450024,0.000349241225277249,299051,1,"","",-0.0483522185185739
"chr8",49783269,49783505,2,-10.744201027127,3.00541537448633,-10.744201027127,3.00541537448633,-3.57494711657397,0.00035029869448841,299051,1,"","",-0.00215217498069528
"chr2",45228334,45228633,2,-21.9365676549744,6.14539313926224,-21.9365676549744,6.14539313926224,-3.56959549338253,0.000357532872480252,299051,1,"","",-0.0140472463718884
"chr4",135122993,135123103,2,-8.58160135755362,2.40961645766356,-8.58160135755362,2.40961645766356,-3.56139722164523,0.000368886507492254,299051,1,"PABPC4L","TSS200;TSS1500",-0.0121049687724751
"chr6",32729563,32729764,5,-8.65722066772628,2.43298629830324,-8.65722066772628,2.43298629830324,-3.55826938843174,0.000373306343554441,299051,1,"HLA-DQB2","Body",0.000826111663946494
"chr19",51487109,51487245,4,-9.15066855998474,2.57295584308866,-9.15066855998474,2.57295584308866,-3.55648099619152,0.00037585565519156,299051,1,"KLK7","TSS200;5'UTR;1stExon",-0.014839828954138
"chr5",1868137,1868738,6,-6.78813689851882,1.9103371793445,-6.78813689851882,1.9103371793445,-3.55337108648435,0.000380327552306249,299051,1,"","",-0.0755152274199642
"chr1",180923340,180923569,2,-35.3877975299067,9.96144039252336,-35.3877975299067,9.96144039252336,-3.55247796859451,0.000381620974115875,299051,1,"","",-0.000784745880998285
"chr17",33759484,33759512,2,-11.3469910757229,3.21018039097013,-11.3469910757229,3.21018039097013,-3.53468954817637,0.000408254507441267,299051,1,"SLFN12","1stExon;5'UTR",-0.0519263343555323
"chr16",67918754,67918840,3,8.08300612162204,2.28874014417418,8.08300612162204,2.28874014417418,3.53163994706727,0.000412991263887235,299051,1,"NRN1L","1stExon;TSS200",0.0254522416472754
"chr4",1742463,1742776,2,-20.2398362891742,5.73542663113295,-20.2398362891742,5.73542663113295,-3.52891556127816,0.000417266246198945,299051,1,"TACC3","Body",-0.0252797894079855
"chr2",241611931,241611991,2,-11.0973256274213,3.14885967150315,-11.0973256274213,3.14885967150315,-3.52423632207268,0.000424705279871274,299051,1,"","",-0.0403123746320885
"chr22",18632429,18632433,2,-10.7220849484099,3.05206841301846,-10.7220849484099,3.05206841301846,-3.51305524564106,0.000442985358681102,299051,1,"USP18","TSS1500",-0.0593459718931598
"chr3",136537169,136537267,2,-8.55934015067616,2.43759373015638,-8.55934015067616,2.43759373015638,-3.51138913953764,0.000445771345381566,299051,1,"TMEM22","TSS1500",-0.0187730554556471
"chr20",3654504,3654766,2,-8.28427910895451,2.36011744747214,-8.28427910895451,2.36011744747214,-3.51011307417246,0.000447916173542745,299051,1,"ADAM33","Body",-0.00319680010500289
"chr2",177014966,177015044,2,-23.4633654590482,6.68505525848207,-23.4633654590482,6.68505525848207,-3.50982371152096,0.000448403876076189,299051,1,"HOXD4;MIR10B","TSS1500;Body;TSS200",0.0031961332496637
"chr6",17016226,17016303,2,-9.37110629833993,2.67329032185296,-9.37110629833993,2.67329032185296,-3.50545775808011,0.000455822827545398,299051,1,"","",-0.0312885581008218
"chr1",19181040,19181291,3,-22.7483135186507,6.49014267153266,-22.7483135186507,6.49014267153266,-3.50505600106917,0.000456511247163328,299051,1,"TAS1R2","Body",-0.0143044866024102
"chr7",45961419,45961455,2,-23.8566478182626,6.80691731844296,-23.8566478182626,6.80691731844296,-3.50476532947217,0.000457009924206196,299051,1,"IGFBP3","TSS1500",0.000755009393891615
"chr14",24780551,24780691,4,-10.535383284942,3.00792150970461,-10.535383284942,3.00792150970461,-3.50254594441749,0.000460834298935557,299051,1,"LTB4R2;CIDEB;LTB4R","Body;1stExon;TSS200;5'UTR",-0.0178544843163414
"chr12",133056857,133057193,3,-10.1474704996757,2.89866837992402,-10.1474704996757,2.89866837992402,-3.50073522378634,0.000463976573682949,299051,1,"","",-0.0197953329315963
"chr1",10510054,10510123,2,-7.65683077709096,2.19497433066616,-7.65683077709096,2.19497433066616,-3.48834638752571,0.000486017999405666,299051,1,"CORT;APITD1","1stExon;Body;5'UTR",0.0419599836257162
"chr5",140613740,140613820,2,-7.0890472299957,2.03438860319962,-7.0890472299957,2.03438860319962,-3.48460821046986,0.000492858127904078,299051,1,"PCDHB18","TSS200",-0.0281159028467997
"chr5",1473589,1473705,2,-7.99293444298723,2.29436378534757,-7.99293444298723,2.29436378534757,-3.48372585639308,0.000494485705013976,299051,1,"LPCAT1","Body",0.00808825490709431
"chr2",239695552,239695668,3,-5.25995995799247,1.51193987089958,-5.25995995799247,1.51193987089958,-3.4789478465588,0.000503386543409594,299051,1,"","",-0.00486707333498102
"chr12",131303094,131303194,2,-10.1571606506523,2.92026567845124,-10.1571606506523,2.92026567845124,-3.47816321151954,0.000504862421811613,299051,1,"STX2","Body",-0.0140509436184456
"chr3",123813465,123813504,2,9.10337413775057,2.62329609373505,9.10337413775057,2.62329609373505,3.47020458708082,0.00052006207230947,299051,1,"KALRN","TSS200",0.0231356143127484
"chr12",104697220,104697224,2,-19.359679435913,5.58287625318223,-19.359679435913,5.58287625318223,-3.46768915482912,0.000524954141184007,299051,1,"TXNRD1;EID3","5'UTR;Body;TSS1500",-0.00292432840480018
"chr7",42533001,42533133,2,-24.3985147830519,7.03884476982097,-24.3985147830519,7.03884476982097,-3.46626692034188,0.00052773907947627,299051,1,"","",-0.00666899504215259
"chr6",29945149,29945409,3,-13.0268127130209,3.75970684400222,-13.0268127130209,3.75970684400222,-3.46484799308284,0.000530531256932826,299051,1,"HCG9","Body",0.00269952249861405
"chr5",178547863,178548229,2,-12.2141745251534,3.52598895062071,-12.2141745251534,3.52598895062071,-3.46404220098399,0.000532123024055818,299051,1,"ADAMTS2","Body",-0.0981973357232999
"chr2",127963503,127963512,2,-12.8537180759132,3.71274613210481,-12.8537180759132,3.71274613210481,-3.46205143539567,0.000536074694518986,299051,1,"CYP27C1","TSS200",-0.0205816921899833
"chr19",58864876,58864922,2,-11.3079258664798,3.26909793325735,-11.3079258664798,3.26909793325735,-3.45903551907745,0.000542113409336648,299051,1,"NCRNA00181;A1BG","Body;TSS200",-0.0126767183164501
"chr1",46805334,46805584,2,-9.05919145853875,2.62308317846979,-9.05919145853875,2.62308317846979,-3.45364246658147,0.000553070087250666,299051,1,"NSUN4","TSS1500",-0.00463161778499793
"chr17",79465866,79466160,3,-12.1347627415392,3.51454899995958,-12.1347627415392,3.51454899995958,-3.45272259447195,0.00055495939196794,299051,1,"","",-0.0210674673428767
"chr6",169901484,169901503,2,8.77549613033372,2.54639327379299,8.77549613033372,2.54639327379299,3.44624540939905,0.000568433892533049,299051,1,"WDR27","Body",-0.0333969712320086
"chr17",78831230,78831518,3,-9.0176108340791,2.62211732794836,-9.0176108340791,2.62211732794836,-3.43905695521825,0.000583744407765271,299051,1,"RPTOR","Body",-0.0102060610622446
"chr17",18218974,18219121,2,-20.4476220011627,5.94839599530502,-20.4476220011627,5.94839599530502,-3.4375018101185,0.00058710679535301,299051,1,"SMCR8;TOP3A","5'UTR;TSS1500;1stExon",0.00213550564366608
"chr10",130831109,130831162,2,-8.7771308014658,2.55741410591082,-8.7771308014658,2.55741410591082,-3.4320334673918,0.00059907362479313,299051,1,"","",-0.0150700501359439
"chr18",77203371,77203443,2,-6.76885268820922,1.97305709877085,-6.76885268820922,1.97305709877085,-3.4306420693177,0.000602154563746552,299051,1,"NFATC1","Body;5'UTR",-0.0370076020727858
"chr20",3766344,3766560,2,-6.81441782079022,1.98754655148873,-6.81441782079022,1.98754655148873,-3.42855759312205,0.000606797773908099,299051,1,"CENPB","1stExon",0.000362888087715077
"chr2",97173735,97174206,6,-6.88030783502708,2.00801000489859,-6.88030783502708,2.00801000489859,-3.42643105275492,0.000611569001855081,299051,1,"NEURL3","TSS200;TSS1500;Body",-0.0113174907820889
"chr4",6247629,6247640,2,-14.4411357675868,4.22818310529277,-14.4411357675868,4.22818310529277,-3.41544711001509,0.000636773943799455,299051,1,"","",0.0125503606120985
"chr1",207224740,207224982,2,-7.21933865380696,2.11402630528872,-7.21933865380696,2.11402630528872,-3.41497106055215,0.000637887884559641,299051,1,"YOD1","TSS1500",-0.0172258316864301
"chr2",174877357,174877566,3,-10.1871767761528,2.99138945858684,-10.1871767761528,2.99138945858684,-3.40549999162107,0.000660430155599454,299051,1,"","",-0.0174084709779365
"chr5",132113386,132113601,2,-22.4262284060431,6.5865657080201,-22.4262284060431,6.5865657080201,-3.40484395057897,0.000662018725395575,299051,1,"SEPT8","5'UTR;TSS1500;1stExon;TSS200",0.00136736284273481
"chr10",73565625,73565688,2,-8.77517021977281,2.5815396085912,-8.77517021977281,2.5815396085912,-3.3992003030167,0.000675832016754895,299051,1,"CDH23","Body",-0.00209810766251389
"chr21",40759659,40759686,2,-20.8488909030138,6.13650172975992,-20.8488909030138,6.13650172975992,-3.39752057787319,0.000679994735893624,299051,1,"WRB","Body;TSS200",-0.0522855087847871
"chr22",38506623,38506712,2,-7.92752819748871,2.33396028801248,-7.92752819748871,2.33396028801248,-3.39659943581968,0.000682287630266165,299051,1,"BAIAP2L2","1stExon;5'UTR;TSS200",0.00428717087710817
"chr1",9086460,9086621,2,-22.9175171573147,6.75171265473332,-22.9175171573147,6.75171265473332,-3.39432649599629,0.000687976183132015,299051,1,"SLC2A7","TSS200;TSS1500",-0.00387506400214677
"chr4",39448653,39449053,3,-6.0052813521418,1.77387951159343,-6.0052813521418,1.77387951159343,-3.38539416735663,0.000710761114118417,299051,1,"KLB","Body",6.93506356994426e-05
"chr8",145164991,145165189,2,-14.5570740322872,4.31017881838433,-14.5570740322872,4.31017881838433,-3.37737125202241,0.000731822035544595,299051,1,"KIAA1875","Body",-0.0402182308163469
"chr10",47083283,47083355,4,9.77164967430581,2.8958445036497,9.77164967430581,2.8958445036497,3.37436960513258,0.000739849577354886,299051,1,"PPYR1","TSS200;TSS1500",-0.000544547854013429
"chr8",48675723,48676092,6,-7.12210892073169,2.1133042470365,-7.12210892073169,2.1133042470365,-3.37012946939328,0.000751328740691121,299051,1,"","",-0.0325280186462842
"chr3",9178180,9178249,2,-8.64151794198087,2.56465473270635,-8.64151794198087,2.56465473270635,-3.36946639708571,0.000753138735228162,299051,1,"SRGAP3","Body",-0.0220023799259176
"chr17",33759965,33760230,3,-12.1727667549222,3.61680746609395,-12.1727667549222,3.61680746609395,-3.36561093423876,0.000763743496344419,299051,1,"SLFN12","TSS1500",-0.0302129803583631
"chr5",180486679,180486787,2,-15.9871633145874,4.75252886388551,-15.9871633145874,4.75252886388551,-3.36392766303302,0.000768416808095863,299051,1,"BTNL9","Body",-0.0078072848464186
"chr17",10632715,10632861,2,-5.30981068546762,1.58121012936788,-5.30981068546762,1.58121012936788,-3.35806771462456,0.000784893828798137,299051,1,"TMEM220","Body",0.00825669442146931
"chr11",1083178,1083299,3,-19.8267873517626,5.90988439039401,-19.8267873517626,5.90988439039401,-3.35485198052085,0.000794074613349705,299051,1,"MUC2","Body",-0.00847901168971984
"chr6",33129765,33129850,2,-11.2938213925096,3.3678792016736,-11.2938213925096,3.3678792016736,-3.35339265936181,0.000798273703770435,299051,1,"","",-0.00731198397386529
"chr1",201252453,201252472,2,-23.1052483464067,6.8963913986822,-23.1052483464067,6.8963913986822,-3.35033889619748,0.000807127448135054,299051,1,"PKP1","TSS200",-0.0108725810722138
"chr14",89493095,89493389,3,-18.4411063451339,5.51216118137931,-18.4411063451339,5.51216118137931,-3.34553104278409,0.000821251655892013,299051,1,"","",-0.00282150041495255
"chr7",27153605,27153636,2,17.7286849290173,5.30693372203222,17.7286849290173,5.30693372203222,3.34066446984537,0.000835781614734322,299051,1,"HOXA3","5'UTR;1stExon;TSS200",0.0470880129424747
"chr18",77171832,77171872,2,-17.1322554594335,5.15154529076934,-17.1322554594335,5.15154529076934,-3.32565366165595,0.000882114623974552,299051,1,"NFATC1","Body;5'UTR",-0.0600721301904047
"chr6",35149727,35150136,3,-9.37999542090813,2.82441272654312,-9.37999542090813,2.82441272654312,-3.32104275439538,0.000896817980589371,299051,1,"","",-0.0318654751293891
"chr7",154585834,154586335,3,-9.7236805296876,2.92942073469534,-9.7236805296876,2.92942073469534,-3.31931853097192,0.00090237433481174,299051,1,"DPP6","Body",-0.0272856558130213
"chr5",179105010,179105170,2,-18.6683615394992,5.62495338192141,-18.6683615394992,5.62495338192141,-3.31884733471735,0.00090389831836605,299051,1,"","",-0.0142009146991683
"chr6",110796813,110797233,2,-9.12411999913524,2.75016220507421,-9.12411999913524,2.75016220507421,-3.31766612976526,0.000907729164498421,299051,1,"SLC22A16","Body",-0.0190626310666689
"chr5",169659847,169659863,2,-23.5539833325368,7.10894814685986,-23.5539833325368,7.10894814685986,-3.31328669810892,0.000922064090584144,299051,1,"C5orf58","TSS200",0.00128142613661775
"chr6",28972963,28972975,2,-12.0444873706639,3.63614354367105,-12.0444873706639,3.63614354367105,-3.31243451365613,0.000924877759369903,299051,1,"ZNF311","5'UTR;1stExon",-0.00507887507173072
"chr16",3143153,3143250,2,-11.0952451104936,3.35224132641044,-11.0952451104936,3.35224132641044,-3.30979903597047,0.000933629775704371,299051,1,"ZSCAN10","TSS1500",-0.0351270529597968
"chr2",220196620,220197046,4,-6.08505898627079,1.84258868483903,-6.08505898627079,1.84258868483903,-3.30245107675909,0.000958438054969817,299051,1,"RESP18","Body",-0.0311812928189165
"chr5",530963,531305,3,-14.1845750648277,4.29567563345441,-14.1845750648277,4.29567563345441,-3.30205915790271,0.000959778255296229,299051,1,"","",-0.0256541901053753
"chr15",65369801,65369928,2,-7.3197371845615,2.21764236920802,-7.3197371845615,2.21764236920802,-3.30068422492107,0.000964493695022853,299051,1,"LOC390594","1stExon",0.00214357972469903
"chr19",7741454,7741732,3,-11.1877361402255,3.39359070345462,-11.1877361402255,3.39359070345462,-3.29672524410105,0.00097819143070172,299051,1,"C19orf59","TSS1500",-0.00375831429681876
"chr19",863054,863226,3,-10.1881051679762,3.0946530332103,-10.1881051679762,3.0946530332103,-3.29216395461541,0.000994196335488974,299051,1,"CFD","Body",-0.0154110277110923
"chr11",18727552,18727628,2,-49.8718432130797,15.1500614491802,-49.8718432130797,15.1500614491802,-3.29185748720368,0.000995280329977255,299051,1,"IGSF22","Body",-0.00516220564553562
"chr1",36565772,36565856,2,-10.8571364352318,3.30950343478733,-10.8571364352318,3.30950343478733,-3.28059379576668,0.00103588814958054,299051,1,"COL8A2","1stExon;TSS200",-0.0133012490696287
"chr3",46759335,46759438,2,-9.53267510050487,2.9074889268069,-9.53267510050487,2.9074889268069,-3.2786625643228,0.00104300270536579,299051,1,"PRSS50","TSS200;1stExon;5'UTR",-0.0646020246658976
"chr17",40440904,40440916,2,-8.89466199935777,2.71412932893325,-8.89466199935777,2.71412932893325,-3.27716955287967,0.00104853384109727,299051,1,"STAT5A","5'UTR",-0.00665309925898844
"chr7",24797786,24798175,5,-6.90110926347776,2.10657697499716,-6.90110926347776,2.10657697499716,-3.27598248029226,0.00105295092429167,299051,1,"DFNA5","TSS1500;TSS200",0.0207281367298935
"chr20",57427503,57427642,3,-4.54839505843399,1.38871914888472,-4.54839505843399,1.38871914888472,-3.2752447189101,0.00105570479398286,299051,1,"GNAS","TSS1500;3'UTR",-0.00884138601585425
"chr6",32084515,32084563,3,-9.75448831343037,2.98138110484523,-9.75448831343037,2.98138110484523,-3.27180188322041,0.00106864432161256,299051,1,"ATF6B","Body",0.00545184823280487
"chr4",1008425,1008550,2,5.94968764524605,1.81883380083813,5.94968764524605,1.81883380083813,3.27115519983431,0.00107109111833886,299051,1,"FGFRL1","Body",-0.027505266384398
"chr3",57529873,57529952,2,-13.9022826212407,4.25809986260372,-13.9022826212407,4.25809986260372,-3.26490290735921,0.00109501604657933,299051,1,"DNAH12","5'UTR;1stExon",-0.00298011422029963
"chr6",32120623,32120625,2,8.59678796332336,2.63609360464432,8.59678796332336,2.63609360464432,3.26118463630327,0.00110947770565646,299051,1,"PPT2;PRRT1","TSS1500",0.0443592754466589
"chr7",127225937,127225949,2,-11.2766621123452,3.46017616597642,-11.2766621123452,3.46017616597642,-3.2589849682301,0.00111811591994246,299051,1,"GCC1","TSS1500",0.0098367603683587
"chr19",43857861,43857874,2,-9.48648526052135,2.91713613322316,-9.48648526052135,2.91713613322316,-3.2519857926684,0.00114601750088833,299051,1,"CD177","1stExon;5'UTR",-0.0100277514090605
"chr14",35838240,35838413,2,-6.84751096501192,2.11011828601852,-6.84751096501192,2.11011828601852,-3.24508394168374,0.00117416006394188,299051,1,"","",-0.0300383789453713
"chr3",123813383,123813393,2,5.79026811745673,1.78441433538137,5.79026811745673,1.78441433538137,3.24491235171524,0.00117486779572088,299051,1,"KALRN","TSS200",0.0400323820401621
"chr22",24891141,24891158,2,-7.98139640707143,2.46216374309876,-7.98139640707143,2.46216374309876,-3.24161885229714,0.00118852863097578,299051,1,"C22orf45;UPB1","TSS1500;TSS200",-0.0217015589260061
"chr12",68041318,68041428,3,-6.32801005652956,1.95408420811926,-6.32801005652956,1.95408420811926,-3.23835074775005,0.0012022290657595,299051,1,"DYRK2","TSS1500",0.00413978077201731
"chr11",65246463,65246563,2,-7.3305556426042,2.26419044312403,-7.3305556426042,2.26419044312403,-3.23760559314517,0.00120537323364181,299051,1,"","",-0.00564212357576954
"chr19",12880420,12880789,2,-7.57590480649419,2.3421900010998,-7.57590480649419,2.3421900010998,-3.23453895838375,0.0012183929720156,299051,1,"HOOK2","Body",-0.0154031290497876
"chr19",4173315,4173466,2,-8.93700309116067,2.7633817954298,-8.93700309116067,2.7633817954298,-3.23408191583989,0.00122034448157918,299051,1,"","",-0.0450670446646455
"chr5",1725411,1725823,2,-9.21481173001747,2.8521151567559,-9.21481173001747,2.8521151567559,-3.23086945076185,0.00123414294234561,299051,1,"","",-0.0537236007379578
"chr6",44186914,44187399,9,-11.4375682522678,3.54491909898059,-11.4375682522678,3.54491909898059,-3.22646806116304,0.00125328218611,299051,1,"SLC29A1","TSS1500;TSS200;1stExon;5'UTR",-0.0115777390642174
"chr7",42971699,42971887,2,-29.4028411194238,9.11503641654628,-29.4028411194238,9.11503641654628,-3.22575136025234,0.00125642455057109,299051,1,"MRPL32;PSMA2","TSS1500;Body;TSS200",-0.00847373402313472
"chr4",186741788,186741815,2,-2.83879190494575,0.880615154168501,-2.83879190494575,0.880615154168501,-3.22364643795644,0.00126569565691262,299051,1,"SORBS2","5'UTR",-0.0663390841996543
"chr5",178487465,178487481,2,-47.4283846310592,14.7454474539371,-47.4283846310592,14.7454474539371,-3.21647646022404,0.00129775179481915,299051,1,"ZNF354C","TSS200",0.00212316148223861
"chr17",72438885,72439044,2,-10.06665615901,3.13293181776713,-10.06665615901,3.13293181776713,-3.21317435059428,0.00131276572606619,299051,1,"GPRC5C","Body",-0.00677348282939622
"chr5",1201479,1201608,2,-16.23270723836,5.05887913548413,-16.23270723836,5.05887913548413,-3.20875569540693,0.00133310713595967,299051,1,"SLC6A19","TSS1500;TSS200",-0.00281812795771791
"chr20",43378953,43379437,3,-11.0108061735605,3.43188059832235,-11.0108061735605,3.43188059832235,-3.20838847917466,0.00133481064819951,299051,1,"KCNK15","Body",-0.0628241809540166
"chr10",44223817,44224014,3,-10.3536727691482,3.22772120225184,-10.3536727691482,3.22772120225184,-3.20773453479342,0.00133784926314177,299051,1,"","",-0.0369348196269951
"chr7",57247891,57248018,2,-8.81946668013403,2.75533064965516,-8.81946668013403,2.75533064965516,-3.20087416050695,0.00137011354924119,299051,1,"LOC642006","TSS200",-0.013207363947858
"chr22",20784542,20784958,2,-8.01648153361694,2.50929474849576,-8.01648153361694,2.50929474849576,-3.19471498452805,0.00139968994030957,299051,1,"SCARF2","Body",0.0063329460188916
"chr16",82044738,82044788,2,-9.61214401712769,3.0129408857504,-9.61214401712769,3.0129408857504,-3.19028629555528,0.00142131915358179,299051,1,"SDR42E1","5'UTR",-0.0142685716092512
"chr17",3585069,3585166,2,-9.31436739761197,2.92545787356428,-9.31436739761197,2.92545787356428,-3.18390070893882,0.0014530484473636,299051,1,"P2RX5","Body",-0.0189033593731395
"chr8",145738950,145739024,2,16.1696881316321,5.08849199195279,16.1696881316321,5.08849199195279,3.17769747052833,0.00148449560494294,299051,1,"RECQL4","Body",0.0108456630035869
"chr5",176757703,176758052,2,-13.9350461785213,4.38691048129366,-13.9350461785213,4.38691048129366,-3.17650570667946,0.00149060856824649,299051,1,"","",-0.0141300347570427
"chr5",5887068,5887361,2,-6.84318307774438,2.15521530663621,-6.84318307774438,2.15521530663621,-3.17517375487881,0.00149746804377983,299051,1,"","",-0.0320372337447135
"chr6",169978311,169978387,2,-11.4429151353064,3.60454929217485,-11.4429151353064,3.60454929217485,-3.17457585061963,0.0015005566638609,299051,1,"WDR27","Body",-0.0311983546285783
"chr11",85645743,85646010,2,-8.48037996383335,2.67138305282624,-8.48037996383335,2.67138305282624,-3.17452787418912,0.00150080475198517,299051,1,"","",-0.0220202769140387
"chr6",1604134,1604212,3,-8.81966419599575,2.78099625767329,-8.81966419599575,2.78099625767329,-3.17140455391145,0.00151703711460055,299051,1,"","",-0.0184904530484474
"chr11",94501303,94501367,2,-25.9298014922913,8.18908294070636,-25.9298014922913,8.18908294070636,-3.16638647819761,0.00154345577393909,299051,1,"AMOTL1","TSS200;TSS1500",-0.000608837658565755
"chr10",49879704,49879914,3,-9.94716930292293,3.14747244213754,-9.94716930292293,3.14747244213754,-3.16036740139575,0.00157570308247548,299051,1,"","",-0.0191072151399281
"chr5",569931,570261,2,-17.8056586925554,5.6458730915487,-17.8056586925554,5.6458730915487,-3.15374759648932,0.00161188430149426,299051,1,"","",-0.011895020199
"chr1",1097179,1097270,3,-9.27976804209944,2.94344933895339,-9.27976804209944,2.94344933895339,-3.1526848175342,0.00161776376346691,299051,1,"","",-0.00523593661041164
"chr11",15962932,15963027,2,-10.9837203329173,3.48399693063329,-10.9837203329173,3.48399693063329,-3.15262055380764,0.00161811991268447,299051,1,"","",-0.0227193234910337
"chr8",143859709,143859990,6,-5.77360392433557,1.83227597713118,-5.77360392433557,1.83227597713118,-3.15105584333173,0.00162681383007137,299051,1,"LYNX1","TSS1500;TSS200",0.00617501101240136
"chr22",30901640,30901647,2,-7.56738312147373,2.40526692688386,-7.56738312147373,2.40526692688386,-3.14617186013431,0.00165422770605159,299051,1,"SEC14L4","1stExon;5'UTR",-0.00914678660731488
"chr2",95663959,95663987,2,-10.3299295399767,3.28360858077535,-10.3299295399767,3.28360858077535,-3.14590770667846,0.00165572245119585,299051,1,"","",0.00986946611394186
"chr15",99987871,99987955,3,-6.29257149486457,2.00051221782661,-6.29257149486457,2.00051221782661,-3.14548016192619,0.00165814440002536,299051,1,"","",-0.0142762832400175
"chr7",50518350,50518647,4,-8.98533647387361,2.85998230581145,-8.98533647387361,2.85998230581145,-3.14174547710156,0.00167943960097055,299051,1,"FIGNL1","TSS1500",-0.00930559819235154
"chr6",30293518,30293955,2,-20.0909896024834,6.3961267745547,-20.0909896024834,6.3961267745547,-3.14111810328871,0.00168304147582321,299051,1,"TRIM39;HCG18","TSS1500;Body",-0.0088800542403612
"chr16",30572929,30573013,2,-9.60428046773267,3.06082688910941,-9.60428046773267,3.06082688910941,-3.13780583341882,0.00170217593710768,299051,1,"","",-0.0293287484693244
"chr2",74875253,74875387,5,-7.30267420448922,2.32773867663486,-7.30267420448922,2.32773867663486,-3.13723970727095,0.00170546631075096,299051,1,"C2orf65","TSS200;TSS1500",-0.00922459149829442
"chr6",32055079,32055135,2,-7.33703503630577,2.33943034001729,-7.33703503630577,2.33943034001729,-3.13624856051561,0.00171124103057492,299051,1,"TNXB","Body",-0.0189199318272123
"chr2",33173163,33173301,2,-6.2363346225721,1.99055247494342,-6.2363346225721,1.99055247494342,-3.13296670199531,0.00173049072660797,299051,1,"LTBP1","Body",-0.024515487431682
"chr1",113286610,113286757,2,-19.8940455826319,6.35971177162073,-19.8940455826319,6.35971177162073,-3.12813635224887,0.00175918549804162,299051,1,"","",-0.0143418504532214
"chr1",175162515,175162550,2,5.61564348675212,1.79544781943424,5.61564348675212,1.79544781943424,3.12771188667664,0.00176172783816489,299051,1,"KIAA0040","TSS1500",-0.012639770916008
"chr3",113160313,113160437,3,-11.0571618347837,3.53811694795477,-11.0571618347837,3.53811694795477,-3.12515442463692,0.00177711740120888,299051,1,"WDR52","TSS200;5'UTR;1stExon",-0.00608162775453937
"chr4",1076041,1076247,2,-8.19502318116172,2.62957931785167,-8.19502318116172,2.62957931785167,-3.11647689253084,0.00183026023826855,299051,1,"RNF212","Body",-0.0308938678285796
"chr2",242843821,242844000,2,-7.63896799468665,2.45328744593834,-7.63896799468665,2.45328744593834,-3.11376802067516,0.00184714657616606,299051,1,"","",-0.0304575719683793
"chr10",43354902,43354963,2,-12.7511604067555,4.10053200773745,-12.7511604067555,4.10053200773745,-3.1096356235471,0.00187318266600991,299051,1,"","",-0.0186665897132516
"chr8",27737078,27737223,2,-25.0806899013135,8.07407015551681,-25.0806899013135,8.07407015551681,-3.10632548618327,0.00189428082960411,299051,1,"SCARA5","Body",0.000953558404346022
"chr3",195270596,195270614,2,-20.7286725362659,6.67889760599733,-20.7286725362659,6.67889760599733,-3.10360687632829,0.00191177171237849,299051,1,"PPP1R2","TSS1500",0.00207095978827668
"chr19",58728728,58728865,2,-8.94846771128448,2.88348158287742,-8.94846771128448,2.88348158287742,-3.10335525096534,0.0019133980857984,299051,1,"","",-0.0127091968502047
"chr2",202484320,202484583,2,-10.2172781778863,3.30438886127898,-10.2172781778863,3.30438886127898,-3.09203262897203,0.00198790997055439,299051,1,"ALS2CR11","TSS1500",-0.0114957938658578
"chr10",133484857,133484920,2,-11.2191622139333,3.63275242682499,-11.2191622139333,3.63275242682499,-3.08833658222585,0.00201280360548908,299051,1,"","",-0.035319272579978
"chr22",49765054,49765229,3,-5.59524626300825,1.81280455689127,-5.59524626300825,1.81280455689127,-3.086513789773,0.00202518552875624,299051,1,"","",-0.035842839588702
"chr2",88583557,88583785,2,-10.3364930353734,3.34912527982812,-10.3364930353734,3.34912527982812,-3.08632618123616,0.0020264638811258,299051,1,"","",-0.033163904121552
"chr1",43422920,43423072,2,-14.1793591573296,4.60143180428165,-14.1793591573296,4.60143180428165,-3.08151022560752,0.00205953402583376,299051,1,"SLC2A1","Body",-0.00925624593369717
"chr1",34642345,34642386,2,-6.98917926238093,2.2691360770561,-6.98917926238093,2.2691360770561,-3.08010583104758,0.00206927052731393,299051,1,"C1orf94","5'UTR;TSS200;TSS1500",0.00838063190138333
"chr2",66673428,66673449,2,-7.52138468945312,2.44404189854049,-7.52138468945312,2.44404189854049,-3.07743688598165,0.0020878904699638,299051,1,"MEIS1","Body",-0.0252493459685721
"chr3",4344661,4344921,3,-10.0759733077241,3.27516804269539,-10.0759733077241,3.27516804269539,-3.07647521482038,0.00209463716168679,299051,1,"SETMAR","TSS1500;TSS200",-0.00320132074969018
"chr7",27155036,27155039,2,22.6100465863768,7.35389078668117,22.6100465863768,7.35389078668117,3.07456926438539,0.00210806765153015,299051,1,"HOXA3","5'UTR;TSS1500",0.0229145897335451
"chr19",2308355,2308475,3,-11.5327907395001,3.75523582563977,-11.5327907395001,3.75523582563977,-3.07112290012714,0.00213255352648814,299051,1,"LINGO3","TSS1500;TSS200",-0.0231851884811797
"chr7",157453790,157453955,3,-16.7723821403288,5.46148029964209,-16.7723821403288,5.46148029964209,-3.07103225135279,0.00213320107752217,299051,1,"PTPRN2","Body",-0.00113935571472253
"chr17",55752319,55752472,3,-5.82190003915652,1.89649067278257,-5.82190003915652,1.89649067278257,-3.06982793151022,0.00214182128301993,299051,1,"MSI2","Body",-0.0321411827976121
"chr12",95010048,95010113,2,4.95341811860088,1.61374437679561,4.95341811860088,1.61374437679561,3.06951843788098,0.00214404170988381,299051,1,"TMCC3","Body",-0.0444780095052058
"chr3",32863175,32863439,2,-5.0434297173909,1.64610497072508,-5.0434297173909,1.64610497072508,-3.06385668416356,0.00218503557981428,299051,1,"TRIM71","Body",0.00269469366626879
"chr1",182921660,182921688,2,-21.1182616025449,6.89311272622483,-21.1182616025449,6.89311272622483,-3.0636756486225,0.00218635814142351,299051,1,"C1orf14","Body",-0.0215360486578929
"chr5",87984959,87985219,3,-12.0166646129393,3.92467421616403,-12.0166646129393,3.92467421616403,-3.06182474036899,0.00219992218195073,299051,1,"","",0.00328129676633609
"chr10",3147381,3147474,2,-8.19116734424422,2.67684649933124,-8.19116734424422,2.67684649933124,-3.0600063717851,0.00221332282608148,299051,1,"PFKP","Body",-0.0362958034150023
"chr6",166263710,166263737,2,-10.0933324313997,3.30678944385714,-10.0933324313997,3.30678944385714,-3.05230574935746,0.00227090659624961,299051,1,"","",-0.0466213412956562
"chr18",77905119,77905391,4,-5.80760457322019,1.9069730314069,-5.80760457322019,1.9069730314069,-3.04545710797785,0.00232326913621665,299051,1,"LOC100130522","TSS1500",-0.0257989309994611
"chr6",30139991,30139996,2,-13.8902675020757,4.56196798375799,-13.8902675020757,4.56196798375799,-3.0447972347744,0.0023283722798733,299051,1,"TRIM15","Body",0.000804325682437823
"chr16",86331580,86331661,2,-9.96276510655941,3.27210334090744,-9.96276510655941,3.27210334090744,-3.044758697565,0.0023286706252351,299051,1,"","",-0.012053555991885
"chr19",611107,611506,4,-6.78440147968204,2.22937731730334,-6.78440147968204,2.22937731730334,-3.04318224960163,0.00234090513774241,299051,1,"HCN2","Body",0.00184463467979712
"chr6",29574715,29574810,2,-13.8098298641082,4.54325089628599,-13.8098298641082,4.54325089628599,-3.03963619429371,0.00236864079985489,299051,1,"GABBR1","Body",0.00882212815334255
"chr20",57426759,57426789,2,-4.54013586016289,1.49399191775712,-4.54013586016289,1.49399191775712,-3.0389293316786,0.00237420540087821,299051,1,"GNAS;GNASAS","TSS1500;3'UTR",-0.0285701531266505
"chr2",20441905,20442131,4,-5.66641748774476,1.8648599530189,-5.66641748774476,1.8648599530189,-3.03852172843959,0.00237741959456416,299051,1,"","",-0.0151168774122009
"chr17",72839489,72839750,2,-10.5132188049682,3.46081408257912,-10.5132188049682,3.46081408257912,-3.03778780197675,0.00238321708696935,299051,1,"GRIN2C","Body",-0.00108784813162154
"chr12",133177546,133177827,3,-9.17446614253877,3.02393345430934,-9.17446614253877,3.02393345430934,-3.03395107106753,0.00241373573862631,299051,1,"","",-0.0641112140151598
"chr16",2902830,2903108,3,-7.74376250539658,2.55242124591733,-7.74376250539658,2.55242124591733,-3.03388890755511,0.00241423313979826,299051,1,"PRSS22","Body;3'UTR",0.000472659302543865
"chr16",66613266,66613273,2,-8.7649939342938,2.89159371917929,-8.7649939342938,2.89159371917929,-3.03119828908106,0.00243585223895108,299051,1,"CMTM2","TSS200",0.00279141494313086
"chr5",3605905,3605954,2,-17.7136005302093,5.84649981438004,-17.7136005302093,5.84649981438004,-3.02977868683772,0.00244732999720483,299051,1,"","",-0.012901836985636
"chr16",54228447,54228582,2,-8.36300779931539,2.76163272942725,-8.36300779931539,2.76163272942725,-3.02828385186825,0.00245946950553167,299051,1,"","",-0.0449865444470938
"chr10",29214191,29214361,2,-9.61051680854928,3.17414314813455,-9.61051680854928,3.17414314813455,-3.02775154113556,0.00246380567159211,299051,1,"","",-0.0197488901688492
"chr6",32037421,32037426,2,-18.185456389444,6.00913068265566,-18.185456389444,6.00913068265566,-3.02630402795753,0.00247563241158937,299051,1,"TNXB","Body",-0.00898408327014683
"chr2",71787808,71787827,2,-9.93436017448746,3.28811734156944,-9.93436017448746,3.28811734156944,-3.02129125651754,0.00251699121528281,299051,1,"DYSF","Body",-0.0268854143117128
"chr11",2154113,2154132,2,-8.9884257613423,2.97715442912133,-8.9884257613423,2.97715442912133,-3.01913319424116,0.00253499055876451,299051,1,"INS-IGF2;IGF2","Body;3'UTR",-0.0517276733991785
"chr6",2634100,2634373,2,-10.7573113151664,3.56312402543729,-10.7573113151664,3.56312402543729,-3.01906732360971,0.00253554180049759,299051,1,"C6orf195","5'UTR",0.00206772232345266
"chr6",158981802,158982071,2,-15.1186451810892,5.00986630661318,-15.1186451810892,5.00986630661318,-3.01777417914967,0.00254638577297458,299051,1,"TMEM181","Body",4.02233194568072e-05
"chr11",7110083,7110194,3,-7.25847736530725,2.40547179064876,-7.25847736530725,2.40547179064876,-3.01748596409423,0.00254880844233211,299051,1,"RBMXL2","TSS200;5'UTR;1stExon",-0.0256700513406913
"chr22",46659317,46659381,2,-13.1434628533767,4.35753192674011,-13.1434628533767,4.35753192674011,-3.01626312195706,0.00255911083531776,299051,1,"PKDREJ","TSS200",-0.00218431244339573
"chr7",48494519,48494608,3,-14.0817102369026,4.6712697167295,-14.0817102369026,4.6712697167295,-3.01453589512737,0.00257372753907874,299051,1,"ABCA13","Body",-0.0127374657911591
"chr5",140579296,140579470,4,-6.10025075347286,2.02560554880413,-6.10025075347286,2.02560554880413,-3.01156893901397,0.00259901379502817,299051,1,"PCDHB11","1stExon;TSS200",-0.00825964801318002
"chr1",91185157,91185168,2,-12.1743432130355,4.04517945812195,-12.1743432130355,4.04517945812195,-3.00959285961757,0.00261598098269225,299051,1,"","",0.00882365081581186
"chr13",20968936,20969084,2,-10.6076927938616,3.52659178657109,-10.6076927938616,3.52659178657109,-3.00791626472182,0.00263045605111795,299051,1,"","",-0.0138447933464216
"chr7",106301118,106301641,4,-20.9735448373403,6.98744316131894,-20.9735448373403,6.98744316131894,-3.00160507257441,0.00268560339050929,299051,1,"FLJ36031","TSS200;1stExon;5'UTR",-0.0119792321240576
"chr17",62097951,62097953,2,-13.4590350517614,4.49268601811123,-13.4590350517614,4.49268601811123,-2.99576578409985,0.00273756613889489,299051,1,"ICAM2","5'UTR;1stExon",-0.0145675695066357
"chr11",132107419,132107699,5,-14.699334741871,4.91250885958976,-14.699334741871,4.91250885958976,-2.99222559429614,0.00276951521726146,299051,1,"NTM","Body",0.0103505938277944
"chr13",111522222,111522314,2,-6.4972942973678,2.17411472544848,-6.4972942973678,2.17411472544848,-2.98847812459737,0.00280370569980994,299051,1,"C13orf29","Body",-0.0346689424242337
"chr17",33760293,33760527,3,-10.149804771701,3.40370613731027,-10.149804771701,3.40370613731027,-2.98198621215923,0.00286384896274283,299051,1,"SLFN12","TSS1500",-0.0240398156508054
"chr7",55516751,55517045,3,-7.11419798314229,2.39196458124284,-7.11419798314229,2.39196458124284,-2.97420707602863,0.00293746767615498,299051,1,"","",-0.0223777894603243
"chr1",230468694,230468773,3,-6.85059622276391,2.30550353024004,-6.85059622276391,2.30550353024004,-2.97140999044605,0.00296435753458224,299051,1,"PGBD5","Body",0.0149779187675854
"chr1",201252948,201252974,2,-7.48841103297209,2.5256566441404,-7.48841103297209,2.5256566441404,-2.96493628710198,0.00302745622436012,299051,1,"PKP1","1stExon",-0.0209439045346141
"chr5",23507644,23507656,2,-8.79016125096953,2.96579047849756,-8.79016125096953,2.96579047849756,-2.96385105916941,0.00303815296866782,299051,1,"PRDM9","TSS200",-0.00968460815152961
"chr2",71693870,71694284,4,-5.28593693798681,1.78502140790442,-5.28593693798681,1.78502140790442,-2.96127369373815,0.00306369552375481,299051,1,"DYSF","5'UTR;Body;1stExon",-0.0108106954867987
"chr20",57463530,57463572,2,-3.78891751496311,1.27956410030595,-3.78891751496311,1.27956410030595,-2.96110020127727,0.00306542190721225,299051,1,"GNAS","3'UTR;TSS1500;Body",-0.00865348247093495
"chr20",20257861,20258001,2,-9.61155036859749,3.24952274863842,-9.61155036859749,3.24952274863842,-2.95783446126814,0.00309808449497062,299051,1,"C20orf26","Body",-0.0373202216877104
"chr1",234367145,234367322,2,-34.043670500975,11.5168479093881,-34.043670500975,11.5168479093881,-2.95598854554846,0.00311668665464672,299051,1,"SLC35F3","Body",-0.00177856577766972
"chr12",56320952,56320970,2,-28.7672506071986,9.73379834992463,-28.7672506071986,9.73379834992463,-2.95539824979232,0.00312265679670252,299051,1,"WIBG","Body;TSS200",-0.000572952505649999
"chr11",2464845,2464851,2,-7.23855317071064,2.45822175722963,-7.23855317071064,2.45822175722963,-2.94462985262499,0.00323341232745125,299051,1,"KCNQ1","TSS1500",0.00904659019390858
"chr3",169379840,169380078,2,-25.5702041381158,8.68679985479884,-25.5702041381158,8.68679985479884,-2.94357007937625,0.00324450358233202,299051,1,"MECOM","Body",0.00373006154747838
"chr10",121301765,121302009,2,-9.76109732528702,3.31916840109047,-9.76109732528702,3.31916840109047,-2.94082617865371,0.00327338163670611,299051,1,"RGS10","Body",0.00589705206695669
"chr1",247694271,247694275,2,-7.13431542815158,2.4278213567075,-7.13431542815158,2.4278213567075,-2.93856687949513,0.00329733508682319,299051,1,"LOC148824;OR2C3","TSS200;3'UTR",0.0300265690648709
"chr8",10208156,10208257,2,-7.15604862504388,2.44333335971043,-7.15604862504388,2.44333335971043,-2.92880568122394,0.00340267071329383,299051,1,"MSRA","Body",0.0070013484034295
"chr13",112225507,112225526,2,-18.4985537838478,6.31633775159502,-18.4985537838478,6.31633775159502,-2.9286834414731,0.00340400904064169,299051,1,"","",-0.00996820309503849
"chr19",12817342,12817426,2,-14.7676694378225,5.04395541987929,-14.7676694378225,5.04395541987929,-2.92779539240573,0.00341374613597039,299051,1,"SNORD41;TNPO2","TSS200;Body",-0.0123508894263673
"chr10",131264846,131265071,4,-7.14395868574837,2.44022700157542,-7.14395868574837,2.44022700157542,-2.92757955761337,0.00341611650333958,299051,1,"MGMT","TSS1500",0.0031145412748116
"chr8",49835988,49835999,2,-15.058629279339,5.14966126571269,-15.058629279339,5.14966126571269,-2.9241980204799,0.00345344978897811,299051,1,"","",-3.08598302929397e-05
"chr19",52452317,52452368,2,-26.1107172662294,8.93156669735908,-26.1107172662294,8.93156669735908,-2.92341961393514,0.0034620960655741,299051,1,"","",-0.00684895870803765
"chr11",118842390,118842444,4,-7.91516737491274,2.70767362167826,-7.91516737491274,2.70767362167826,-2.92323539718453,0.00346414516391437,299051,1,"FOXR1","5'UTR;1stExon;TSS200",0.0129568323945163
"chr1",117317982,117318133,2,-13.0132189250463,4.45376576904035,-13.0132189250463,4.45376576904035,-2.92184627568555,0.00347963235955108,299051,1,"","",-0.0285420495694161
"chr5",87984861,87984943,2,-6.48082818622652,2.21948193483455,-6.48082818622652,2.21948193483455,-2.91997338861406,0.00350061276717926,299051,1,"","",0.00613442240977506
"chr15",90792313,90792609,2,-5.03950753865163,1.72626278670117,-5.03950753865163,1.72626278670117,-2.91931655914448,0.00350799790679716,299051,1,"TTLL13","TSS200;TSS1500",0.0155246719237952
"chr16",87086916,87087037,2,-8.44783153437822,2.894354361907,-8.44783153437822,2.894354361907,-2.91872745285142,0.00351463364984957,299051,1,"","",-0.0363972557081512
"chr8",144814911,144815204,3,8.06357332704895,2.76529962104705,8.06357332704895,2.76529962104705,2.91598540197093,0.0035456709016512,299051,1,"FAM83H","5'UTR",0.0438024734338598
"chr5",140220803,140220810,2,-11.3273192320995,3.88916940072011,-11.3273192320995,3.88916940072011,-2.91252914568395,0.00358514741641361,299051,1,"PCDHA6;PCDHA2;PCDHA1;PCDHA8;PCDHA7","Body;TSS200",-0.0151820725162674
"chr5",1228081,1228443,2,-15.8841408997059,5.45521816100799,-15.8841408997059,5.45521816100799,-2.91173339560281,0.00359429271328596,299051,1,"SLC6A18","Body",-0.0149051969242157
"chr19",37894346,37894762,3,-9.31865493325503,3.20840231891038,-9.31865493325503,3.20840231891038,-2.90445337180151,0.00367894998099279,299051,1,"","",-0.00819434746395781
"chr10",7859623,7859676,2,-12.0941326158332,4.16808792284629,-12.0941326158332,4.16808792284629,-2.90160208702469,0.00371259789741546,299051,1,"TAF3","TSS1500",-0.00147471363757513
"chr11",2293211,2293305,3,-4.64954731606435,1.6044226773028,-4.64954731606435,1.6044226773028,-2.89795661819037,0.00375602539663306,299051,1,"ASCL2","TSS1500",-0.0120436979556576
"chr3",138763894,138763899,2,-7.61449159804715,2.62755876296619,-7.61449159804715,2.62755876296619,-2.89793389414108,0.00375629754418138,299051,1,"PRR23C","TSS200",-0.054478271036864
"chr20",30220503,30220636,2,-12.0603291107939,4.16484978949884,-12.0603291107939,4.16484978949884,-2.89574167625506,0.00378263638255971,299051,1,"","",-0.023402410134128
"chr19",10172712,10172899,4,-8.05537891977153,2.78263086465481,-8.05537891977153,2.78263086465481,-2.8948787358365,0.00379305030836917,299051,1,"C3P1","Body",-0.0174562471793389
"chr10",77352231,77352287,2,-16.5954578082587,5.73762163069578,-16.5954578082587,5.73762163069578,-2.89239320339187,0.00382319136234636,299051,1,"","",-0.00884043872088003
"chr10",81967195,81967536,3,-8.37755808721388,2.89695432424615,-8.37755808721388,2.89695432424615,-2.89185025013948,0.00382980443186774,299051,1,"","",-0.0217378900665776
"chr12",133179978,133180698,4,-9.10979577033983,3.1534910432253,-9.10979577033983,3.1534910432253,-2.88879709676378,0.00386718519675137,299051,1,"","",-0.0779074983167951
"chr18",19780644,19780728,2,-16.1861393944836,5.6074941982899,-16.1861393944836,5.6074941982899,-2.88651915135639,0.00389529039897929,299051,1,"GATA6","Body",-0.0204202641842188
"chr22",32438947,32439259,4,-7.54576539493447,2.61551451338363,-7.54576539493447,2.61551451338363,-2.88500230311193,0.00391410798388815,299051,1,"SLC5A1","5'UTR;1stExon;TSS200",-0.0242372280138529
"chr6",31649093,31649291,2,-19.7871749926466,6.85864241346612,-19.7871749926466,6.85864241346612,-2.88499877961226,0.00391415179136844,299051,1,"LY6G5C","TSS1500",-0.00107877212701931
"chr12",14518526,14518548,3,14.7633571476859,5.11914464852716,14.7633571476859,5.11914464852716,2.88394998799917,0.00392721117180798,299051,1,"ATF7IP","TSS200",0.0654375681574955
"chr7",156889041,156889254,2,-8.00958200565682,2.7844794460288,-8.00958200565682,2.7844794460288,-2.87650965320646,0.00402099896319116,299051,1,"","",-0.0228615438079975
"chr10",86300587,86300812,2,-24.9295760799598,8.6667099246014,-24.9295760799598,8.6667099246014,-2.87647519033658,0.00402143806974778,299051,1,"","",-0.00921438067894211
"chr6",1601693,1601802,2,-8.47909480681485,2.9485579783054,-8.47909480681485,2.9485579783054,-2.87567511617593,0.00403164441001395,299051,1,"","",-0.00682273373937958
"chr10",101290168,101290270,2,-16.7041612026329,5.81691734276186,-16.7041612026329,5.81691734276186,-2.87165180770847,0.00408332604735489,299051,1,"","",-0.019025593193006
"chr8",30300223,30300306,2,-8.26866802289859,2.88123578118661,-8.26866802289859,2.88123578118661,-2.8698338667352,0.0041068751386148,299051,1,"RBPMS","Body",-0.0172219972077367
"chr15",100889701,100889719,2,-8.15435000548731,2.84287885495398,-8.15435000548731,2.84287885495398,-2.86834241679965,0.00412628691616123,299051,1,"FLJ42289","Body",-0.0110022610855359
"chr20",32255988,32256071,2,-11.315961463548,3.94634668913495,-11.315961463548,3.94634668913495,-2.86745244524589,0.0041379098540346,299051,1,"NECAB3;C20orf134","Body;1stExon;3'UTR",0.00116131436169144
"chr17",18057079,18057145,2,10.9026856781977,3.80485354850414,10.9026856781977,3.80485354850414,2.86546789231454,0.00416393496364599,299051,1,"MYO15A","Body",0.0446404155720354
"chr2",11810508,11810683,5,-6.55962583803479,2.29056377538069,-6.55962583803479,2.29056377538069,-2.86376040193187,0.00418644547509919,299051,1,"NTSR2","TSS1500;TSS200",-0.0150220192720831
"chr1",22109947,22110159,2,-38.0330955888161,13.288937217326,-38.0330955888161,13.288937217326,-2.86201183486885,0.00420961187644205,299051,1,"USP48","TSS1500",-0.0025286127452889
"chr6",33091634,33091795,2,-11.2710972709976,3.93820605552446,-11.2710972709976,3.93820605552446,-2.86198769492689,0.00420993251368856,299051,1,"HLA-DPB2","Body",-0.0091064836819445
"chr3",138739722,138739874,2,-7.85029076870159,2.75002630155295,-7.85029076870159,2.75002630155295,-2.85462388642192,0.00430878230004038,299051,1,"PRR23B","1stExon;5'UTR;TSS200",-0.0163820071267263
"chr14",95330880,95330984,2,-9.51720394710304,3.33579594991097,-9.51720394710304,3.33579594991097,-2.85305339115753,0.00433013457302686,299051,1,"","",-0.00967120660388193
"chr10",33294599,33294676,2,-16.3349445746411,5.72564507092342,-16.3349445746411,5.72564507092342,-2.8529439691599,0.00433162583073213,299051,1,"","",-0.0104146768894478
"chr1",11561497,11561711,3,-7.29181595043431,2.55619357371572,-7.29181595043431,2.55619357371572,-2.85260710511638,0.0043362197060593,299051,1,"PTCHD2","Body",-0.0210656995549225
"chr1",3590920,3591248,2,-7.59127611821862,2.66213459114355,-7.59127611821862,2.66213459114355,-2.85157487659468,0.00435032390868197,299051,1,"TP73","5'UTR",-0.0127386844248949
"chr2",54087178,54087552,7,8.76546249161696,3.08379973583543,8.76546249161696,3.08379973583543,2.84242273898578,0.00447720813781936,299051,1,"LOC100302652;GPR75","TSS200;TSS1500",0.0316933078311122
"chr8",101225028,101225902,6,-9.34041138254274,3.28668542700216,-9.34041138254274,3.28668542700216,-2.84189393539323,0.00448464087216527,299051,1,"SPAG1","Body",-0.0162766959638343
"chr16",31235535,31235706,2,-9.59532975007973,3.37794542435007,-9.59532975007973,3.37794542435007,-2.84058163903755,0.00450313451232724,299051,1,"TRIM72","Body",-0.00123345595872271
"chr17",33759573,33759957,4,-8.04210124365273,2.83139146681224,-8.04210124365273,2.83139146681224,-2.84033533967913,0.00450661319663773,299051,1,"SLFN12","TSS1500;TSS200",-0.0391366870447038
"chr7",2123294,2123446,2,-20.5816439558455,7.26301795425067,-20.5816439558455,7.26301795425067,-2.83375920113211,0.00460039827334669,299051,1,"MAD1L1","Body",-0.00092469014544444
"chr11",70048845,70048852,2,-8.99487862130323,3.17847428765452,-8.99487862130323,3.17847428765452,-2.82993594009558,0.00465573249772831,299051,1,"FADD","TSS1500",-0.0232866072130991
"chr19",43979464,43979614,2,32.1136156602887,11.349049961681,32.1136156602887,11.349049961681,2.82963030110162,0.00466018193248449,299051,1,"PHLDB3","3'UTR;Body",0.0112178548364329
"chr3",49236800,49236808,2,-5.88795076599518,2.08421439940172,-5.88795076599518,2.08421439940172,-2.82502163294013,0.00472774239696977,299051,1,"CCDC36","TSS200;5'UTR",0.00335151029183672
"chr16",4013337,4013537,2,-6.70068291184134,2.37560466586966,-6.70068291184134,2.37560466586966,-2.82062205387544,0.00479306360982218,299051,1,"ADCY9","3'UTR",-0.0423613452385927
"chr7",2151184,2151462,3,-8.70759699535246,3.09116646521248,-8.70759699535246,3.09116646521248,-2.8169291732899,0.0048485216495049,299051,1,"MAD1L1","Body",0.0135500733820346
"chr17",6616644,6616653,2,-16.7205358974833,5.93738841720697,-16.7205358974833,5.93738841720697,-2.81614317989135,0.0048604000207315,299051,1,"SLC13A5","5'UTR;1stExon",0.00482104906594737
"chr2",176993841,176994142,2,-31.2872858248333,11.1214568377852,-31.2872858248333,11.1214568377852,-2.81323627661214,0.00490455985194588,299051,1,"HOXD8","TSS1500",0.000918835018681226
"chr20",62178744,62178943,2,-10.6999312634404,3.80391358177167,-10.6999312634404,3.80391358177167,-2.81287443403404,0.00491008205960808,299051,1,"SRMS","TSS200;1stExon",-0.0152181159162746
"chr3",136751559,136751656,2,-27.6962161094007,9.84891781801208,-27.6962161094007,9.84891781801208,-2.81210754533344,0.00492180441474205,299051,1,"","",-0.0367615525821787
"chr5",140562819,140563213,4,-7.30387086988318,2.5988188040892,-7.30387086988318,2.5988188040892,-2.81045791202936,0.00494710588335653,299051,1,"PCDHB16","1stExon",0.00422089113951178
"chr10",38069720,38069945,3,-8.39698826219701,2.98795228369683,-8.39698826219701,2.98795228369683,-2.81028191380884,0.00494981221212067,299051,1,"","",-0.0186660647127749
"chr6",160211790,160212070,2,-32.4542683788138,11.5519928418828,-32.4542683788138,11.5519928418828,-2.80940862957843,0.00496326053927015,299051,1,"TCP1;MRPL18","TSS1500;Body",-0.00632049504536196
"chr20",56239590,56239669,2,-4.83837325335157,1.72270736875416,-4.83837325335157,1.72270736875416,-2.80858684481661,0.00497594595811339,299051,1,"PMEPA1","5'UTR;Body",0.022996162607441
"chr11",1283946,1283970,2,-36.1357836963185,12.8764945835232,-36.1357836963185,12.8764945835232,-2.80633704009459,0.00501082504851584,299051,1,"","",0.00264510553349757
"chr16",86774865,86775122,2,-6.58308345596095,2.34676091339206,-6.58308345596095,2.34676091339206,-2.80517858397667,0.00502887086792969,299051,1,"","",-0.0530267269026402
"chr6",33167488,33167642,2,-13.9828560176684,4.98530307746194,-13.9828560176684,4.98530307746194,-2.80481563515838,0.00503453677001752,299051,1,"SLC39A7;RXRB","TSS1500;Body",0.00985206033272501
"chr5",140552105,140552347,2,-8.92120070791256,3.18179399803319,-8.92120070791256,3.18179399803319,-2.80382724759275,0.00504999550859557,299051,1,"PCDHB7","TSS200;1stExon;5'UTR",-0.000558473821152372
"chr2",173293627,173294093,2,-9.12358244061388,3.25829449326619,-9.12358244061388,3.25829449326619,-2.8001098303021,0.00510852221530336,299051,1,"ITGA6","Body",-0.0133578475050325
"chr11",34460351,34460386,2,-18.6408518119945,6.65952873640107,-18.6408518119945,6.65952873640107,-2.79912476540619,0.00512413340491255,299051,1,"CAT","TSS200",-0.00853566923106149
"chr1",214160860,214161306,2,-21.2184047701871,7.60255245801665,-21.2184047701871,7.60255245801665,-2.79095802197497,0.00525522875080894,299051,1,"PROX1","TSS1500",0.000277928803144714
"chr1",1377656,1377938,2,-14.4642370456634,5.1861917629033,-14.4642370456634,5.1861917629033,-2.78899001558827,0.00528726950151728,299051,1,"VWA1","3'UTR",-0.00815973285169846
"chr5",1855960,1856325,3,-18.2156468360099,6.54033950771316,-18.2156468360099,6.54033950771316,-2.78512251765031,0.00535075011741238,299051,1,"","",-0.0313271548421178
"chr7",175713,175967,2,-15.5646506670301,5.59759668147107,-15.5646506670301,5.59759668147107,-2.78059523626479,0.00542593420032836,299051,1,"","",-0.00873249056166586
"chr4",1244017,1244360,5,-11.6987889767345,4.20991119894329,-11.6987889767345,4.20991119894329,-2.77886834754875,0.00545486282864784,299051,1,"CTBP1;C4orf42","TSS1500;TSS200;5'UTR;1stExon",-0.0231606335229234
"chr14",101192273,101192277,2,-12.3261118737822,4.44058700120595,-12.3261118737822,4.44058700120595,-2.77578434347413,0.00550687223268259,299051,1,"DLK1","TSS1500",-0.0106410718199524
"chr20",57042304,57042544,2,-12.3223353664618,4.44061466964464,-12.3223353664618,4.44061466964464,-2.77491660122987,0.00552158651270566,299051,1,"APCDD1L","Body",-0.0253054007027051
"chr17",79283095,79283123,2,-9.09797667775956,3.27895713195118,-9.09797667775956,3.27895713195118,-2.7746555723788,0.00552601970837632,299051,1,"C17orf55","TSS200",-0.018769853033969
"chr8",20107577,20107758,3,-6.38621389712452,2.30338076414139,-6.38621389712452,2.30338076414139,-2.77253938929418,0.00556207875275292,299051,1,"LZTS1","Body",0.00749441457205424
"chr5",42993440,42993450,2,-14.336788131239,5.18343482558988,-14.336788131239,5.18343482558988,-2.76588567496988,0.00567684328081971,299051,1,"","",-0.0241054166132753
"chr17",33289464,33289944,2,11.5471183524663,4.18412119776124,11.5471183524663,4.18412119776124,2.7597475806018,0.00578460374184954,299051,1,"ZNF830;CCT6B","1stExon;TSS1500;3'UTR",0.0335991904812517
"chr17",62398356,62398426,2,-10.5796357194319,3.83449291475211,-10.5796357194319,3.83449291475211,-2.75907035288286,0.00579660543135498,299051,1,"","",0.00198427671327986
"chr15",93591765,93591806,2,-28.6161973602389,10.3727725606437,-28.6161973602389,10.3727725606437,-2.75877998798647,0.00580175809100367,299051,1,"RGMA","Body",-0.0130034116863099
"chr2",231989800,231989824,2,9.77188266438653,3.54442791827769,9.77188266438653,3.54442791827769,2.75697034604526,0.00583396419863189,299051,1,"HTR2B;PSMD1","TSS200;Body;1stExon;5'UTR",0.0356809075050006
"chr21",46378368,46378625,2,-22.289672130168,8.0959890240344,-22.289672130168,8.0959890240344,-2.75317469724787,0.00590203926000217,299051,1,"C21orf70","Body",-0.0167519532347795
"chr6",168533375,168533507,2,-5.93870665513135,2.15831453536983,-5.93870665513135,2.15831453536983,-2.75154828353771,0.00593142751713266,299051,1,"","",-0.0523158216106881
"chr5",78365255,78365647,2,-18.5284691396213,6.73819500670356,-18.5284691396213,6.73819500670356,-2.74976742602255,0.00596375767502075,299051,1,"DMGDH;BHMT2","TSS200;Body;TSS1500",-0.0101968594862487
"chr19",21666552,21666788,2,-8.61853701876428,3.13508194620665,-8.61853701876428,3.13508194620665,-2.74906275709713,0.00597659420734269,299051,1,"","",-0.00786908901239311
"chr2",18766018,18766140,3,-4.87746950437792,1.77429113397512,-4.87746950437792,1.77429113397512,-2.74896797429769,0.00597832270713752,299051,1,"NT5C1B","Body",0.0107572877357811
"chr3",42977845,42977896,3,-8.46116533393063,3.09535367270911,-8.46116533393063,3.09535367270911,-2.7335051915167,0.00626641354726464,299051,1,"","",-0.00333745613622645
"chr10",85985296,85985779,4,8.72559442675055,3.19865901734,8.72559442675055,3.19865901734,2.72789140056783,0.00637405889996928,299051,1,"LRIT2","TSS200;TSS1500",0.00895558692313997
"chr1",151019134,151019274,2,-7.31100087874824,2.6809636911297,-7.31100087874824,2.6809636911297,-2.72700480910562,0.00639121075904098,299051,1,"C1orf56;BNIPL","TSS1500;Body;3'UTR",-0.0280346663596522
"chr6",163768411,163768551,2,-20.0846876591626,7.36764681208757,-20.0846876591626,7.36764681208757,-2.7260654821579,0.00640942812913037,299051,1,"","",-0.0102832854513622
"chr19",58630089,58630240,2,-8.36181971297116,3.06978648836841,-8.36181971297116,3.06978648836841,-2.72390921800411,0.00645142370632928,299051,1,"ZSCAN18","TSS1500",-0.00518966222070047
"chr19",15121204,15121333,3,-7.33988577444079,2.69484513408593,-7.33988577444079,2.69484513408593,-2.7236762816541,0.00645597517711429,299051,1,"CCDC105","TSS1500",0.00322311634401858
"chr15",31516404,31516481,2,-7.80923276962348,2.86837377143985,-7.80923276962348,2.86837377143985,-2.72252969518106,0.00647842109079527,299051,1,"","",-0.0384161020020899
"chr7",131242787,131242878,2,-21.5384824752847,7.91184245255982,-21.5384824752847,7.91184245255982,-2.72230932357811,0.00648274318430465,299051,1,"PODXL","TSS1500",-0.00524038522416774
"chr19",44324951,44325004,2,-26.898554336367,9.88406432428191,-26.898554336367,9.88406432428191,-2.72140624077952,0.00650048223057554,299051,1,"LYPD5","TSS200",-0.0149977729733349
"chr5",131562848,131563015,2,-6.96275188576028,2.55961817151519,-6.96275188576028,2.55961817151519,-2.72023068254693,0.00652363885451029,299051,1,"P4HA2","TSS200;5'UTR;1stExon",0.00531133473497127
"chr5",43044703,43045001,2,5.36943207273094,1.97725639447461,5.36943207273094,1.97725639447461,2.71559727293622,0.00661563387574313,299051,1,"LOC153684","Body",0.0408384426807762
"chr10",12648032,12648176,2,-6.02601415677544,2.22027562860949,-6.02601415677544,2.22027562860949,-2.71408381875065,0.00664593483946899,299051,1,"CAMK1D","Body",-0.0579951080429473
"chr6",29692085,29692092,2,-5.50826299117109,2.0327261031524,-5.50826299117109,2.0327261031524,-2.7097910449562,0.00673256080335611,299051,1,"HLA-F","Body",0.0326629542161105
"chr19",35940461,35940862,4,-13.90355529666,5.13096578102791,-13.90355529666,5.13096578102791,-2.70973455875876,0.00673370739957316,299051,1,"FFAR2","TSS200;1stExon",-0.0190438503193738
"chr5",180488960,180489057,2,-10.7641055174624,3.97537228781816,-10.7641055174624,3.97537228781816,-2.70769747790594,0.00677517496711268,299051,1,"","",-0.00813117356050475
"chr4",1041044,1041450,3,-9.40106787208655,3.48642711169819,-9.40106787208655,3.48642711169819,-2.69647624083196,0.00700773966061497,299051,1,"","",-0.0557060453501704
"chr17",40557138,40557347,2,-14.9287005627263,5.53856101942223,-14.9287005627263,5.53856101942223,-2.69541140927678,0.00703017695025978,299051,1,"PTRF","Body",-0.00638906027737102
"chr2",241076543,241076601,4,-5.89582916303526,2.18947089105302,-5.89582916303526,2.18947089105302,-2.69281002416053,0.00708526283203352,299051,1,"MYEOV2","TSS1500",-0.0356802992288592
"chr8",47015640,47015854,3,-4.40664378595751,1.63700931122897,-4.40664378595751,1.63700931122897,-2.69188681807145,0.00710490524883216,299051,1,"","",0.00848391453552568
"chr9",137718987,137719300,3,-9.32584928485171,3.46565950278771,-9.32584928485171,3.46565950278771,-2.69093062297383,0.00712530107752309,299051,1,"COL5A1","Body",0.00961158741111257
"chr6",29768219,29768230,2,-22.6117266220858,8.4131595341876,-22.6117266220858,8.4131595341876,-2.68766169596583,0.00719542553193029,299051,1,"","",-0.00575434632980615
"chr17",8868669,8868688,2,-8.48230938116774,3.16110915648208,-8.48230938116774,3.16110915648208,-2.68333327363092,0.00728923103514048,299051,1,"PIK3R5","5'UTR",-0.0118233469945535
"chr7",135413023,135413099,2,-8.40823307421409,3.13688586626029,-8.40823307421409,3.13688586626029,-2.68043959286225,0.00735255336191162,299051,1,"SLC13A4","TSS200",-0.0201061614239335
"chr15",33359788,33360195,2,-9.18560851111205,3.42783155327229,-9.18560851111205,3.42783155327229,-2.67971408990131,0.00736850669851284,299051,1,"FMN1","TSS200;1stExon",-0.0217919285050925
"chr11",76381040,76381044,2,-7.54480968345267,2.8159122831005,-7.54480968345267,2.8159122831005,-2.67934826263315,0.00737656277215458,299051,1,"LRRC32","5'UTR;1stExon;TSS200",-0.0184793813663328
"chr16",86767628,86767757,2,-8.18984759836285,3.06144533496116,-8.18984759836285,3.06144533496116,-2.67515722225586,0.00746942122487691,299051,1,"","",-0.0207505022674508
"chr14",105167820,105167973,2,-23.8202083187707,8.90643446924258,-23.8202083187707,8.90643446924258,-2.67449431094242,0.00748420460425774,299051,1,"INF2","Body",-0.0274470954359143
"chr17",1613851,1613880,2,-32.9691694941524,12.3400097694311,-32.9691694941524,12.3400097694311,-2.67172961044361,0.00754614263721352,299051,1,"TLCD2","TSS200;TSS1500",-0.00687375823171014
"chr10",44163067,44163499,3,-5.55825009618325,2.08277926803477,-5.55825009618325,2.08277926803477,-2.66866978248146,0.00761522792533545,299051,1,"","",-0.0151168255978046
"chr12",133481390,133481466,2,-12.2436129006799,4.60084462826209,-12.2436129006799,4.60084462826209,-2.66116634877645,0.00778704748170632,299051,1,"","",0.0126590243311431
"chr19",50666379,50666552,4,-9.77527635875384,3.67690283559561,-9.77527635875384,3.67690283559561,-2.65856259896799,0.00784747706488195,299051,1,"C19orf41","TSS200;1stExon;5'UTR",0.0090570817356368
"chr4",42348136,42348211,2,-11.7961491504607,4.44155322059165,-11.7961491504607,4.44155322059165,-2.65586126397679,0.00791061515515381,299051,1,"","",-0.000356739963750741
"chr5",23507469,23507594,2,-9.58144462531268,3.60781728812015,-9.58144462531268,3.60781728812015,-2.65574552704277,0.00791333040132062,299051,1,"PRDM9","TSS1500;TSS200",-0.0139938985992715
"chr10",131927345,131927401,2,-13.010239375471,4.89921694023865,-13.010239375471,4.89921694023865,-2.65557527543111,0.00791732610611484,299051,1,"","",-0.0175080750613664
"chr19",3481788,3481957,2,-9.89429302754273,3.73874309003135,-9.89429302754273,3.73874309003135,-2.64642228398201,0.00813481949685611,299051,1,"C19orf77","TSS1500",-0.0261305828853744
"chr5",42756851,42757171,4,-7.77730095964778,2.94020019533795,-7.77730095964778,2.94020019533795,-2.64516034383633,0.0081652215097836,299051,1,"CCDC152","TSS200;5'UTR",-0.014636594357514
"chr1",228890884,228890938,2,-16.3370995551325,6.18558476987787,-16.3370995551325,6.18558476987787,-2.64115684497443,0.00826234593987044,299051,1,"","",-0.0200347621257078
"chr21",36164145,36164167,2,-17.2598620101326,6.53895617088049,-17.2598620101326,6.53895617088049,-2.63954392093877,0.00830176652733058,299051,1,"RUNX1","3'UTR",4.38606442171863e-05
"chr19",37742481,37742739,2,34.2990421820932,12.9987326119617,34.2990421820932,12.9987326119617,2.63864510533361,0.0083238069205628,299051,1,"","",0.0128388363670984
"chr2",234847554,234847769,3,-6.45873089396426,2.44930355796206,-6.45873089396426,2.44930355796206,-2.63696628087139,0.00836511462424325,299051,1,"TRPM8","Body",-0.0496766879883514
"chr16",67997921,67998030,2,-6.61847695698611,2.512477847631,-6.61847695698611,2.512477847631,-2.63424291013218,0.00843251363411538,299051,1,"SLC12A4","Body;TSS200;1stExon",0.00599332498894356
"chr18",72201655,72201663,2,3.29497295614012,1.25136809875065,3.29497295614012,1.25136809875065,2.63309649609079,0.00846103048137582,299051,1,"CNDP1","TSS200",-0.0396553368212207
"chr8",145235328,145235410,2,-23.2412571968605,8.83120618712671,-23.2412571968605,8.83120618712671,-2.63171946214316,0.00849539794814142,299051,1,"HEATR7A","Body",-0.0060397743240988
"chr17",37074981,37075068,3,-4.74129446864319,1.80182492217613,-4.74129446864319,1.80182492217613,-2.63138466467483,0.00850377253143654,299051,1,"LASP1","3'UTR;Body",0.00604872228973719
"chr6",166511593,166511686,2,-12.5476958379325,4.77229045657653,-12.5476958379325,4.77229045657653,-2.62928167346583,0.00855654551808731,299051,1,"","",-0.0094549692717185
"chr2",54087008,54087028,2,14.9628644822139,5.70497184769056,14.9628644822139,5.70497184769056,2.62277621725181,0.00872165380692,299051,1,"GPR75;LOC100302652","5'UTR;1stExon",0.0237728179715226
"chr19",34174777,34175007,3,-5.1649515899385,1.97217004846041,-5.1649515899385,1.97217004846041,-2.61891797513636,0.00882091547596667,299051,1,"CHST8","5'UTR;TSS1500",-0.00147407352201249
"chr18",46987532,46987786,2,-12.2776204935247,4.68867187536668,-12.2776204935247,4.68867187536668,-2.61857106231486,0.00882988982825234,299051,1,"DYM","TSS1500",-0.0128477982007767
"chr20",44838981,44839187,2,-22.0755965323042,8.43932494608907,-22.0755965323042,8.43932494608907,-2.61580122501793,0.00890183632354878,299051,1,"CDH22","Body",-0.0168567953176706
"chr21",46859045,46859183,2,-8.54467437425694,3.27210484684002,-8.54467437425694,3.27210484684002,-2.61136937054717,0.00901804328556541,299051,1,"COL18A1","Body",-0.0382930376526052
"chr14",50065333,50065649,2,-9.85037956049067,3.7774467771584,-9.85037956049067,3.7774467771584,-2.60768189245029,0.00911576247865076,299051,1,"PPIL5","TSS200;1stExon;5'UTR",-0.00632355765178329
"chr1",2230640,2230668,2,-7.53665353872431,2.89318133777512,-7.53665353872431,2.89318133777512,-2.60497101938313,0.00918820313189814,299051,1,"SKI","Body",-0.0398934420321649
"chr21",48025691,48026181,3,-2.30600705287406,0.885791854967051,-2.30600705287406,0.885791854967051,-2.6033283552374,0.00923234841936954,299051,1,"S100B","TSS1500",-0.0431870375226896
"chr17",5018984,5019310,3,-7.59377536722981,2.91832237435041,-7.59377536722981,2.91832237435041,-2.60210298696699,0.00926540237624367,299051,1,"ZNF232","5'UTR",-0.00880655380555894
"chr6",170451326,170451590,2,-11.7074953687278,4.50632454993478,-11.7074953687278,4.50632454993478,-2.5980142439801,0.00937646043556546,299051,1,"","",-0.0122730893181569
"chr6",32145383,32145470,2,23.404362721205,9.01451230541593,23.404362721205,9.01451230541593,2.59629827197015,0.00942342221215434,299051,1,"RNF5P1;RNF5;AGPAT1","TSS1500;5'UTR",1.21848986657964e-05
"chr7",1961869,1961968,2,-5.63485693285114,2.17147614942453,-5.63485693285114,2.17147614942453,-2.59494304569933,0.0094606594580088,299051,1,"MAD1L1","Body",-0.0106871270743023
"chr1",32741454,32741518,2,-7.09124897852282,2.73313534431455,-7.09124897852282,2.73313534431455,-2.59454731843924,0.00947155749457702,299051,1,"LCK","Body",-0.0203909164472665
"chr6",32055146,32055316,2,-10.123731847472,3.90761217882913,-10.123731847472,3.90761217882913,-2.59077190472507,0.00957609389745915,299051,1,"TNXB","Body",-0.0299777720912231
"chr13",100608447,100608705,2,-8.96301547895529,3.46536231246686,-8.96301547895529,3.46536231246686,-2.5864584048572,0.00969678733361346,299051,1,"","",-0.0149684579544555
"chr19",852813,853054,2,-5.60759596907324,2.17308149708309,-5.60759596907324,2.17308149708309,-2.58048120910341,0.00986627256149794,299051,1,"ELANE","Body",-0.0481863117256336
"chr17",56024688,56024804,2,6.2777684250961,2.43498980542219,6.2777684250961,2.43498980542219,2.57814977751319,0.00993309330039625,299051,1,"","",-0.0199819176302478
"chr1",236686671,236686804,2,-8.25549897049733,3.20643670848616,-8.25549897049733,3.20643670848616,-2.5746645641401,0.0100337342363844,299051,1,"LGALS8","5'UTR;1stExon;TSS1500;TSS200",-0.0151312172749918
"chr6",30122143,30122152,2,-8.17275946264399,3.17494117389584,-8.17275946264399,3.17494117389584,-2.574145162071,0.010048810277368,299051,1,"TRIM10","Body",-0.00538914054488371
"chr8",145163960,145164665,3,-8.62303578817284,3.35111562471728,-8.62303578817284,3.35111562471728,-2.57318360625063,0.0100767734198108,299051,1,"KIAA1875","Body",-0.0140590176758564
"chr11",75139390,75139544,2,-8.82151621233127,3.4331039094499,-8.82151621233127,3.4331039094499,-2.56954535749685,0.0101832060097535,299051,1,"KLHL35","Body",-0.0521652863734671
"chr6",1446388,1446441,2,-11.1944561198006,4.36263645606256,-11.1944561198006,4.36263645606256,-2.5659841778116,0.010288352107822,299051,1,"","",-0.0254330131825518
"chr8",1861037,1861064,2,-6.50653960337602,2.53695241808481,-6.50653960337602,2.53695241808481,-2.5647069913467,0.0103262966207238,299051,1,"ARHGEF10","Body",-0.0687385499845949
"chr8",8751477,8751498,2,-28.2765724489334,11.0287377585959,-28.2765724489334,11.0287377585959,-2.56389924829742,0.0103503584696339,299051,1,"MFHAS1","TSS1500",-0.000109340655708313
"chr9",117349544,117349621,2,-7.42595918275839,2.90099458998464,-7.42595918275839,2.90099458998464,-2.55979766677115,0.0104733120272316,299051,1,"ATP6V1G1","TSS1500",0.0143983831799052
"chr15",101419017,101419275,7,-4.91103870230439,1.91864717720469,-4.91103870230439,1.91864717720469,-2.55963616482076,0.0104781798683088,299051,1,"ALDH1A3","TSS1500",0.0146186573972
"chr2",74347215,74347616,4,-8.38519463820687,3.28092641903334,-8.38519463820687,3.28092641903334,-2.5557399244197,0.0105962283560733,299051,1,"","",-0.0425380640261616
"chr6",30095140,30095419,16,-2.37827561984053,0.930794446703043,-2.37827561984053,0.930794446703043,-2.5551029319788,0.0106156400796532,299051,1,"","",0.0189724085766851
"chr14",24780167,24780404,2,-5.70849817302866,2.23498789016415,-5.70849817302866,2.23498789016415,-2.55415172411041,0.0106446860883761,299051,1,"LTB4R2;LTB4R;CIDEB","1stExon;Body;TSS1500;5'UTR",-0.0272655076346399
"chr10",105207034,105207135,2,-10.0196725725609,3.93176578890897,-10.0196725725609,3.93176578890897,-2.54838998824018,0.0108221414070421,299051,1,"CALHM2","Body",-0.0196044038630288
"chr5",140552369,140552505,2,-7.13492200369627,2.80158136828713,-7.13492200369627,2.80158136828713,-2.54674809179593,0.0108731892085592,299051,1,"PCDHB7","1stExon;5'UTR",-0.00310027958071613
"chr3",128207819,128208037,2,-20.0205538360055,7.86223076530423,-20.0205538360055,7.86223076530423,-2.54642154798553,0.0108833671794781,299051,1,"GATA2","5'UTR;TSS1500",0.00210007101829936
"chr16",54227790,54227814,2,-7.23499688470819,2.84176804834216,-7.23499688470819,2.84176804834216,-2.54594912801872,0.0108981069181995,299051,1,"","",-0.0563581737871635
"chr11",70432884,70433086,2,5.68532541788041,2.23437731554207,5.68532541788041,2.23437731554207,2.54447866899379,0.0109440995929481,299051,1,"SHANK2","Body",0.0487100504919271
"chr7",150104961,150105086,2,-17.5105490144076,6.88304153822393,-17.5105490144076,6.88304153822393,-2.5440132704656,0.0109586921120615,299051,1,"LOC728743","Body",-0.0145486380930441
"chr16",75150784,75150799,2,17.2450186874847,6.79892280330064,17.2450186874847,6.79892280330064,2.53643395967267,0.0111987862869291,299051,1,"LDHD","TSS200",0.0215172725342449
"chr10",102496500,102496915,2,-6.20575510403217,2.44684133542839,-6.20575510403217,2.44684133542839,-2.53623110504861,0.011205275925793,299051,1,"","",0.02093337711571
"chr5",2112260,2112351,2,13.6994825528099,5.41051811704273,13.6994825528099,5.41051811704273,2.53200936702485,0.0113410961546343,299051,1,"","",0.0301278244207213
"chr19",3196206,3196307,2,-13.0713701443336,5.17016845922934,-13.0713701443336,5.17016845922934,-2.52822906011887,0.0114639531111663,299051,1,"NCLN","Body",-0.0122851683843163
"chr1",100435258,100435336,2,-21.7768486005123,8.61786205681399,-21.7768486005123,8.61786205681399,-2.52694327861674,0.0115060083970018,299051,1,"SLC35A3","TSS1500",0.00285113903430826
"chr19",51506165,51506273,2,-6.08620564750681,2.4094240319395,-6.08620564750681,2.4094240319395,-2.52600022529352,0.0115369407270716,299051,1,"KLK9;KLK8","3'UTR;TSS1500",-0.00122977617552711
"chr1",31885823,31885850,2,-10.8924585734132,4.31906046237019,-10.8924585734132,4.31906046237019,-2.52195093546703,0.0116705985193491,299051,1,"SERINC2","TSS200",-0.0147152985116902
"chr22",50585197,50585229,3,-5.40021833837978,2.14513523737518,-5.40021833837978,2.14513523737518,-2.51742558897479,0.0118215937374473,299051,1,"MOV10L1","Body;TSS1500",-0.0315221889837912
"chr6",32920784,32920880,2,-11.2699213580569,4.48466830802324,-11.2699213580569,4.48466830802324,-2.51298882860402,0.011971312573264,299051,1,"HLA-DMA","1stExon;5'UTR",-0.0313112002992616
"chr1",11561908,11561956,2,-9.50780884569334,3.79197417143042,-9.50780884569334,3.79197417143042,-2.50735063475044,0.0121639979492106,299051,1,"PTCHD2","Body",-0.0350772441845764
"chr1",24195143,24195587,4,-11.462290796885,4.57849406108629,-11.462290796885,4.57849406108629,-2.50350675221046,0.0122969333949559,299051,1,"FUCA1","TSS1500",-0.0354750075783607
"chr12",72057772,72057786,2,-25.9526116672994,10.3794171609386,-25.9526116672994,10.3794171609386,-2.50039200322038,0.0124055950830048,299051,1,"THAP2;ZFC3H1","1stExon;5'UTR;TSS200",-0.00443646952877948
"chr6",30068934,30068942,2,-22.6332529829244,9.09652666611796,-22.6332529829244,9.09652666611796,-2.48812033577904,0.0128420272294257,299051,1,"","",0.00543625493903791
"chr13",110522020,110522149,2,-10.4727404214835,4.22042865220244,-10.4727404214835,4.22042865220244,-2.48143998738571,0.0130852742475653,299051,1,"","",0.0102511014215345
"chr20",57463787,57464002,9,2.37353020550187,0.958582418302576,2.37353020550187,0.958582418302576,2.47608360030725,0.0132832470690431,299051,1,"GNAS","3'UTR;TSS200;Body;TSS1500",-0.0145951230732588
"chr6",170589530,170589809,2,-6.35617400266022,2.57411253563549,-6.35617400266022,2.57411253563549,-2.46926811266665,0.0135389735642905,299051,1,"","",-0.0494567373274168
"chr10",45470290,45470493,3,-26.3996527059154,10.7066498823806,-26.3996527059154,10.7066498823806,-2.4657248528655,0.0136736323806437,299051,1,"RASSF4","Body",-0.0121076636691458
"chr19",940967,941126,2,-5.82909231904188,2.36813709392773,-5.82909231904188,2.36813709392773,-2.46146742685995,0.0138369961680065,299051,1,"ARID3A","Body",-0.0551006271098507
"chr17",783036,783451,2,-6.89487823130903,2.80200641625707,-6.89487823130903,2.80200641625707,-2.46069323442851,0.0138668875747387,299051,1,"NXN","Body",0.00942246655828605
"chr1",3649771,3649971,3,-6.51745734904267,2.64984416911495,-6.51745734904267,2.64984416911495,-2.45956249994108,0.0139106474384865,299051,1,"TP73","3'UTR",0.00592195734530561
"chr1",1109244,1109676,3,-7.04334437088981,2.88343200836536,-7.04334437088981,2.88343200836536,-2.44269479927246,0.0145780597789663,299051,1,"TTLL10","5'UTR;TSS200",-0.0131856384559448
"chr20",30073537,30073546,2,9.16119276650541,3.76421806066871,9.16119276650541,3.76421806066871,2.43375718910342,0.014943015348914,299051,1,"NCRNA00028","TSS200",0.080234966609263
"chr11",89867809,89867819,2,-36.9485965455575,15.2369487139776,-36.9485965455575,15.2369487139776,-2.42493410190866,0.015311165739119,299051,1,"NAALAD2","TSS200;5'UTR;1stExon",-0.00545609023215442
"chr6",127796989,127797022,2,-18.0843152071803,7.4691752901395,-18.0843152071803,7.4691752901395,-2.42119303734302,0.0154696600104917,299051,1,"C6orf174","Body",0.00177651083411945
"chr1",32410614,32410678,2,-10.5350684745531,4.35132264043058,-10.5350684745531,4.35132264043058,-2.42111866784271,0.0154728253386474,299051,1,"","",-0.0123963386284164
"chr17",46507857,46507895,2,-8.47105642814844,3.50461562079604,-8.47105642814844,3.50461562079604,-2.41711427007345,0.0156441050779965,299051,1,"SKAP1","TSS1500",-0.0169522737226911
"chr14",95234965,95235127,2,-27.2743230411129,11.3429863028104,-27.2743230411129,11.3429863028104,-2.40450991590771,0.0161941668740938,299051,1,"GSC","Body",0.00637518614070638
"chr19",38281183,38281219,2,-7.70914010477069,3.20719131094228,-7.70914010477069,3.20719131094228,-2.40370447452532,0.0162298876865813,299051,1,"","",-0.0231481793370086
"chr19",51487360,51487478,2,-15.111386218745,6.28959018412904,-15.111386218745,6.28959018412904,-2.40260267781463,0.0162788638066217,299051,1,"KLK7","TSS1500",-0.00246317922937142
"chr7",42896343,42896801,3,-10.7591195155042,4.48164585894572,-10.7591195155042,4.48164585894572,-2.40070720760502,0.0163634235534569,299051,1,"","",-0.0230249518946885
"chr13",36728963,36729109,2,31.5953573997548,13.1697028173976,31.5953573997548,13.1697028173976,2.39909418138246,0.0164356867402587,299051,1,"","",0.0117597592839493
"chr8",145939129,145939351,2,-9.75134535205957,4.08077476922576,-9.75134535205957,4.08077476922576,-2.38958185724857,0.0168675645626256,299051,1,"","",-0.0105367122886897
"chr5",134662788,134662888,2,-5.42711396231411,2.2726410535821,-5.42711396231411,2.2726410535821,-2.38802073638508,0.0169393859748438,299051,1,"","",-0.0068646009571362
"chr12",54367008,54367250,2,-12.116844457026,5.0798918690512,-12.116844457026,5.0798918690512,-2.38525637343716,0.0170672226962391,299051,1,"HOXC11","5'UTR;1stExon",-0.00560840006017912
"chr4",22636203,22636392,2,-17.6449586371514,7.39941626550041,-17.6449586371514,7.39941626550041,-2.384641977695,0.0170957498582894,299051,1,"","",-0.0179405728878299
"chr6",158464296,158464770,4,-5.30135609856203,2.22435024996016,-5.30135609856203,2.22435024996016,-2.38332793976892,0.017156902734984,299051,1,"SYNJ2","Body",-0.0229545485337182
"chr20",57463711,57463783,7,1.8477376695292,0.775805361299476,1.8477376695292,0.775805361299476,2.38170263019868,0.0172328070247807,299051,1,"GNAS","3'UTR;TSS1500;Body",-0.0124352754641013
"chr6",29691981,29691993,2,-19.6614229320678,8.25656783401303,-19.6614229320678,8.25656783401303,-2.38130701852558,0.0172513271718489,299051,1,"HLA-F","Body",0.0110059163986037
"chr5",140105648,140105694,3,-13.7694589801469,5.7838237574515,-13.7694589801469,5.7838237574515,-2.38068439800007,0.0172805098601271,299051,1,"VTRNA1-3","TSS200",0.00496972207880045
"chr7",1607408,1607601,2,-7.09405998980441,2.98566711173185,-7.09405998980441,2.98566711173185,-2.37603849468988,0.0174996370533601,299051,1,"PSMG3","Body",0.00521406674878055
"chr5",1949144,1949198,2,-9.59135179879685,4.03779103204804,-9.59135179879685,4.03779103204804,-2.37539578513847,0.017530141903028,299051,1,"","",-0.0287614172489984
"chr6",1524494,1524618,2,-8.38957056858411,3.53199420292436,-8.38957056858411,3.53199420292436,-2.37530700408224,0.0175343593704944,299051,1,"","",-0.0117210847054856
"chr15",33360262,33360271,2,-7.26997314147558,3.06518786897398,-7.26997314147558,3.06518786897398,-2.37178713091706,0.0177022862147863,299051,1,"FMN1","TSS200",-0.0197058547858081
"chr14",103593503,103593505,2,22.5625283374975,9.52854997025495,22.5625283374975,9.52854997025495,2.36788686714457,0.0178900054348312,299051,1,"TNFAIP2","Body",0.0203853165305348
"chr2",98340655,98340921,2,-8.61733872684365,3.64011716093301,-8.61733872684365,3.64011716093301,-2.36732455189297,0.0179172129423977,299051,1,"ZAP70","Body",-0.0411279662966959
"chr2",106886503,106886537,2,-26.5884138822536,11.2437659779122,-26.5884138822536,11.2437659779122,-2.36472494487036,0.0180434660843435,299051,1,"","",-0.00670652987390109
"chr11",2406923,2407008,2,-10.1550128659808,4.29744550230097,-10.1550128659808,4.29744550230097,-2.36303470527864,0.0181259720703129,299051,1,"CD81","Body",-0.0215407866710263
"chr2",71693785,71693793,2,-12.1488160879433,5.15626988988887,-12.1488160879433,5.15626988988887,-2.3561249405828,0.0184667053932245,299051,1,"DYSF","TSS200;Body",-0.0134705432791427
"chr1",76262302,76262648,5,-8.01671350452467,3.40661345056785,-8.01671350452467,3.40661345056785,-2.35327947266467,0.0186086421726256,299051,1,"MSH4","TSS1500;TSS200;1stExon;5'UTR",0.00632148554574502
"chr7",27154720,27155002,5,8.11265744905243,3.46308362425111,8.11265744905243,3.46308362425111,2.34261090094432,0.019149341971728,299051,1,"HOXA3","5'UTR;TSS1500",0.0142036043106543
"chr16",84336383,84336445,2,-9.7495100000567,4.16372127065001,-9.7495100000567,4.16372127065001,-2.34153762135348,0.019204490343313,299051,1,"WFDC1","Body",-0.0151116436586835
"chr19",54496353,54496611,2,-8.17091330653346,3.49690751340181,-8.17091330653346,3.49690751340181,-2.33661121296993,0.0194594088935348,299051,1,"CACNG6","1stExon;Body",-0.0218784043256549
"chr15",84048206,84048308,2,-16.5047511615114,7.0885919845145,-16.5047511615114,7.0885919845145,-2.32835395203548,0.0198933166501049,299051,1,"","",-0.0206184926180187
"chr5",176170566,176170795,3,-19.0773074321695,8.19720920200041,-19.0773074321695,8.19720920200041,-2.32729298009302,0.0199496771470234,299051,1,"","",9.26079146127597e-05
"chr16",66613096,66613220,3,-6.77433205505779,2.91555220413201,-6.77433205505779,2.91555220413201,-2.32351595195483,0.0201514517150817,299051,1,"CMTM2","TSS200;TSS1500",0.0051754665119442
"chr6",32905127,32905190,2,-5.67492133188212,2.45057786537418,-5.67492133188212,2.45057786537418,-2.3157482208857,0.0205720198677136,299051,1,"HLA-DMB","Body",0.000382336240144165
"chr11",77734206,77734280,2,-4.17202294544457,1.8023216894041,-4.17202294544457,1.8023216894041,-2.31480482644803,0.0206236156841979,299051,1,"KCTD14","1stExon",-0.0468627462250067
"chr20",30225666,30225685,3,-8.51386921157795,3.68984675508602,-8.51386921157795,3.68984675508602,-2.30737745404808,0.0210337870034561,299051,1,"COX4I2","TSS200",-0.02277675009787
"chr2",200330782,200330851,2,-5.8491624208527,2.53835399751469,-5.8491624208527,2.53835399751469,-2.30431312046296,0.0212050729718251,299051,1,"","",0.0312338341004611
"chr6",2842248,2842359,3,-5.91391918687171,2.56708158844895,-5.91391918687171,2.56708158844895,-2.30375193896543,0.0212365724233289,299051,1,"SERPINB1","TSS200;TSS1500",-0.0177832334703642
"chr10",73848830,73849167,5,-6.79366887533594,2.96320893575068,-6.79366887533594,2.96320893575068,-2.29267291731316,0.0218668428784661,299051,1,"SPOCK2","TSS200;TSS1500",0.00981043397655102
"chr16",3988700,3988869,2,-9.12465924401863,3.98917913648039,-9.12465924401863,3.98917913648039,-2.2873525935637,0.022175250970022,299051,1,"","",-0.0913377891370394
"chr5",139047739,139048106,3,-6.5559186203663,2.88746276896337,-6.5559186203663,2.88746276896337,-2.27047728228196,0.0231786401402948,299051,1,"CXXC5","5'UTR",-0.013584646724565
"chr10",5406948,5407020,4,-5.51431189969114,2.43220737907134,-5.51431189969114,2.43220737907134,-2.26720465826257,0.0233777264043616,299051,1,"UCN3","TSS200;1stExon;5'UTR",-0.0203987924599188
"chr17",41836261,41836423,2,-8.63049144159676,3.81811516955637,-8.63049144159676,3.81811516955637,-2.26040626286282,0.0237960481662845,299051,1,"SOST","TSS200;TSS1500",-0.0295788645538924
"chr12",107348689,107348855,3,-6.19550376239618,2.74231911384627,-6.19550376239618,2.74231911384627,-2.25922057397128,0.0238696676542345,299051,1,"C12orf23","TSS1500",0.0386791716919787
"chr2",3689368,3689727,2,-22.6080838388636,10.036680230155,-22.6080838388636,10.036680230155,-2.25254599333931,0.0242877896297617,299051,1,"COLEC11","Body",-0.00650961128187882
"chr17",74511493,74511719,2,-5.97620685670316,2.65680593988445,-5.97620685670316,2.65680593988445,-2.24939532353013,0.0244873558722869,299051,1,"","",-0.0511078163602782
"chr17",76970864,76970933,2,-6.77317227280033,3.01458234114019,-6.77317227280033,3.01458234114019,-2.24680287559787,0.0246526279146444,299051,1,"LGALS3BP","Body",-0.0377351413861733
"chr13",112064021,112064147,2,-12.4975455149846,5.56776034270467,-12.4975455149846,5.56776034270467,-2.24462705751334,0.0247920842568288,299051,1,"","",-0.0241135845172956
"chr6",103780364,103780468,2,-7.60203812072904,3.38692061766751,-7.60203812072904,3.38692061766751,-2.24452798836614,0.0247984502011574,299051,1,"","",-0.0166115119016653
"chr18",55862058,55862111,2,-8.36252730803221,3.73919282785411,-8.36252730803221,3.73919282785411,-2.23645254284235,0.0253221426459282,299051,1,"NEDD4L","5'UTR;Body;TSS1500",-0.00203608548360534
"chr7",56515510,56515666,3,-8.97055942415512,4.01195709855035,-8.97055942415512,4.01195709855035,-2.23595596956819,0.0253546554832126,299051,1,"LOC650226","Body",-0.0384588844222744
"chr10",115939018,115939024,2,-5.54436312442374,2.47973775477556,-5.54436312442374,2.47973775477556,-2.23586672169112,0.0253605027627101,299051,1,"TDRD1","TSS200",-0.00660172741354337
"chr17",43324793,43324895,2,-9.8432161008504,4.41083591931086,-9.8432161008504,4.41083591931086,-2.23159879009698,0.0256414916854226,299051,1,"LOC100133991","TSS1500",-0.0283570557037087
"chr9",98075481,98075492,2,-8.669379895569,3.89616829710323,-8.669379895569,3.89616829710323,-2.22510405980527,0.0260742532785839,299051,1,"FANCC","5'UTR",-0.0351029539737114
"chr19",3136076,3136097,2,-9.31627378511493,4.20790915989117,-9.31627378511493,4.20790915989117,-2.21399118448553,0.026829385363878,299051,1,"GNA15","TSS200",-0.0228329300202919
"chr1",230272358,230272611,3,-6.18075941968711,2.79868620821036,-6.18075941968711,2.79868620821036,-2.20845030841791,0.0272128981382767,299051,1,"GALNT2","Body",-0.0147449107650889
"chr1",54619703,54619895,2,-8.55593596434002,3.87573520511287,-8.55593596434002,3.87573520511287,-2.20756463265422,0.0272746368533813,299051,1,"CDCP2","TSS1500",-0.0340631644471926
"chr6",31914952,31915010,3,-5.43736484753547,2.47728760338508,-5.43736484753547,2.47728760338508,-2.19488639111002,0.0281717482685235,299051,1,"CFB","Body",-0.00836431311714532
"chr4",1303710,1303768,2,-5.79739553249292,2.64278960949613,-5.79739553249292,2.64278960949613,-2.1936651754879,0.028259489140251,299051,1,"MAEA","Body",-0.0110210426544214
"chr7",1198926,1198977,2,-10.873548308739,4.96122474830797,-10.873548308739,4.96122474830797,-2.19170645563828,0.0284007093034996,299051,1,"ZFAND2A","5'UTR",0.00456106630649815
"chr19",42440079,42440113,2,-5.71617659665737,2.61538277981093,-5.71617659665737,2.61538277981093,-2.18559846794992,0.0288449948109375,299051,1,"","",0.0161630473334565
"chr6",32976858,32976897,2,-10.556816830017,4.8544100094539,-10.556816830017,4.8544100094539,-2.17468586490589,0.0296536648564322,299051,1,"HLA-DOA","Body",-0.0165172176798241
"chr1",201252693,201252734,2,-16.2422391845774,7.4692064415333,-16.2422391845774,7.4692064415333,-2.1745602175702,0.0296630882476304,299051,1,"PKP1","5'UTR;1stExon",-0.026509219777494
"chr17",1686627,1686737,3,-11.0910846610023,5.10688708698927,-11.0910846610023,5.10688708698927,-2.17178967775867,0.0298715306216427,299051,1,"SMYD4","Body",-0.0483729605625565
"chr11",46366833,46366840,2,-8.54513660883911,3.94412360372962,-8.54513660883911,3.94412360372962,-2.16654888826474,0.0302692682772952,299051,1,"DGKZ","TSS200;Body",-0.0167163568627047
"chr17",1157257,1157306,3,-6.57484979733133,3.05697069891787,-6.57484979733133,3.05697069891787,-2.15077292028306,0.0314941275004122,299051,1,"","",-0.0313824069335971
"chr3",40350768,40350820,2,-15.3025037158676,7.1350768731907,-15.3025037158676,7.1350768731907,-2.14468659382847,0.0319779134897367,299051,1,"EIF1B","TSS1500",-0.00441959443398413
"chr2",175351915,175351922,2,17.1659196198873,8.03264376151368,17.1659196198873,8.03264376151368,2.13701990646384,0.0325963725574129,299051,1,"GPR155","TSS200",0.0167428624017679
"chr1",47082831,47082869,3,-7.17339383830269,3.36944956653628,-7.17339383830269,3.36944956653628,-2.12895124163463,0.0332582946376976,299051,1,"MOBKL2C","TSS1500",-0.044929834967735
"chr17",19628012,19628087,2,-7.33688218356704,3.44674702446591,-7.33688218356704,3.44674702446591,-2.12863959306788,0.0332840901326265,299051,1,"","",-0.0314434537191432
"chr17",76037239,76037250,2,-20.193908316589,9.49771072500356,-20.193908316589,9.49771072500356,-2.12618692033089,0.0334876987422455,299051,1,"TNRC6C","5'UTR",0.00653203873826569
"chr13",114826738,114827301,3,-6.77605570382876,3.20029605754705,-6.77605570382876,3.20029605754705,-2.1173215171294,0.0342325699535155,299051,1,"RASA3","Body",0.0150750251391854
"chr6",33288561,33288569,2,-8.59907900587108,4.07211381169237,-8.59907900587108,4.07211381169237,-2.11169908394513,0.0347122676535892,299051,1,"DAXX","Body",-0.00965607193735069
"chr1",3144113,3144209,2,-10.4019346348461,4.9332030065686,-10.4019346348461,4.9332030065686,-2.10855596678179,0.0349829270784176,299051,1,"PRDM16","Body",-0.0223762819318583
"chr6",30139592,30139641,4,-11.0553894309345,5.2574873209287,-11.0553894309345,5.2574873209287,-2.10278955632016,0.0354841693587765,299051,1,"TRIM15","Body",-0.00371314195537753
"chr20",62570072,62570397,2,-7.3849389295633,3.51643559804919,-7.3849389295633,3.51643559804919,-2.10012062602831,0.0357182313365355,299051,1,"","",-0.00535949886098036
"chr6",33283092,33283184,5,-4.26297315704359,2.03035365815639,-4.26297315704359,2.03035365815639,-2.09962098963314,0.0357621948742576,299051,1,"ZBTB22;TAPBP","Body;TSS1500",0.00355287857900795
"chr7",152621979,152622022,2,-5.25975157817726,2.50591280066864,-5.25975157817726,2.50591280066864,-2.09893639426473,0.0358225080848781,299051,1,"","",-0.0305586740924333
"chr8",144659831,144659883,2,5.41232488334859,2.58831911283955,5.41232488334859,2.58831911283955,2.09105780523752,0.0365228825189325,299051,1,"NAPRT1","Body",0.0691533235423364
"chr15",101085028,101085061,2,-12.9254558938296,6.18434494007234,-12.9254558938296,6.18434494007234,-2.09002829225733,0.0366152582978634,299051,1,"LASS3","TSS200",0.00424682388584591
"chr17",728927,729185,2,-11.6318996592364,5.57682422940378,-11.6318996592364,5.57682422940378,-2.08575690765137,0.0370006486660581,299051,1,"NXN","Body",-0.0114707324092804
"chr7",27170552,27170554,2,36.2388043131846,17.4388547228258,36.2388043131846,17.4388547228258,2.07804955595802,0.0377047950629189,299051,1,"HOXA4","TSS200",0.0154629733275813
"chr22",40391489,40391617,2,-10.0826829831779,4.853673705119,-10.0826829831779,4.853673705119,-2.07733020300562,0.0377710932950374,299051,1,"FAM83F","Body;1stExon",-0.00344902620746823
"chr11",94965469,94965587,2,-20.7818935359521,10.0249515568341,-20.7818935359521,10.0249515568341,-2.07301685381062,0.0381707110911855,299051,1,"SESN3","TSS1500",-0.00935507167882927
"chr8",145654605,145654635,2,-8.06129095443824,3.92226522301685,-8.06129095443824,3.92226522301685,-2.05526411297546,0.0398535015686138,299051,1,"VPS28;NFKBIL2","TSS1500;Body",-0.0184600820764667
"chr2",233734064,233734115,2,-5.81584651945334,2.84167693739948,-5.81584651945334,2.84167693739948,-2.04662480907335,0.040694937032854,299051,1,"C2orf82","TSS1500",-0.0107120073172449
"chr2",242805904,242805962,2,-7.06830927057421,3.4881482121728,-7.06830927057421,3.4881482121728,-2.0263787088827,0.0427259910624466,299051,1,"","",-0.0110103608198052
"chr17",47091978,47092072,2,-7.8094288807709,3.86249791991218,-7.8094288807709,3.86249791991218,-2.02185969874864,0.0431908482611891,299051,1,"IGF2BP1","Body",-0.0402060208204592
"chr19",49232542,49232604,2,-7.03056353060814,3.48394242431516,-7.03056353060814,3.48394242431516,-2.01799073415805,0.0435922263431809,299051,1,"RASIP1","Body",0.000739973258114535
"chr7",128696150,128696180,2,-15.1029878537898,7.49113852953268,-15.1029878537898,7.49113852953268,-2.01611381157197,0.0437880761266144,299051,1,"LOC286016;TNPO3","Body;TSS1500",0.013136207066787
"chr13",113365389,113365464,2,-8.53825011376535,4.25022539208949,-8.53825011376535,4.25022539208949,-2.00889348825046,0.0445484306591952,299051,1,"ATP11A","Body",-0.00112495592476591
"chr11",18415742,18415927,5,-14.2236782241506,7.14114538127028,-14.2236782241506,7.14114538127028,-1.99179227767248,0.0463938538998864,299051,1,"LDHA","TSS200",0.0052667941190975
"chr8",9009352,9009401,2,-7.51327293611524,3.77816207007132,-7.51327293611524,3.77816207007132,-1.98860525217581,0.0467447912272796,299051,1,"PPP1R3B","TSS1500",-0.014527808578045
"chr3",39543776,39543967,2,-6.73142829770602,3.38538796815377,-6.73142829770602,3.38538796815377,-1.98837721437789,0.0467699868771872,299051,1,"MOBP","Body",-0.0554518534065948
"chr8",82192601,82192604,2,-16.1673919982786,8.15085305373366,-16.1673919982786,8.15085305373366,-1.98352146599831,0.047309211737102,299051,1,"FABP5","TSS200",0.0172701707841009
"chr6",31691354,31691403,2,10.7957897834516,5.45608844972258,10.7957897834516,5.45608844972258,1.97866839640412,0.0478533534116263,299051,1,"C6orf25","Body",-0.0133948269126979
"chr6",27173574,27173910,4,-6.09045217393604,3.08701835211064,-6.09045217393604,3.08701835211064,-1.97292386349822,0.0485042373530568,299051,1,"","",0.0183530343618893
"chr17",40936078,40936150,2,4.47617558775727,2.27454392435494,4.47617558775727,2.27454392435494,1.96794422821564,0.0490744551524418,299051,1,"WNK4","Body",0.0380240137147683
"chr1",1108820,1108860,2,-8.79359807956959,4.53753991246963,-8.79359807956959,4.53753991246963,-1.93796600122543,0.0526273706161364,299051,1,"TTLL10","TSS1500",-0.0183486239615086
"chr4",122853963,122853965,2,-7.99382606028102,4.13602670541289,-7.99382606028102,4.13602670541289,-1.93273076545162,0.053269373156465,299051,1,"TRPC3","1stExon;Body",-0.0353843269173997
"chr2",26951130,26951473,2,-8.14184782654036,4.22653604506518,-8.14184782654036,4.22653604506518,-1.92636422349849,0.054058911355482,299051,1,"KCNK3","Body;3'UTR",-0.0468009192418337
"chr19",18761132,18761273,2,-5.75115352041096,2.99985499144369,-5.75115352041096,2.99985499144369,-1.91714384089052,0.0552196603032562,299051,1,"KLHL26","Body",-0.00788171522270847
"chr3",10149963,10149974,2,-9.70965686354762,5.08817877287784,-9.70965686354762,5.08817877287784,-1.90827745976699,0.056355364687979,299051,1,"C3orf24","TSS200",-0.00443390484164841
"chr6",31628339,31628348,2,-23.3006113688131,12.2835893404875,-23.3006113688131,12.2835893404875,-1.896889477737,0.0578425264821294,299051,1,"C6orf47","5'UTR;1stExon",0.00154984625634176
"chr10",96990543,96990858,3,-5.42860556110447,2.86227696682955,-5.42860556110447,2.86227696682955,-1.89660386608832,0.0578802399664132,299051,1,"","",-0.0922188928987637
"chr17",78748291,78748494,2,-6.78180697639131,3.58548450762654,-6.78180697639131,3.58548450762654,-1.89146179880738,0.0585627258100914,299051,1,"RPTOR","Body",-0.024130266688462
"chr6",32064956,32065028,3,-3.71043391317899,1.98512808611677,-3.71043391317899,1.98512808611677,-1.86911561985766,0.0616067303345594,299051,1,"TNXB","Body",-0.010548350900126
"chr6",29692372,29692475,2,-4.05689056255797,2.17799714147595,-4.05689056255797,2.17799714147595,-1.86267028789981,0.0625086686266265,299051,1,"HLA-F","Body",0.0357289191279824
"chr3",46759472,46759656,4,-8.10352730090257,4.40050002331926,-8.10352730090257,4.40050002331926,-1.84150147891379,0.0655481040620816,299051,1,"PRSS50","TSS200;TSS1500",-0.0628538235035279
"chr17",78800264,78800321,2,-4.57013316013868,2.48378548633033,-4.57013316013868,2.48378548633033,-1.83998706220433,0.0657701367856211,299051,1,"RPTOR","Body",-0.0150805914699504
"chr3",138763910,138764038,2,-5.74766624527647,3.15374233981656,-5.74766624527647,3.15374233981656,-1.82249075097581,0.0683805558513991,299051,1,"PRR23C","TSS1500;TSS200",-0.00739065620958709
"chr19",21657650,21657756,2,-23.9854607446879,13.4957157388995,-23.9854607446879,13.4957157388995,-1.77726481564465,0.0755246796802576,299051,1,"","",-0.00417214964707103
"chr5",132113725,132113734,2,-8.09417227677249,4.58684079766816,-8.09417227677249,4.58684079766816,-1.76465079862536,0.0776224723669442,299051,1,"SEPT8","TSS200;TSS1500",-0.000831303926510651
"chr12",106974832,106974935,2,-4.88704343562441,2.81254756197958,-4.88704343562441,2.81254756197958,-1.73758605958817,0.0822837779371435,299051,1,"","",-0.00476142290017682
"chr13",19756096,19756122,2,7.36194168023634,4.26231014701702,7.36194168023634,4.26231014701702,1.72721867398331,0.0841283983323447,299051,1,"TUBA3C","TSS200",0.0262485726547817
"chr6",31691035,31691252,4,-5.83075776298107,3.48245290849793,-5.83075776298107,3.48245290849793,-1.67432494169635,0.0940667552358001,299051,1,"C6orf25","Body;TSS200;1stExon",-0.0177800706226115
"chr11",2465136,2465249,2,-3.98251496754108,2.3871021322554,-3.98251496754108,2.3871021322554,-1.66834712001966,0.0952468390760462,299051,1,"KCNQ1","TSS1500",0.000890008992196031
"chr19",50931515,50931616,2,-4.73356187922822,2.86290309846793,-4.73356187922822,2.86290309846793,-1.65341323699058,0.0982467907041978,299051,1,"SPIB","Body;3'UTR",-0.0401487232641593
"chr19",37742834,37742925,2,15.991250450076,10.0992495674102,15.991250450076,10.0992495674102,1.58340977152194,0.113328097241993,299051,1,"","",0.0110430041606909
"chr14",96671020,96671169,3,-13.8365979920511,8.87688081921379,-13.8365979920511,8.87688081921379,-1.55872296517738,0.119061963868967,299051,1,"BDKRB2","TSS200;1stExon;5'UTR",-0.000743553730224597
"chr6",31651094,31651151,2,-5.06938588467978,3.27524696246121,-5.06938588467978,3.27524696246121,-1.54778737077901,0.12167349812881,299051,1,"","",0.00584801974790944
"chr7",27225543,27225733,2,-5.89790691265437,3.93457100278663,-5.89790691265437,3.93457100278663,-1.49899618242427,0.133874622432637,299051,1,"HOXA11AS;HOXA11","Body;TSS1500",0.00880538703593607
"chr7",50132573,50132653,2,-7.74804950897079,5.22669880985827,-7.74804950897079,5.22669880985827,-1.48239831504293,0.138234342055003,299051,1,"ZPBP","Body",-0.021948834518262
"chr1",235814145,235814326,3,-3.51239401359139,2.43659948899997,-3.51239401359139,2.43659948899997,-1.44151471320917,0.149439323702581,299051,1,"GNG4","TSS1500;TSS200",0.0171740453175111
"chr6",31164921,31164924,2,-14.23770886862,10.2938996604998,-14.23770886862,10.2938996604998,-1.38312100741117,0.166627765325158,299051,1,"HCG27","TSS1500",-0.011468122558756
"chr6",33272148,33272430,8,-3.27041114665418,2.37478335007034,-3.27041114665418,2.37478335007034,-1.37714084384048,0.168468707017739,299051,1,"TAPBP","Body",0.00290660271780693
"chr20",57427483,57427493,2,1.66476888691666,1.25065684695582,1.66476888691666,1.25065684695582,1.33111563812953,0.18315096413329,299051,1,"GNAS","TSS1500;3'UTR",-0.0145671967346952
"chr20",57426801,57426835,2,-2.4272644119409,1.95194096288287,-2.4272644119409,1.95194096288287,-1.24351323021369,0.213678768696914,299051,1,"GNAS;GNASAS","TSS1500;3'UTR",-0.00594028124364596
"chr6",31915077,31915104,2,4.30221924185284,3.49264709565637,4.30221924185284,3.49264709565637,1.2317932857297,0.218026312073798,299051,1,"CFB","Body",0.00727017167362615
"chr14",55907198,55907299,2,-4.62467760679577,3.80462905419808,-4.62467760679577,3.80462905419808,-1.21553968623901,0.22416032196852,299051,1,"TBPL2","TSS200;1stExon",0.00298811417581663
"chr20",57426858,57426931,2,-0.651340095748152,0.542579822738535,-0.651340095748152,0.542579822738535,-1.20045027192622,0.229964514627029,299051,1,"GNAS;GNASAS","TSS1500;3'UTR",-0.016753745058338
"chr10",5406901,5406907,2,-3.12195168799361,2.70309257315008,-3.12195168799361,2.70309257315008,-1.15495551983831,0.248108641825542,299051,1,"UCN3","TSS200",-0.012696915756828
"chr12",54366875,54366909,2,-4.96422583172054,4.64558791255274,-4.96422583172054,4.64558791255274,-1.06858936375024,0.285254743343154,299051,1,"HOXC11","TSS200;5'UTR;1stExon",-0.010133121721166
"chr6",33084825,33084840,2,6.90404047329819,6.52169702952679,6.90404047329819,6.52169702952679,1.05862637317256,0.289769971084418,299051,1,"HLA-DPB2","Body",0.00762494771063035
"chr6",30069065,30069250,3,-3.05861148682602,3.16343408556091,-3.05861148682602,3.16343408556091,-0.966864301294172,0.333611874667045,299051,1,"","",0.0273893267557418
"chr5",140105626,140105629,2,-4.20455460922502,4.83370289033292,-4.20455460922502,4.83370289033292,-0.869841342055559,0.384387114990805,299051,1,"VTRNA1-3","TSS200",0.0116961741857219
"chr17",57918500,57918600,2,-1.36752294112509,2.66579547851131,-1.36752294112509,2.66579547851131,-0.51298869404969,0.607959229335534,299051,1,"MIR21","TSS200",0.0365562634520317
