"chr","start","end","n","B","S","estimate","se","z","p.value","number.tests","p.adjust","Genes","Regions","Delta_Beta"
"chr6",74104388,74104801,5,-9.31356089252765,0.564300271013557,-9.31356089252765,0.564300271013557,-16.5046188544253,3.39872153026518e-61,294857,1.0021368342494e-55,"DDX43","1stExon;5'UTR",-0.0244645248919204
"chr8",120684968,120685129,3,9.5342672462261,0.736661585137401,9.5342672462261,0.736661585137401,12.9425335032881,2.58946978300637e-38,294857,7.6352329180791e-33,"","",-0.0382101230689748
"chr7",95025829,95026106,12,-13.764775925001,1.21367870054597,-13.764775925001,1.21367870054597,-11.3413672982882,8.18554378385094e-30,294857,2.41356488347494e-24,"PON3","TSS1500;TSS200",-0.0102433967503483
"chr13",97646341,97646811,8,-22.4972376505508,2.04955513860908,-22.4972376505508,2.04955513860908,-10.9766442613583,4.94970383730109e-28,294857,1.45945482435509e-22,"OXGR1","TSS200;5'UTR;TSS1500",-0.0423039493172131
"chr1",247802703,247803033,6,-12.4838623254599,1.36438910824812,-12.4838623254599,1.36438910824812,-9.14978157623169,5.7048777789479e-20,294857,1.68212314726724e-14,"","",-0.0335817227101267
"chr14",73712256,73712967,5,-12.8386856503249,1.47040371311526,-12.8386856503249,1.47040371311526,-8.73140181557645,2.51535329186472e-18,294857,7.41669525579356e-13,"PAPLN","Body",-0.0239561712317074
"chr2",233250370,233250571,2,-17.7747198637911,2.13048707263631,-17.7747198637911,2.13048707263631,-8.34303108058587,7.24101247445865e-17,294857,2.13506321518146e-11,"ECEL1P2","Body",-0.0564038791762274
"chr10",124638991,124639260,8,-21.8379866080883,2.61840186756408,-21.8379866080883,2.61840186756408,-8.34019669731,7.41670604890449e-17,294857,2.18686769546183e-11,"LOC399815;FAM24B","Body;TSS200;5'UTR;1stExon",0.0136779858291128
"chr7",54900936,54901239,3,-9.87904268793677,1.3225445439637,-9.87904268793677,1.3225445439637,-7.46972397491357,8.03632142828544e-14,294857,2.36956562737996e-08,"","",0.0038088692281378
"chr11",66326798,66327250,3,-11.3329805209177,1.58268911368538,-11.3329805209177,1.58268911368538,-7.16058537518352,8.03332807159088e-13,294857,2.36868301520507e-07,"ACTN3","Body",-0.0147435750314253
"chr2",48844916,48844971,2,-28.4073130543119,3.98106111774241,-28.4073130543119,3.98106111774241,-7.13561339907819,9.63564819576904e-13,294857,2.84113832005987e-07,"GTF2A1L;STON1-GTF2A1L","TSS200;Body;1stExon;5'UTR",-0.0120836169481432
"chr11",61525711,61525922,2,11.9514100465526,1.69202841232588,11.9514100465526,1.69202841232588,7.06336250590733,1.62521006699945e-12,294857,4.79204564725258e-07,"C11orf9;DKFZP434K028","Body;TSS1500",-0.0313240269659021
"chr7",155832938,155832992,2,-16.8062544812819,2.40213406528413,-16.8062544812819,2.40213406528413,-6.9963848913212,2.62651372145327e-12,294857,7.74445956366547e-07,"","",-0.0246711579290929
"chr6",129251071,129251318,2,-11.5300225997216,1.65691323881506,-11.5300225997216,1.65691323881506,-6.95873648035266,3.43338039751431e-12,294857,1.01235624386988e-06,"LAMA2","Body",-0.00772939386038041
"chr14",103410963,103411459,4,-15.8244230166768,2.28209372472769,-15.8244230166768,2.28209372472769,-6.93416876143642,4.08616625835209e-12,294857,1.20483472443892e-06,"CDC42BPB","Body",-0.00333278459435091
"chr6",29760659,29760909,4,-9.1288507222829,1.32453929644119,-9.1288507222829,1.32453929644119,-6.89209504528145,5.49766195126514e-12,294857,1.62102410996419e-06,"HCG4","TSS200;Body",0.00853550126601596
"chr11",32421518,32421845,5,-12.9452048584301,1.9049260554246,-12.9452048584301,1.9049260554246,-6.79564690795553,1.07827574799847e-11,294857,3.17937152227585e-06,"WT1","Body",-0.0290260352101277
"chr13",113698621,113698994,6,12.3203196668929,1.83930794438512,12.3203196668929,1.83930794438512,6.69834526866656,2.10792756360017e-11,294857,6.21537197620455e-06,"MCF2L","Body",0.032306602796493
"chr19",2289682,2290107,5,-7.95361878288928,1.19212420098175,-7.95361878288928,1.19212420098175,-6.67180380730402,2.52678222694602e-11,294857,7.45039427090623e-06,"LINGO3","Body;3'UTR",-0.00141092974637141
"chr16",86337819,86337823,2,-23.8206380020679,3.63766097444748,-23.8206380020679,3.63766097444748,-6.54833921286079,5.81804502517723e-11,294857,1.71549130198868e-05,"","",-0.0263927647811174
"chr2",158453759,158454083,4,-12.4358441527914,1.92631692560191,-12.4358441527914,1.92631692560191,-6.45576228268127,1.07675516677632e-10,294857,3.17488798210165e-05,"ACVR1C","1stExon;Body;5'UTR;TSS200",-0.0178315845353001
"chr19",695447,695549,2,-11.4375315682507,1.77233186469998,-11.4375315682507,1.77233186469998,-6.45338031553519,1.09382393784458e-10,294857,3.2252164484104e-05,"PRSSL1","5'UTR;1stExon;TSS200",-0.0331259706187828
"chr17",9862763,9862873,2,-23.8428102094902,3.72616072981303,-23.8428102094902,3.72616072981303,-6.3987605308391,1.56643285926598e-10,294857,4.61873693584588e-05,"GAS7","Body;5'UTR;1stExon;TSS200",0.011352227446633
"chr2",131673771,131674221,7,-10.6754358331161,1.67543256250687,-10.6754358331161,1.67543256250687,-6.3717490467912,1.86884508684512e-10,294857,5.51042055771893e-05,"ARHGEF4","TSS200;TSS1500",-0.0139009673649328
"chr11",57414457,57414908,4,-25.694730988306,4.08498928517562,-25.694730988306,4.08498928517562,-6.29003632434287,3.17391694375521e-10,294857,9.3585162828483e-05,"YPEL4","Body;5'UTR",0.00827304290130026
"chr7",27153655,27153847,3,38.6312283607263,6.18354177586188,38.6312283607263,6.18354177586188,6.24742740665673,4.17268106979178e-10,294857,0.000123034422219559,"HOXA3","5'UTR;TSS200;TSS1500",0.0188957346817505
"chr15",101389272,101389974,6,-11.4961208053923,1.86557549350023,-11.4961208053923,1.86557549350023,-6.16223832562417,7.1723793182223e-10,294857,0.000211482624863307,"","",-0.0666860512792765
"chr16",20359815,20360497,6,-10.2758997236528,1.67346776698851,-10.2758997236528,1.67346776698851,-6.14048261123356,8.22711409635721e-10,294857,0.00024258221811096,"UMOD","Body",-0.0267056425000381
"chr10",43522143,43522343,3,-8.53549475006466,1.40235688011433,-8.53549475006466,1.40235688011433,-6.08653536849248,1.15380178610882e-09,294857,0.00034020653324669,"","",-0.0153343398718818
"chr12",122458893,122458940,2,-13.7068668918623,2.25761027789146,-13.7068668918623,2.25761027789146,-6.07140524921075,1.26795765679934e-09,294857,0.000373866190810884,"BCL7A","TSS1500",-0.00531424614048609
"chr3",121902497,121902561,4,-10.1381982147258,1.67927621537256,-10.1381982147258,1.67927621537256,-6.03724278466993,1.56769766803416e-09,294857,0.000462246631303549,"CASR","TSS200;5'UTR;1stExon",-0.0293941407340913
"chr6",30071295,30071373,4,-34.8479651747683,5.78772838067646,-34.8479651747683,5.78772838067646,-6.02100908728121,1.73333025547127e-09,294857,0.000511084559137492,"TRIM31","Body;3'UTR",0.00291687483083843
"chr5",93077290,93077336,3,-15.4326318252882,2.59056166318044,-15.4326318252882,2.59056166318044,-5.9572532260597,2.56512624305333e-09,294857,0.000756345428647977,"FAM172A;POU5F2","Body;1stExon;5'UTR;TSS200",-0.0041279351790211
"chr10",49812867,49813434,12,-2.30337599610436,0.387275202590595,-2.30337599610436,0.387275202590595,-5.94764648161415,2.72025301258343e-09,294857,0.000802085642531312,"ARHGAP22","TSS200;TSS1500;5'UTR;1stExon",-0.000391175163202101
"chr7",22766657,22766992,3,-7.89049219497724,1.32732884901678,-7.89049219497724,1.32732884901678,-5.94464001955668,2.77065051590442e-09,294857,0.000816945699168031,"IL6","5'UTR;1stExon;TSS200;Body",-0.0339000171488627
"chr5",140683196,140683946,11,-10.3992251829238,1.7509226955221,-10.3992251829238,1.7509226955221,-5.9392828761197,2.86271538948444e-09,294857,0.000844091671597213,"SLC25A2","TSS200;1stExon;5'UTR;TSS1500",-0.0264713936588887
"chr15",93616894,93616966,5,-8.08015743692234,1.37102812156104,-8.08015743692234,1.37102812156104,-5.89350233584001,3.78094753901339e-09,294857,0.00111483884851087,"RGMA","1stExon;Body;TSS200;TSS1500;5'UTR",-0.0183262585650941
"chr6",33422816,33423156,10,-7.68248580795243,1.31194019726559,-7.68248580795243,1.31194019726559,-5.85582012348172,4.74661751684205e-09,294857,0.0013995734011635,"ZBTB9","Body;5'UTR",0.00696266374036
"chr17",8301118,8301192,4,-16.3705842043371,2.86727904100965,-16.3705842043371,2.86727904100965,-5.70944926189414,1.13342339373654e-08,294857,0.00334197821606976,"RNF222","TSS200;1stExon;5'UTR",-0.0149758153249992
"chr19",57630340,57630536,4,-11.378069801242,2.00495809443051,-11.378069801242,2.00495809443051,-5.67496639099274,1.38715887392764e-08,294857,0.00409013504089682,"USP29","TSS1500",-0.00171205273322447
"chr11",420266,420681,2,-12.8662089851376,2.26795308600272,-12.8662089851376,2.26795308600272,-5.67304899935756,1.40278084376427e-08,294857,0.00413619751249801,"ANO9","Body",-0.0275511572281
"chr6",32097116,32097147,2,-15.76619452005,2.77995914807366,-15.76619452005,2.77995914807366,-5.67137633334468,1.41654838211407e-08,294857,0.00417679206305007,"ATF6B;FKBPL","TSS1500;Body",-0.00790191382744576
"chr1",17475832,17476074,2,-13.1864944984808,2.32869572010079,-13.1864944984808,2.32869572010079,-5.66260949623339,1.49088181152566e-08,294857,0.00439596938301022,"","",-0.032967759981115
"chr1",30240119,30240265,2,-12.3949401040503,2.1910064715674,-12.3949401040503,2.1910064715674,-5.6571900927263,1.53871311372425e-08,294857,0.00453700332573391,"","",-0.0359833078498911
"chr1",43751363,43751376,3,-6.63723679143886,1.17390151046043,-6.63723679143886,1.17390151046043,-5.65399799923216,1.56758035722611e-08,294857,0.00462212041390619,"C1orf210","TSS200",-0.0129536326769205
"chr2",115419537,115420215,6,-8.96145872772403,1.60744533477445,-8.96145872772403,1.60744533477445,-5.5749695083606,2.47573225431714e-08,294857,0.00729986985311188,"DPP10","Body",-0.0597218915262351
"chr6",30079102,30079280,9,-14.6171273045319,2.63935395253678,-14.6171273045319,2.63935395253678,-5.5381459127461,3.05690536363137e-08,294857,0.00901349944804254,"TRIM31","Body",-0.00048757547682577
"chr3",182816873,182817584,8,-21.9483043418687,3.97282379779033,-21.9483043418687,3.97282379779033,-5.52461056895508,3.30217226336824e-08,294857,0.00973668607059968,"MCCC1","1stExon;5'UTR;TSS200;Body;TSS1500",-0.0136180782007925
"chr13",22615049,22615064,2,-25.3997217551134,4.64021973971247,-25.3997217551134,4.64021973971247,-5.47381873701681,4.4043958650578e-08,294857,0.0129866695158335,"","",-0.01064885091858
"chr1",223566646,223567002,6,-10.0505607090133,1.83657968825841,-10.0505607090133,1.83657968825841,-5.47243377092121,4.43896675058708e-08,294857,0.0130886041917785,"C1orf65","5'UTR;1stExon;TSS200",-0.0557096149763337
"chr1",211652549,211652741,3,-5.37781613454798,0.985769433156776,-5.37781613454798,0.985769433156776,-5.45545028448117,4.884889794892e-08,294857,0.0144034395025247,"RD3","Body",-0.0327620763244111
"chr22",30476089,30476254,4,-12.7765945574164,2.34633719840406,-12.7765945574164,2.34633719840406,-5.44533606086406,5.17076677851621e-08,294857,0.0152463678001295,"HORMAD2","TSS1500;TSS200",0.00144174378190485
"chr11",368440,368565,3,-5.41278734308497,0.997268330423904,-5.41278734308497,0.997268330423904,-5.42761379054741,5.71124551669712e-08,294857,0.0168400071931676,"B4GALNT4","TSS1500",-0.0508207831254812
"chr10",134998463,134998487,2,-17.5336399256646,3.26625877936115,-17.5336399256646,3.26625877936115,-5.36811107449791,7.9565549244906e-08,294857,0.0234604591537052,"KNDC1","Body",-0.0123819583163924
"chr13",91826906,91827042,3,-6.61102751980162,1.243476159405,-6.61102751980162,1.243476159405,-5.31656957779149,1.05741799781216e-07,294857,0.03117870985809,"","",0.0119556609413776
"chr6",31275718,31276664,16,-6.84236953717951,1.29209937783528,-6.84236953717951,1.29209937783528,-5.29554433238942,1.18662400285924e-07,294857,0.0349884393611068,"","",-0.0241869748597783
"chr11",368588,368683,4,-8.85513645877903,1.6804383283011,-8.85513645877903,1.6804383283011,-5.26953968476276,1.36766300693914e-07,294857,0.0403265011237055,"B4GALNT4","TSS1500",-0.040126895831043
"chr20",57426950,57427472,18,-3.26280744882771,0.619868098032591,-3.26280744882771,0.619868098032591,-5.26371248848519,1.41175168123106e-07,294857,0.0416264865472747,"GNAS;GNASAS","TSS1500;3'UTR",-0.0130827678406865
"chr16",3143041,3143250,4,-6.83676382156446,1.31975708559234,-6.83676382156446,1.31975708559234,-5.18031984537212,2.21505764447853e-07,294857,0.0653125251878006,"ZSCAN10","TSS1500;TSS200",-0.0388374131883961
"chr5",1405588,1405774,2,-15.6963499602745,3.03314483396814,-15.6963499602745,3.03314483396814,-5.17494245065099,2.27981240662443e-07,294857,0.067221864678006,"SLC6A3","Body",-0.0114702225537903
"chr2",95664233,95664359,3,-16.5180289896837,3.19542984657765,-16.5180289896837,3.19542984657765,-5.16926666607147,2.35014356261279e-07,294857,0.069295628044132,"","",-0.0144269045989754
"chr1",25228582,25228801,3,-17.1332356888093,3.32124094273053,-17.1332356888093,3.32124094273053,-5.15868495669073,2.48690361302729e-07,294857,0.0733280938626388,"RUNX3","3'UTR;Body",-0.0032512341630162
"chr11",495084,495198,2,8.5161796914022,1.65368237389073,8.5161796914022,1.65368237389073,5.14982793906522,2.60725530161346e-07,294857,0.076876747646784,"RNH1","Body",-0.0357122007862832
"chr3",113160554,113160623,2,-15.6137833301988,3.03620902016094,-15.6137833301988,3.03620902016094,-5.14252583617288,2.71069150270672e-07,294857,0.0799266364413597,"WDR52","TSS1500;TSS200",0.000601877874047724
"chr6",26271716,26271718,2,-16.3181793360299,3.17828143293336,-16.3181793360299,3.17828143293336,-5.13427765299225,2.8322971023671e-07,294857,0.0835122626712656,"HIST1H3G;HIST1H2BI","TSS200;TSS1500",0.000883325957921087
"chr22",24890809,24890833,5,-13.5025037774624,2.63270489277368,-13.5025037774624,2.63270489277368,-5.12875704927065,2.91661452593165e-07,294857,0.0859984209272629,"C22orf45;UPB1","TSS200;TSS1500",-0.0202717670504873
"chr7",154862770,154863176,3,-12.6539833407541,2.48287745583688,-12.6539833407541,2.48287745583688,-5.09649935038334,3.45991750077003e-07,294857,0.102018089452455,"HTR5A","1stExon",-0.00778153234220043
"chr11",115860954,115861018,3,-12.2208818718037,2.39958276918459,-12.2208818718037,2.39958276918459,-5.09291949781608,3.5259143619723e-07,294857,0.103964053102807,"","",0.0160912104970254
"chr6",27185676,27185764,2,8.17748642312393,1.61623506581681,8.17748642312393,1.61623506581681,5.05958978126193,4.20159410478337e-07,294857,0.123886943295411,"","",0.0917932662972002
"chr1",2885085,2885168,3,8.74454676299781,1.73766982722253,8.74454676299781,1.73766982722253,5.0323407968561,4.84526936848446e-07,294857,0.142866159018322,"","",-0.0383667069343443
"chr21",46340905,46341006,2,5.6949991301744,1.13551009164281,5.6949991301744,1.13551009164281,5.01536637330551,5.29325025644161e-07,294857,0.15607518908636,"ITGB2","5'UTR;1stExon;TSS200",-0.0182325213469918
"chr6",26273182,26273556,4,-15.7338339161311,3.14217317923778,-15.7338339161311,3.14217317923778,-5.00730959709475,5.51961074658355e-07,294857,0.162749586590539,"HIST1H2BI","TSS200;1stExon",-0.00100819787834837
"chr5",102898463,102898648,3,-34.5969216661381,6.91064758659872,-34.5969216661381,6.91064758659872,-5.00632122136125,5.54801425435084e-07,294857,0.163587083899513,"NUDT12","5'UTR;1stExon;TSS200",-0.0588684064467102
"chr3",142666108,142666476,4,-6.68511759907941,1.3360926046351,-6.68511759907941,1.3360926046351,-5.00348372252624,5.63034222907794e-07,294857,0.166014581863924,"","",-0.0141129419422078
"chr18",77376639,77377589,5,-14.2467612154497,2.84811114718755,-14.2467612154497,2.84811114718755,-5.00217880524713,5.66859765203105e-07,294857,0.167142569788492,"","",-0.0347897377532235
"chr1",11751279,11751616,2,-20.512306210703,4.10942618032839,-20.512306210703,4.10942618032839,-4.9915256560379,5.99042238096798e-07,294857,0.176631797198508,"MAD2L2;C1orf187","5'UTR;TSS1500;TSS200;1stExon",-0.00336859369261269
"chr6",26272355,26272695,2,-34.9263940540846,7.00273171092811,-34.9263940540846,7.00273171092811,-4.98753850580627,6.1153433989102e-07,294857,0.180315180857247,"HIST1H3G;HIST1H2BI","TSS1500",-0.00478974329000208
"chr11",368847,368900,2,-20.4356438485537,4.09822063551813,-20.4356438485537,4.09822063551813,-4.98646746137669,6.1493257170585e-07,294857,0.181317173295472,"B4GALNT4","TSS1500",-0.019716475208667
"chr1",10509906,10510123,4,-9.90854256903884,1.99094053494132,-9.90854256903884,1.99094053494132,-4.9768149249776,6.46390715523437e-07,294857,0.190592827207094,"CORT;APITD1","1stExon;Body;5'UTR;TSS200",0.0480422633770954
"chr6",29723301,29723315,2,12.9606647844012,2.61793415554805,12.9606647844012,2.61793415554805,4.95072221619262,7.39385776869779e-07,294857,0.218013072010492,"","",-0.0193009156401783
"chr5",98175255,98175367,2,-11.8474019567831,2.39311616051512,-11.8474019567831,2.39311616051512,-4.95061717114181,7.39785009117362e-07,294857,0.218130788433318,"","",-0.0755968919680034
"chr5",140562236,140563213,6,-9.19653660195709,1.86434517810776,-9.19653660195709,1.86434517810776,-4.93285079927701,8.10380570038799e-07,294857,0.23894638373993,"PCDHB16","1stExon",0.00339312235861262
"chr19",8808334,8809057,4,-13.1824069401114,2.67431205613036,-13.1824069401114,2.67431205613036,-4.92927028089081,8.25373222201079e-07,294857,0.243367072178544,"ACTL9","1stExon;5'UTR",-0.0366026155736332
"chr5",1849983,1850661,5,-9.29129162295873,1.89213103922048,-9.29129162295873,1.89213103922048,-4.9104905687645,9.08488258022541e-07,294857,0.267874122295752,"","",-0.0850238470473376
"chr6",30069296,30070348,16,-9.06859557065959,1.84804100270057,-9.06859557065959,1.84804100270057,-4.90713980772478,9.24141596728934e-07,294857,0.272489618786703,"","",-0.00223237113289474
"chr13",113784263,113784663,3,-12.0532964304889,2.45942006719188,-12.0532964304889,2.45942006719188,-4.90086935179443,9.54134943267469e-07,294857,0.281333366967016,"F10","Body",-0.0220588570343067
"chr20",36148604,36148791,12,-4.59322878049547,0.939547745810445,-4.59322878049547,0.939547745810445,-4.88876568644565,1.01470183492601e-06,294857,0.299191938940779,"BLCAP;NNAT","5'UTR;TSS1500",-0.00634962711755048
"chr2",128458240,128458248,2,-11.5684687513433,2.36782808241325,-11.5684687513433,2.36782808241325,-4.8856877901173,1.03068413710588e-06,294857,0.303904432614629,"SFT2D3","TSS1500",0.00422882573803635
"chr12",9217688,9217859,4,-13.2330302282319,2.71794752631992,-13.2330302282319,2.71794752631992,-4.86875853933403,1.12301526638366e-06,294857,0.331128912400086,"LOC144571","Body;TSS200",-0.063276965217116
"chr17",19436770,19436881,2,-9.88746703037114,2.04014342838654,-9.88746703037114,2.04014342838654,-4.8464568190633,1.25685928246555e-06,294857,0.370593757449945,"SLC47A1","TSS1500",-0.0425008650644843
"chr12",132976722,132977140,4,-6.46549334071124,1.33426504773916,-6.46549334071124,1.33426504773916,-4.84573387548949,1.26144513272909e-06,294857,0.371945927501101,"","",-0.041847836170729
"chr19",52264411,52264413,2,-8.01102818781654,1.65756723419645,-8.01102818781654,1.65756723419645,-4.83300346588963,1.34488444869713e-06,294857,0.39654859388949,"FPR2","TSS200",0.0282255162808964
"chr5",14581620,14581651,3,-24.7949798528767,5.1305035360521,-24.7949798528767,5.1305035360521,-4.83285503628291,1.34588792692312e-06,294857,0.396844476468771,"FAM105A","TSS1500",-0.00415160721661615
"chr5",37952447,37952644,3,-20.6300728851653,4.27317069903213,-20.6300728851653,4.27317069903213,-4.82781389702921,1.38040000739146e-06,294857,0.407020604979424,"","",-0.0162218560273873
"chr8",142183507,142183642,2,-10.8532254052596,2.25022349303017,-10.8532254052596,2.25022349303017,-4.82317664839794,1.41289734227804e-06,294857,0.416602671652075,"DENND3","Body",-0.0128651183582083
"chr21",46306688,46306700,2,-16.5445256452467,3.47076930409718,-16.5445256452467,3.47076930409718,-4.76681801516346,1.87158216646059e-06,294857,0.55184910285607,"ITGB2","Body",-0.00464852242736447
"chr2",20211771,20211868,2,-11.8537563147342,2.53243167477842,-11.8537563147342,2.53243167477842,-4.68078030802998,2.85785064653438e-06,294857,0.842657268085189,"MATN3","Body",-0.0255782755162154
"chr1",46088541,46089024,2,-9.37625650716657,2.00887571588166,-9.37625650716657,2.00887571588166,-4.66741492917669,3.05012971294105e-06,294857,0.89935209676866,"CCDC17","Body",-0.00369561295064919
"chr1",42618970,42619118,3,-15.7055621572816,3.36743130437765,-15.7055621572816,3.36743130437765,-4.66395918362593,3.10182930589806e-06,294857,0.914596083649185,"GUCA2B","1stExon;5'UTR;TSS200",-0.00682109902628373
"chr11",94278324,94278581,6,-10.0541863689615,2.16146040745414,-10.0541863689615,2.16146040745414,-4.65157091672282,3.29415951048119e-06,294857,0.971305990781953,"FUT4","1stExon",0.00775089061974656
"chr19",853145,853540,3,-12.2744038115881,2.64543857692984,-12.2744038115881,2.64543857692984,-4.6398370079842,3.48684079744395e-06,294857,1,"ELANE","Body",-0.0555264709690774
"chr6",30711580,30711644,5,-11.1267543074938,2.41064588239247,-11.1267543074938,2.41064588239247,-4.61567349595575,3.91822547662602e-06,294857,1,"IER3;FLOT1","3'UTR;TSS1500",-0.000707768027067879
"chr15",70364327,70364359,2,-21.2242956885099,4.63174836141276,-21.2242956885099,4.63174836141276,-4.58235077391728,4.5977779787457e-06,294857,1,"TLE3","Body",-0.0142605857964441
"chr1",12289560,12289777,2,-11.6168598597447,2.53596275302465,-11.6168598597447,2.53596275302465,-4.58084798204914,4.63094378058174e-06,294857,1,"VPS13D","TSS1500",-0.00683675901561592
"chr8",144810034,144810339,2,-13.7035562702384,2.9921978230173,-13.7035562702384,2.9921978230173,-4.57976279670571,4.65503559787683e-06,294857,1,"FAM83H","Body",-0.0922412268679827
"chr17",72443179,72443401,2,-9.88622674226938,2.15998412918044,-9.88622674226938,2.15998412918044,-4.57699045502733,4.7171297408276e-06,294857,1,"GPRC5C","3'UTR",-0.024486956661468
"chr2",197036640,197036780,4,-39.9068753350994,8.8102657179115,-39.9068753350994,8.8102657179115,-4.52958816599228,5.9098769309053e-06,294857,1,"STK17B","TSS1500",-0.0062778980900956
"chr6",24357985,24358683,9,-6.68931585099465,1.48552936410386,-6.68931585099465,1.48552936410386,-4.50298460106842,6.70057406230914e-06,294857,1,"KAAG1;DCDC2","1stExon;5'UTR;3'UTR;TSS200;TSS1500",-0.0113724347520712
"chr15",89786496,89786761,3,-10.587796011393,2.35327536204618,-10.587796011393,2.35327536204618,-4.49917429220305,6.82179114579856e-06,294857,1,"FANCI","TSS1500",-0.00323823292032771
"chr6",32847530,32847762,9,-6.96467292274703,1.55034955077927,-6.96467292274703,1.55034955077927,-4.49232427567468,7.04500426783774e-06,294857,1,"PPP1R2P1","Body",0.000827835776409306
"chr8",6407812,6407997,2,-11.7431618790627,2.61781030525331,-11.7431618790627,2.61781030525331,-4.48587197303678,7.26163376494885e-06,294857,1,"ANGPT2;MCPH1","Body",-0.0209160975594633
"chr17",79495320,79495324,2,-7.03541470311789,1.57214477642945,-7.03541470311789,1.57214477642945,-4.47504250791473,7.63961121616694e-06,294857,1,"FSCN2","TSS200",-0.024308858435465
"chr7",95026121,95026181,2,-9.67049921369425,2.16311292981807,-9.67049921369425,2.16311292981807,-4.47064001161862,7.79858698716538e-06,294857,1,"PON3","TSS1500",0.00145668622483019
"chr8",23563146,23563572,2,-15.158462528162,3.39293407331729,-15.158462528162,3.39293407331729,-4.46765607601137,7.908131089399e-06,294857,1,"NKX2-6","Body",-0.0163640497792172
"chr12",133757909,133758001,2,-21.7814347759445,4.88603817867388,-21.7814347759445,4.88603817867388,-4.45789287341512,8.27692456799803e-06,294857,1,"ZNF268","TSS200;1stExon;5'UTR",-0.00207859924798987
"chr10",88427813,88428177,5,8.5650686023904,1.92430080161132,8.5650686023904,1.92430080161132,4.45100298000106,8.54701556359119e-06,294857,1,"LDB3","TSS1500;TSS200",-0.0201666474037657
"chr6",33283000,33283055,4,-7.32711791857436,1.65094299374262,-7.32711791857436,1.65094299374262,-4.43814107836884,9.07391398933269e-06,294857,1,"ZBTB22;TAPBP","Body;TSS1500",0.00376684164216531
"chr10",22843847,22843938,2,5.69138685390159,1.29368404926803,5.69138685390159,1.29368404926803,4.39936386099974,1.08568660238067e-05,294857,1,"PIP4K2A","Body",0.0200665645764141
"chr19",17392161,17392384,4,-11.6045157629084,2.64772568961775,-11.6045157629084,2.64772568961775,-4.38282402456265,1.17150739195364e-05,294857,1,"ANKLE1","TSS200;TSS1500",-0.0112339910682247
"chr4",113300580,113300650,2,15.2594784213162,3.48228064434704,15.2594784213162,3.48228064434704,4.38203579199962,1.17575487477956e-05,294857,1,"ALPK1","Body",0.0179380388342864
"chr19",345306,345312,2,-9.54884991764322,2.18239177614883,-9.54884991764322,2.18239177614883,-4.37540592940359,1.21206705713219e-05,294857,1,"MIER2","TSS1500",-0.00656734241575667
"chr20",62688874,62688896,2,-6.71409384236756,1.53803898669631,-6.71409384236756,1.53803898669631,-4.3653599814068,1.26913576844495e-05,294857,1,"TCEA2","1stExon;5'UTR",-0.0310371281777812
"chr5",140515675,140515961,3,-10.580476438855,2.42995536515491,-10.580476438855,2.42995536515491,-4.35418550915669,1.33562569922942e-05,294857,1,"PCDHB5","1stExon",-0.0163121373283269
"chr5",179105010,179105170,2,-21.3572755448938,4.9059250562567,-21.3572755448938,4.9059250562567,-4.3533635960574,1.34064523564588e-05,294857,1,"","",-0.0142009146991683
"chr1",109633088,109633189,2,-17.0631826721476,3.92042502524026,-17.0631826721476,3.92042502524026,-4.35238081644016,1.34667083067551e-05,294857,1,"TMEM167B","TSS1500",0.000352474749191881
"chr1",32936780,32936861,2,-8.38038709266768,1.93159887520221,-8.38038709266768,1.93159887520221,-4.33857526024411,1.43409375736789e-05,294857,1,"ZBTB8B","Body",0.00101744671974247
"chr16",1591503,1591768,2,-19.786366381227,4.57796603130285,-19.786366381227,4.57796603130285,-4.3220867620977,1.54560382896281e-05,294857,1,"IFT140;TMEM204","Body",-0.00821774731956693
"chr19",46526483,46526489,2,-9.63651538333672,2.23384205837802,-9.63651538333672,2.23384205837802,-4.31387498824949,1.60417679322604e-05,294857,1,"PGLYRP1","TSS200",-0.0295982122937843
"chr2",127963067,127963330,2,-9.99958089478084,2.32433517657466,-9.99958089478084,2.32433517657466,-4.3021251820992,1.6916768542788e-05,294857,1,"CYP27C1","5'UTR;1stExon",-0.0198363094474442
"chr3",133464842,133465180,4,7.0224481214922,1.63486643878487,7.0224481214922,1.63486643878487,4.29542619194734,1.74358041441236e-05,294857,1,"TF","TSS200;5'UTR;1stExon",-0.0036845227122569
"chr19",38886554,38886658,2,-13.1357911703379,3.07771672159894,-13.1357911703379,3.07771672159894,-4.26803125776747,1.97205699641622e-05,294857,1,"SPRED3","Body",-0.0347309802408511
"chr19",5480264,5480734,2,-9.42215193674976,2.22201800819201,-9.42215193674976,2.22201800819201,-4.24035804481004,2.23163531136992e-05,294857,1,"","",-0.0243268869695536
"chr16",3931286,3931489,2,-14.443980994238,3.40650831380221,-14.443980994238,3.40650831380221,-4.24011323727437,2.23407056780481e-05,294857,1,"CREBBP","TSS1500",-0.00528438901968381
"chr17",40936767,40936820,2,11.5270188484495,2.72384052290126,11.5270188484495,2.72384052290126,4.23189931698779,2.31726142603204e-05,294857,1,"WNK4","Body",0.0556643330247446
"chr7",56515510,56516425,11,-10.2436818839853,2.42506251254195,-10.2436818839853,2.42506251254195,-4.22408982490428,2.39908356693354e-05,294857,1,"LOC650226","Body;TSS200;TSS1500",-0.032955859212519
"chr16",87733470,87733503,2,-11.7793240120266,2.80124190920282,-11.7793240120266,2.80124190920282,-4.2050363352513,2.61040216617299e-05,294857,1,"LOC100129637","Body",-0.00285994755940155
"chr2",70188512,70188531,2,12.7067719286823,3.02517223989871,12.7067719286823,3.02517223989871,4.20034659881308,2.66506685632281e-05,294857,1,"ASPRV1","1stExon",-0.0318013748349112
"chr10",125751941,125751983,2,-10.7368232011078,2.55625439125246,-10.7368232011078,2.55625439125246,-4.20021701981203,2.66659260610254e-05,294857,1,"","",-0.0678249280542865
"chr12",133056941,133057193,2,-7.07112473256742,1.68434889990264,-7.07112473256742,1.68434889990264,-4.19813539402446,2.69121720562962e-05,294857,1,"","",-0.0204735713591457
"chr17",48201664,48202128,2,-7.19813636960712,1.71602571190551,-7.19813636960712,1.71602571190551,-4.19465531295225,2.73286844407306e-05,294857,1,"SAMD14","Body",-0.0143791302013103
"chr16",2902830,2903108,3,-9.47842132289827,2.26127306213111,-9.47842132289827,2.26127306213111,-4.19163058262651,2.7695670394922e-05,294857,1,"PRSS22","Body;3'UTR",0.000472659302543865
"chr16",22012565,22012743,3,-13.977357833502,3.35585537999961,-13.977357833502,3.35585537999961,-4.1650656094434,3.11263039574014e-05,294857,1,"C16orf65","TSS1500;TSS200",-0.00891182322494377
"chr7",157550679,157551024,2,-12.4024755409693,2.98237355524441,-12.4024755409693,2.98237355524441,-4.15859224581706,3.20214917710918e-05,294857,1,"PTPRN2","Body",-0.024777132416416
"chr12",1974122,1974168,2,-10.6759349811712,2.56728393001396,-10.6759349811712,2.56728393001396,-4.15845511139593,3.20407178179586e-05,294857,1,"CACNA2D4","Body",-0.0328774777943961
"chr17",72443018,72443066,2,-11.6404604815523,2.80749226484906,-11.6404604815523,2.80749226484906,-4.14621284172197,3.38019634667886e-05,294857,1,"GPRC5C","Body",-0.0536410543777001
"chr6",29760447,29760495,2,-18.9435655891924,4.56917664541459,-18.9435655891924,4.56917664541459,-4.14594730282604,3.3841165762991e-05,294857,1,"HCG4","Body",0.00737588713706464
"chr6",887704,887772,2,-50.3841722831271,12.2264094897443,-50.3841722831271,12.2264094897443,-4.12092956034151,3.77346794035618e-05,294857,1,"","",-0.00598846556630589
"chr7",34118611,34118758,2,-16.1482244595432,3.92246108794911,-16.1482244595432,3.92246108794911,-4.11686033270159,3.84068657763704e-05,294857,1,"BMPER","Body",-0.0233475252664613
"chr10",115860280,115860310,3,-12.9955834340181,3.16414618857715,-12.9955834340181,3.16414618857715,-4.10713748970681,4.00592795787498e-05,294857,1,"","",-0.0233386975802608
"chr16",3210225,3210357,2,12.4120407422201,3.02224976463002,12.4120407422201,3.02224976463002,4.10688781830035,4.0102587396908e-05,294857,1,"","",0.0212911083862492
"chr7",27138712,27138974,3,-16.3089088398629,3.97445120872557,-16.3089088398629,3.97445120872557,-4.10343667172416,4.07057911629565e-05,294857,1,"","",-0.00150079261580014
"chr15",45571596,45571636,2,27.9114695840764,6.80419084993034,27.9114695840764,6.80419084993034,4.10209974994486,4.0941768714586e-05,294857,1,"","",0.0316730079322961
"chr12",104697631,104697983,2,-12.1740053937148,2.96897409692318,-12.1740053937148,2.96897409692318,-4.10040808585398,4.12422219008794e-05,294857,1,"EID3;TXNRD1","1stExon;5'UTR;Body",-0.0170141574561762
"chr5",180511822,180512070,2,-10.0572857575946,2.45595658034984,-10.0572857575946,2.45595658034984,-4.09505845423456,4.22061886117072e-05,294857,1,"","",-0.00456284481922359
"chr14",96967798,96967825,2,-12.5835886899351,3.07688237054499,-12.5835886899351,3.07688237054499,-4.08972042948338,4.31893447221901e-05,294857,1,"PAPOLA","TSS1500",-0.0347708471001633
"chr1",175161787,175162347,8,5.09098700259818,1.24617293617112,5.09098700259818,1.24617293617112,4.08529735707492,4.40204048122115e-05,294857,1,"KIAA0040","TSS200;TSS1500;1stExon;5'UTR",0.00344298077347801
"chr16",3242737,3242850,2,-13.1953255235296,3.24859124359436,-13.1953255235296,3.24859124359436,-4.06186082953602,4.86830982729386e-05,294857,1,"","",-0.0568121653544819
"chr15",52405000,52405026,3,-10.2835649884874,2.53435452409528,-10.2835649884874,2.53435452409528,-4.05766631728781,4.95655176983287e-05,294857,1,"BCL2L10","TSS200",0.00255829587029424
"chr6",31846769,31846996,6,-8.87710111977083,2.2037154842799,-8.87710111977083,2.2037154842799,-4.02824283946599,5.61952833075342e-05,294857,1,"SLC44A4","5'UTR;1stExon;TSS200",-0.0292153537093418
"chr3",184971652,184971699,2,-24.7638777186667,6.1740035906343,-24.7638777186667,6.1740035906343,-4.01099179084256,6.0464212911592e-05,294857,1,"EHHADH","5'UTR;Body;1stExon",-0.00980293426031672
"chr1",234350402,234350515,2,-27.1946805079902,6.78747837659101,-27.1946805079902,6.78747837659101,-4.00659552769709,6.16002178370988e-05,294857,1,"SLC35F3","Body",0.00415497282080638
"chr14",96180648,96180653,2,-7.23854404457984,1.80843479715747,-7.23854404457984,1.80843479715747,-4.00265691412127,6.26350992447213e-05,294857,1,"TCL1A","TSS200",-0.0128878773760937
"chr4",183061840,183061955,3,-5.46617588852579,1.3675623626297,-5.46617588852579,1.3675623626297,-3.99702129708718,6.41445320899025e-05,294857,1,"MGC45800","Body",-0.0458249580995165
"chr5",148442857,148442890,2,13.2288110128702,3.31200233019877,13.2288110128702,3.31200233019877,3.99420341352125,6.49121186110246e-05,294857,1,"SH3TC2","TSS200",-0.0218862274395051
"chr19",52452317,52452368,2,-30.3396187812576,7.6303589393789,-30.3396187812576,7.6303589393789,-3.97617189732456,7.00335108532436e-05,294857,1,"","",-0.00684895870803765
"chr8",1041264,1041336,2,-11.2216627888294,2.82442933749906,-11.2216627888294,2.82442933749906,-3.97307259198978,7.09514142335166e-05,294857,1,"","",0.0128769634883207
"chr6",5084517,5084855,2,-13.1644519308603,3.31797562476383,-13.1644519308603,3.31797562476383,-3.96761562460162,7.259529421075e-05,294857,1,"PPP1R3G","TSS1500",-0.00251641870160993
"chr6",33167488,33167642,2,-20.2235038420393,5.10753201374277,-20.2235038420393,5.10753201374277,-3.95954519474849,7.50926331998724e-05,294857,1,"SLC39A7;RXRB","TSS1500;Body",0.00985206033272501
"chr2",240983080,240983326,2,-16.653122000738,4.21231278758805,-16.653122000738,4.21231278758805,-3.9534390821612,7.7035883538525e-05,294857,1,"PRR21","TSS1500",-0.00495315564063548
"chr7",156735383,156735466,2,-25.9945103031239,6.58714980422852,-25.9945103031239,6.58714980422852,-3.94624550460915,7.93862163934116e-05,294857,1,"","",-0.0287693074625153
"chr2",150177134,150177277,2,-9.1415375860375,2.32175957951754,-9.1415375860375,2.32175957951754,-3.93733169734013,8.23926809451028e-05,294857,1,"","",-0.0533372589006658
"chr8",31497829,31498256,2,-12.7692773366152,3.24888558552975,-12.7692773366152,3.24888558552975,-3.9303561176449,8.48201392965406e-05,294857,1,"NRG1","Body;1stExon",-0.00200520090879332
"chr11",1221141,1221398,2,-8.01985739467685,2.04247515686082,-8.01985739467685,2.04247515686082,-3.92653852740268,8.61770938699797e-05,294857,1,"","",-0.0611716209659425
"chr12",101988604,101988756,2,11.5423896796084,2.95590127688678,11.5423896796084,2.95590127688678,3.90486305136857,9.42787591534037e-05,294857,1,"MYBPC1","5'UTR;1stExon;TSS200",0.0221844612755434
"chr1",19181040,19181291,3,-24.1228423818747,6.18288257464316,-24.1228423818747,6.18288257464316,-3.90155272894972,9.5577636226416e-05,294857,1,"TAS1R2","Body",-0.0143044866024102
"chr17",43213141,43213270,2,-20.2409419575458,5.19511950673941,-20.2409419575458,5.19511950673941,-3.8961455903542,9.77356513694416e-05,294857,1,"ACBD4","5'UTR;1stExon",-0.0337897307688566
"chr7",155284331,155284448,3,-9.467420972774,2.43555847112709,-9.467420972774,2.43555847112709,-3.88716636656759,0.000101421245558864,294857,1,"","",-0.0332769791280411
"chr4",142557391,142557614,4,-22.7801844569857,5.86273229606675,-22.7801844569857,5.86273229606675,-3.88559178666042,0.000102080914437336,294857,1,"IL15","TSS1500;TSS200",-0.00558143902402828
"chr12",39299364,39299511,3,-28.5560761735888,7.35995818411843,-28.5560761735888,7.35995818411843,-3.87992369782862,0.000104489238077162,294857,1,"CPNE8","5'UTR;1stExon;TSS200",-0.00406883385791628
"chr5",110062384,110062398,2,-12.7707076598258,3.30070810970204,-12.7707076598258,3.30070810970204,-3.86908118966589,0.00010924626232891,294857,1,"TMEM232","TSS200",-0.0304613259371539
"chr6",30711655,30711802,4,-14.2692038954689,3.69026393593568,-14.2692038954689,3.69026393593568,-3.86671634961277,0.000110310604706054,294857,1,"IER3;FLOT1","3'UTR;TSS1500;Body",-0.00488476615633694
"chr19",22700397,22701260,3,-9.14478066032826,2.36602884747135,-9.14478066032826,2.36602884747135,-3.86503345895448,0.000111073972084809,294857,1,"","",-0.00332894933361694
"chr17",7758581,7759060,6,-9.3062913185167,2.4173812105345,-9.3062913185167,2.4173812105345,-3.84974090059177,0.000118242838687273,294857,1,"TMEM88","Body;3'UTR;1stExon",0.00999336281090398
"chr21",43916595,43917047,2,-20.0148145239945,5.21347731443354,-20.0148145239945,5.21347731443354,-3.839052769748,0.000123509885658379,294857,1,"RSPH1","TSS200;TSS1500",0.00357772822787704
"chr19",40720005,40720114,2,-10.8456477639334,2.83142872835647,-10.8456477639334,2.83142872835647,-3.83045056204853,0.000127908831332691,294857,1,"MAP3K10","Body",0.00746329677750901
"chr2",236619445,236619767,4,5.78330383803764,1.5168894770433,5.78330383803764,1.5168894770433,3.81260726345757,0.000137508521093533,294857,1,"AGAP1","Body",-0.0627987590712403
"chr7",156802197,156802340,2,-24.3404761032981,6.3993120527078,-24.3404761032981,6.3993120527078,-3.80360824770199,0.000142603636695743,294857,1,"MNX1","TSS200;Body;TSS1500",-0.00441405297790932
"chr21",22369310,22369485,2,-16.5050879222491,4.34192250848677,-16.5050879222491,4.34192250848677,-3.80133175799156,0.000143920447067158,294857,1,"NCAM2","TSS1500",0.0066282525247067
"chr12",213776,214224,4,-7.43237997767957,1.95868617100868,-7.43237997767957,1.95868617100868,-3.79457418329147,0.000147897058821648,294857,1,"IQSEC3","Body;5'UTR",-0.0333526015997699
"chr2",161126482,161126642,3,-27.1550049451074,7.16340724203712,-27.1550049451074,7.16340724203712,-3.79079452383403,0.000150166147994167,294857,1,"","",0.0022549278209648
"chr19",45580011,45580221,3,-10.7055865178393,2.82949844582777,-10.7055865178393,2.82949844582777,-3.78356331441892,0.000154598973593532,294857,1,"ZNF296","TSS1500",0.00336709193559917
"chr4",57397016,57397423,3,-15.2200707875035,4.02482835585131,-15.2200707875035,4.02482835585131,-3.78154530872764,0.00015585784721079,294857,1,"","",-0.00178362264188734
"chr14",35591572,35591781,3,-24.7319741852003,6.54428714716688,-24.7319741852003,6.54428714716688,-3.77917008056518,0.000157351923878144,294857,1,"PPP2R3C;KIAA0391","TSS1500;1stExon;5'UTR;TSS200",-0.00613189206622199
"chr1",2005132,2005180,2,18.5375060912354,4.91499636206885,18.5375060912354,4.91499636206885,3.77162152840993,0.000162190132001682,294857,1,"PRKCZ","1stExon;Body;5'UTR",0.0232624578555997
"chr2",87035698,87035982,4,-7.28476832372563,1.93438434349374,-7.28476832372563,1.93438434349374,-3.76593635501021,0.000165926059000135,294857,1,"CD8A","TSS200;TSS1500",-0.00609800443674494
"chr10",94180551,94180753,3,-10.2813375255165,2.74181088007726,-10.2813375255165,2.74181088007726,-3.74983468051114,0.000176951188421864,294857,1,"","",-0.010232486135864
"chr6",30068656,30068818,4,-35.8730608502066,9.58418722747772,-35.8730608502066,9.58418722747772,-3.74294241115815,0.000181877923727849,294857,1,"","",-0.00091086524296392
"chr16",54228169,54228323,2,-10.9783393274972,2.93339978878671,-10.9783393274972,2.93339978878671,-3.74253089178749,0.000182176128763578,294857,1,"","",-0.0468138796920114
"chr1",15573525,15573621,4,-10.5356201884097,2.81575578067962,-10.5356201884097,2.81575578067962,-3.74166689479964,0.000182803715288428,294857,1,"FHAD1","TSS1500;TSS200",-0.0225250290057546
"chr2",10220816,10221185,3,-11.4562485158521,3.06602925985888,-11.4562485158521,3.06602925985888,-3.73650984543421,0.000186592146399209,294857,1,"CYS1","TSS1500",-0.0086541617332052
"chr19",2308355,2308475,3,-13.0427954797574,3.50387556667378,-13.0427954797574,3.50387556667378,-3.72239117273759,0.000197344974678864,294857,1,"LINGO3","TSS1500;TSS200",-0.0231851884811797
"chr3",46759335,46759449,3,-10.3020101322602,2.77666589181569,-10.3020101322602,2.77666589181569,-3.7102087660693,0.000207088405028637,294857,1,"PRSS50","TSS200;1stExon;5'UTR",-0.0611263638514256
"chr11",6342214,6342231,2,-11.8014304828593,3.18224032321454,-11.8014304828593,3.18224032321454,-3.70852898719419,0.000208466798759073,294857,1,"PRKCDBP","TSS1500",-0.0245500892927987
"chr2",127963489,127963512,3,-14.5549616813485,3.93253052769451,-14.5549616813485,3.93253052769451,-3.70116940703866,0.000214608131309546,294857,1,"CYP27C1","TSS200",-0.025557534161504
"chr19",46526333,46526367,2,-2.05541811643496,0.555344682283433,-2.05541811643496,0.555344682283433,-3.70115746491642,0.000214618233278707,294857,1,"PGLYRP1","TSS200",-0.0299742796516616
"chr3",195934057,195934213,2,-8.49981410653742,2.31099314911461,-8.49981410653742,2.31099314911461,-3.67799191001231,0.000235077413978737,294857,1,"ZDHHC19","Body",-0.0114566282471686
"chr8",143560821,143561039,2,-8.00156959698496,2.17762144569964,-8.00156959698496,2.17762144569964,-3.67445389224396,0.000238358681089318,294857,1,"BAI1","Body",-0.0296145380087512
"chr6",17016226,17016484,3,-8.87191379196203,2.41516367231883,-8.87191379196203,2.41516367231883,-3.67342134764886,0.000239324365592082,294857,1,"","",-0.022417020998915
"chr16",74734230,74734251,2,-24.0548636926289,6.56644919759712,-24.0548636926289,6.56644919759712,-3.66329852996218,0.000248988067974363,294857,1,"MLKL","5'UTR",-0.0284825635858499
"chr5",140579296,140579470,4,-7.5130289724423,2.05314202236329,-7.5130289724423,2.05314202236329,-3.65928362023118,0.000252921297906561,294857,1,"PCDHB11","1stExon;TSS200",-0.00825964801318002
"chr8",143781644,143781985,3,-8.69425657406901,2.37981894219908,-8.69425657406901,2.37981894219908,-3.65332690647258,0.000258864315811619,294857,1,"LY6K","1stExon;5'UTR",-0.0481837272848752
"chr6",43655470,43655489,2,-29.7837658418495,8.15702522872871,-29.7837658418495,8.15702522872871,-3.65130240580258,0.000260913799592664,294857,1,"MRPS18A","1stExon",-0.0921037205293173
"chr1",247681242,247681297,2,-9.05939904984874,2.48550934312844,-9.05939904984874,2.48550934312844,-3.64488633884833,0.000267510001862776,294857,1,"","",-0.00639771395298366
"chr7",1518699,1519143,2,-13.2925954667741,3.65314613630705,-13.2925954667741,3.65314613630705,-3.63867060632059,0.000274049052728346,294857,1,"INTS1","Body",-0.0293456169624391
"chr12",131303247,131303621,4,-13.3129768624594,3.66125791171921,-13.3129768624594,3.66125791171921,-3.63617564876986,0.000276715682212667,294857,1,"STX2","Body",-0.00967169781073895
"chr5",78365801,78366076,2,-7.84179222038941,2.15694949982219,-7.84179222038941,2.15694949982219,-3.63559379625524,0.000277341057697659,294857,1,"BHMT2;DMGDH","Body;TSS1500",-0.00814385050698008
"chr5",1868137,1868738,6,-6.92945143329973,1.90991240257022,-6.92945143329973,1.90991240257022,-3.62815143981189,0.000285457810948196,294857,1,"","",-0.0755152274199642
"chr16",88820993,88821118,2,-15.3477921167482,4.23665743510799,-15.3477921167482,4.23665743510799,-3.62261814929037,0.000291636181878335,294857,1,"FAM38A","Body",-0.0324000508254793
"chr2",628881,629016,3,-16.3226634381259,4.50867137630777,-16.3226634381259,4.50867137630777,-3.6202823572147,0.000294281699552888,294857,1,"","",-0.0201194795135001
"chr6",158733981,158734293,4,8.72019059888617,2.40907306092209,8.72019059888617,2.40907306092209,3.61972857541666,0.000294912200738438,294857,1,"TULP4","1stExon;5'UTR",-0.0207826542358513
"chr2",233323840,233324053,3,-12.8722370394214,3.56282702323937,-12.8722370394214,3.56282702323937,-3.61292786752183,0.000302758947394857,294857,1,"ALPI","Body;3'UTR",-0.0298084968702212
"chr12",104609476,104609524,2,-20.261476024076,5.61298227892953,-20.261476024076,5.61298227892953,-3.60975235930019,0.000306489468639576,294857,1,"TXNRD1","TSS200",0.00198407857342001
"chr22",38506623,38506712,2,-9.0580948735912,2.5132366987682,-9.0580948735912,2.5132366987682,-3.60415510327014,0.000313170006332824,294857,1,"BAIAP2L2","1stExon;5'UTR;TSS200",0.00428717087710817
"chr3",62305213,62305226,2,-13.3779254159574,3.71696538065307,-13.3779254159574,3.71696538065307,-3.59915254674954,0.000319255880394026,294857,1,"C3orf14","TSS200",0.00944943938892856
"chr7",100845606,100845647,2,-13.5825391193492,3.7745028242253,-13.5825391193492,3.7745028242253,-3.59849753778815,0.000320060880343469,294857,1,"MOGAT3","TSS1500",-0.00865568777289908
"chr10",134300380,134300809,2,-28.9238408283172,8.04843226772794,-28.9238408283172,8.04843226772794,-3.59372358071448,0.000325985670181839,294857,1,"","",-0.00494177860986778
"chr3",46037470,46037592,2,-6.11169424086661,1.70267435484895,-6.11169424086661,1.70267435484895,-3.58946748887212,0.000331354151157544,294857,1,"FYCO1","TSS200;TSS1500",-0.0216804724726156
"chr20",9494838,9495130,4,-11.2020850563752,3.12122748926576,-11.2020850563752,3.12122748926576,-3.58899987101242,0.000331949005309804,294857,1,"C20orf103","TSS1500;TSS200",0.00101249779564417
"chr19",37894346,37894856,4,-10.2233096804408,2.850812706259,-10.2233096804408,2.850812706259,-3.58610359003781,0.000335655667739706,294857,1,"","",-0.00765625047217385
"chr8",144790375,144790395,2,-9.70937499066109,2.70903350949784,-9.70937499066109,2.70903350949784,-3.5840734182948,0.000338276931525472,294857,1,"LOC100130274","TSS200",-0.0169463999675798
"chr4",24801425,24801801,2,-8.85090066751439,2.47364005194264,-8.85090066751439,2.47364005194264,-3.57808754776728,0.000346117525911409,294857,1,"SOD3","Body",-0.00615980673336798
"chr6",32917093,32917502,4,-13.3087799979603,3.72067094618664,-13.3087799979603,3.72067094618664,-3.57698388017908,0.00034758159914563,294857,1,"HLA-DMA","Body",0.00119336151646607
"chr8",2003835,2004050,4,-24.9173224554546,6.97671678206151,-24.9173224554546,6.97671678206151,-3.57149691378069,0.000354946731527141,294857,1,"MYOM2","Body",-0.0188995203060653
"chr11",92599942,92600238,3,-5.6867720666367,1.59364798505191,-5.6867720666367,1.59364798505191,-3.56839911949029,0.00035916909290864,294857,1,"FAT3","Body",-0.0143624395757931
"chr15",31515984,31516316,4,-8.97563983057727,2.51573296783354,-8.97563983057727,2.51573296783354,-3.56780307979459,0.000359986877233034,294857,1,"","",-0.0180345998894984
"chr5",110062473,110062729,2,-9.0713899937275,2.54337155381284,-9.0713899937275,2.54337155381284,-3.56667903284847,0.000361533843373714,294857,1,"TMEM232","TSS1500;TSS200",-0.0443096283685228
"chr6",29945149,29945409,3,-14.4214493796053,4.04343137459723,-14.4214493796053,4.04343137459723,-3.56663636489734,0.000361592687289085,294857,1,"HCG9","Body",0.00269952249861405
"chr5",54519594,54519686,2,-10.0160161205613,2.80873172833905,-10.0160161205613,2.80873172833905,-3.56602804728676,0.000362432600474928,294857,1,"","",-0.0181191485705282
"chr19",49699881,49700021,3,-4.83098751057333,1.35670229226201,-4.83098751057333,1.35670229226201,-3.56083094878442,0.000369683044321183,294857,1,"TRPM4","Body",-0.019137947684632
"chr6",29574700,29574810,3,-16.0834626616959,4.52004300378312,-16.0834626616959,4.52004300378312,-3.55825434586232,0.000373327718817289,294857,1,"GABBR1","Body",0.00686302340459455
"chr6",33287504,33287520,2,-14.2182692562469,3.99854715331562,-14.2182692562469,3.99854715331562,-3.55585884349445,0.00037674632824886,294857,1,"DAXX","Body",-0.0139344486019671
"chr4",4763284,4763596,4,-8.62270435448741,2.42507376318281,-8.62270435448741,2.42507376318281,-3.55564621802286,0.000377051174692669,294857,1,"","",-0.0250284007936052
"chr16",85845626,85845936,4,-8.33763845594758,2.34783070115929,-8.33763845594758,2.34783070115929,-3.55120940016275,0.000383465195126112,294857,1,"","",-0.0203741590481041
"chr17",18218974,18219121,2,-23.3092818865795,6.5746011307262,-23.3092818865795,6.5746011307262,-3.54535300668573,0.000392087605804722,294857,1,"SMCR8;TOP3A","5'UTR;TSS1500;1stExon",0.00213550564366608
"chr5",169659847,169659863,2,-26.1119676462104,7.3951047641748,-26.1119676462104,7.3951047641748,-3.5309800846512,0.000414022919594268,294857,1,"C5orf58","TSS200",0.00128142613661775
"chr12",7280988,7281343,3,-15.2334934707742,4.32140299011417,-15.2334934707742,4.32140299011417,-3.52512679461345,0.000423280138171206,294857,1,"RBP5","1stExon;Body",0.00245071674855801
"chr15",66998926,66998947,2,-21.6406909343406,6.14193841381862,-21.6406909343406,6.14193841381862,-3.52343014147645,0.000425999381091919,294857,1,"SMAD6","Body",-0.0173653667658049
"chr19",12624466,12624565,2,-20.4116878876543,5.80304260255367,-20.4116878876543,5.80304260255367,-3.51741134532977,0.000435777892668471,294857,1,"ZNF709","1stExon;5'UTR",-0.012343608180727
"chr12",56617730,56617737,2,-11.7054711739125,3.33552129163577,-11.7054711739125,3.33552129163577,-3.50933786669731,0.000449223851738751,294857,1,"OBFC2B","TSS1500",-0.0331241929580895
"chr10",124578263,124578544,3,-10.4878424597222,2.99147420662623,-10.4878424597222,2.99147420662623,-3.50591104429086,0.000455047274640677,294857,1,"","",-0.00919963641791854
"chr7",45961419,45961455,2,-25.6807437319342,7.34512275106223,-25.6807437319342,7.34512275106223,-3.4962987825112,0.000471760143462653,294857,1,"IGFBP3","TSS1500",0.000755009393891615
"chr14",101191872,101191893,2,-8.95021552803802,2.56261886415464,-8.95021552803802,2.56261886415464,-3.49260502731472,0.000478333449125135,294857,1,"DLK1","TSS1500",-0.00393054019961681
"chr2",235907735,235907796,2,15.1303736733268,4.33616049897663,15.1303736733268,4.33616049897663,3.48934816340347,0.000484200046591727,294857,1,"SH3BP4","5'UTR",-0.0121727203843607
"chr17",29624396,29624439,2,10.5291514429588,3.03019896110888,10.5291514429588,3.03019896110888,3.47473930857192,0.00051135002901325,294857,1,"NF1;OMG","Body;TSS200",0.0281082732210352
"chr6",74160917,74160974,2,-7.21118614717801,2.07773429606772,-7.21118614717801,2.07773429606772,-3.47069698027594,0.000519109441632417,294857,1,"C6orf150","Body",-0.014108901687006
"chr8",49835988,49836160,3,-20.6657434536612,5.95554656415731,-20.6657434536612,5.95554656415731,-3.46999947545289,0.000520459381283212,294857,1,"","",-0.00168151956313796
"chr2",233215546,233216150,3,-11.9141079941192,3.4413885294833,-11.9141079941192,3.4413885294833,-3.46200607459689,0.00053616505352093,294857,1,"","",-0.039116652858861
"chr10",47083283,47083355,4,10.1855967328696,2.9426051178467,10.1855967328696,2.9426051178467,3.46142153804283,0.000537330724516736,294857,1,"PPYR1","TSS200;TSS1500",-0.000544547854013429
"chr2",241076131,241076441,9,-9.30332007393302,2.6885920071446,-9.30332007393302,2.6885920071446,-3.46029447726193,0.000539584954847545,294857,1,"MYEOV2","TSS1500",-0.0467286218669459
"chr17",56024688,56024804,2,8.50907707555473,2.4591653666014,8.50907707555473,2.4591653666014,3.46014838657004,0.000539877794548427,294857,1,"","",-0.0199819176302478
"chr2",63815918,63816052,3,-20.727550074112,5.99184884543712,-20.727550074112,5.99184884543712,-3.45929121524759,0.000541598985114437,294857,1,"MDH1;C2orf86","TSS200;TSS1500",-0.00306143256334655
"chr7",156741534,156741733,3,-10.9556996986453,3.16910417890739,-10.9556996986453,3.16910417890739,-3.45703362217095,0.000546156702076506,294857,1,"NOM1","TSS1500",-0.00917580495131021
"chr5",140552105,140552505,4,-9.171431271715,2.66619738842414,-9.171431271715,2.66619738842414,-3.43989207683373,0.000581946193944547,294857,1,"PCDHB7","1stExon;5'UTR;TSS200",-0.00182937670093425
"chr6",109611834,109612229,2,-20.1556581822399,5.86611997876375,-20.1556581822399,5.86611997876375,-3.43594373371266,0.000590493594603905,294857,1,"","",0.000791971643105294
"chr3",113160313,113160437,3,-11.802215057039,3.43727127185432,-11.802215057039,3.43727127185432,-3.4336001216081,0.000595622184121421,294857,1,"WDR52","TSS200;5'UTR;1stExon",-0.00608162775453937
"chr2",75147006,75147230,2,-19.5727941845048,5.70976213322024,-19.5727941845048,5.70976213322024,-3.42795264107894,0.000608151541378793,294857,1,"","",0.00273564635232582
"chr1",46805334,46805584,2,-9.52001336842788,2.77964555049474,-9.52001336842788,2.77964555049474,-3.42490191482632,0.000615021415778789,294857,1,"NSUN4","TSS1500",-0.00463161778499793
"chr1",209527491,209527581,3,-7.0692265580636,2.06443871797932,-7.0692265580636,2.06443871797932,-3.42428501098012,0.000616419358673741,294857,1,"","",-0.012283225321132
"chr8",145164991,145165189,2,-15.2907925055089,4.47592554956474,-15.2907925055089,4.47592554956474,-3.41623030503621,0.000634945228649918,294857,1,"KIAA1875","Body",-0.0402182308163469
"chr20",57607451,57607571,2,-38.3849446922108,11.2380791329808,-38.3849446922108,11.2380791329808,-3.41561438018009,0.000636382966671057,294857,1,"ATP5E","TSS200",-0.00496385094163676
"chr2",161126801,161127261,2,-9.93625851777319,2.9094439766418,-9.93625851777319,2.9094439766418,-3.41517437611637,0.000637411910962485,294857,1,"","",-0.018254629625994
"chr1",156646485,156646635,2,-2.9041359263877,0.852943692217361,-2.9041359263877,0.852943692217361,-3.40483897458453,0.000662030788076576,294857,1,"NES","1stExon",-0.0400984796033148
"chr19",31843360,31843396,2,-9.08943928711002,2.67441453921781,-9.08943928711002,2.67441453921781,-3.39866507372803,0.000677155851050505,294857,1,"","",0.0129581707187372
"chr6",32729563,32729876,8,-7.71087600433548,2.27462900997227,-7.71087600433548,2.27462900997227,-3.3899488534306,0.000699056648333158,294857,1,"HLA-DQB2","Body",0.00284091625301248
"chr17",29886885,29887049,3,-11.3130658726979,3.33812899726503,-11.3130658726979,3.33812899726503,-3.38904394706341,0.000701367688145001,294857,1,"MIR193A","TSS200;Body",0.00650878097131119
"chr19",11592200,11592321,2,-11.382828824069,3.36555726737467,-11.382828824069,3.36555726737467,-3.38215276691703,0.000719201369220274,294857,1,"ELAVL3","TSS1500",-0.0121580462186269
"chr5",5887068,5887361,2,-7.49002508103027,2.22258051143855,-7.49002508103027,2.22258051143855,-3.36996794603513,0.000751769279946178,294857,1,"","",-0.0320372337447135
"chr10",729226,729711,4,-9.13473642843432,2.71099194505456,-9.13473642843432,2.71099194505456,-3.36951810022825,0.00075299745526384,294857,1,"DIP2C","Body",0.0140252067659271
"chr16",73126120,73126608,2,5.26775584304668,1.56346511393737,5.26775584304668,1.56346511393737,3.36928262491292,0.000753641095955649,294857,1,"HTA","TSS200;Body",-0.0404064995108248
"chr12",50349173,50349307,2,-6.62465095935852,1.97143941138848,-6.62465095935852,1.97143941138848,-3.36031171999996,0.00077854575969278,294857,1,"AQP2","Body",-0.0401275027429014
"chr5",148442694,148442740,2,2.50748944265045,0.74677802818108,2.50748944265045,0.74677802818108,3.35774399892016,0.000785813543738682,294857,1,"SH3TC2","TSS200;1stExon;5'UTR",-0.0369726609316149
"chr10",96990543,96990858,3,-7.74162088016996,2.31057182980169,-7.74162088016996,2.31057182980169,-3.3505216242658,0.000806595113897306,294857,1,"","",-0.0922188928987637
"chr11",64739336,64739484,4,-9.87848335140191,2.95467415862607,-9.87848335140191,2.95467415862607,-3.34334103222923,0.000827761048305819,294857,1,"","",-0.0130871510640524
"chr10",135341933,135342218,2,-13.8700714767144,4.15362020102951,-13.8700714767144,4.15362020102951,-3.33927292468304,0.000839979933090273,294857,1,"CYP2E1","Body",-0.0277220544978167
"chr1",227015456,227015727,2,-7.92898638465904,2.37501914136212,-7.92898638465904,2.37501914136212,-3.33849367635479,0.000842339475792883,294857,1,"","",-0.0249268589795078
"chr4",6247629,6247640,2,-14.996171177584,4.49317554646894,-14.996171177584,4.49317554646894,-3.33754402036863,0.000845223319173522,294857,1,"","",0.0125503606120985
"chr11",64135674,64135902,4,-14.4820491292259,4.35572079729347,-14.4820491292259,4.35572079729347,-3.32483412119176,0.000884711552041348,294857,1,"MIR1237;RPS6KA4","TSS1500;Body;TSS200",-0.00033081748832553
"chr10",130831109,130831162,2,-9.13025265811926,2.74658223779637,-9.13025265811926,2.74658223779637,-3.32422329558376,0.000886651720366783,294857,1,"","",-0.0150700501359439
"chr11",35160498,35160709,2,-16.9243475852977,5.09860167892326,-16.9243475852977,5.09860167892326,-3.31940964426777,0.000902079923238245,294857,1,"CD44","5'UTR;1stExon",-0.0188842178450756
"chr7",154684433,154684493,2,-15.3268323573296,4.61905610941182,-15.3268323573296,4.61905610941182,-3.3181741018689,0.000906079885305881,294857,1,"DPP6","3'UTR",-0.00963264284748344
"chr2",220196620,220197046,4,-6.2123314926852,1.88265035204138,-6.2123314926852,1.88265035204138,-3.29977974186714,0.000967607380239428,294857,1,"RESP18","Body",-0.0311812928189165
"chr10",38069720,38070165,4,-9.86197587775455,2.99075036138759,-9.86197587775455,2.99075036138759,-3.29749216286276,0.000975523970280183,294857,1,"","",-0.014350792054999
"chr16",1115517,1116106,3,-8.27295185681557,2.50930532680638,-8.27295185681557,2.50930532680638,-3.29690921564521,0.000977550934551325,294857,1,"LOC146336","Body",-0.0126971219614245
"chr20",43378669,43379437,4,-11.4690998840442,3.47990026219372,-11.4690998840442,3.47990026219372,-3.29581281643231,0.000981373790653626,294857,1,"KCNK15","Body",-0.0613423254564535
"chr2",97173735,97174206,6,-6.64904715580292,2.01813629619211,-6.64904715580292,2.01813629619211,-3.29464722890548,0.00098545306578205,294857,1,"NEURL3","TSS200;TSS1500;Body",-0.0113174907820889
"chr12",9217529,9217583,2,-26.9390406147766,8.19332991077213,-26.9390406147766,8.19332991077213,-3.28792333619554,0.00100929319594829,294857,1,"LOC144571","TSS200;TSS1500",-0.0601358724148483
"chr2",95663959,95663987,2,-8.46703476713616,2.58390719360262,-8.46703476713616,2.58390719360262,-3.27683393122605,0.00104978094374488,294857,1,"","",0.00986946611394186
"chr4",159131324,159131393,3,-10.1555406609191,3.10057603335389,-10.1555406609191,3.10057603335389,-3.27537223782699,0.00105522832346921,294857,1,"TMEM144","TSS200",-0.0152546331005243
"chr18",72201764,72201775,2,6.91776682648913,2.11406663914172,6.91776682648913,2.11406663914172,3.27225580235145,0.00106692995890343,294857,1,"CNDP1","1stExon;5'UTR",-0.0251967271330458
"chr4",1742463,1742776,2,-19.0155849858597,5.81996990282947,-19.0155849858597,5.81996990282947,-3.26729953991944,0.00108578730876797,294857,1,"TACC3","Body",-0.0252797894079855
"chr15",23807180,23807234,2,-9.45886357980093,2.89795905290961,-9.45886357980093,2.89795905290961,-3.26397419946429,0.00109861169276138,294857,1,"","",-0.010780598302768
"chr17",33759484,33759512,2,-10.8916458787853,3.33809787441494,-10.8916458787853,3.33809787441494,-3.26282999736615,0.00110305667272498,294857,1,"SLFN12","1stExon;5'UTR",-0.0519263343555323
"chr5",150326193,150326213,2,-23.3417011979738,7.16098268579734,-23.3417011979738,7.16098268579734,-3.25956676927433,0.00111582512766677,294857,1,"LOC134466","TSS200",5.48364489997497e-05
"chr2",241611931,241611991,2,-10.2508879532388,3.14525082089296,-10.2508879532388,3.14525082089296,-3.25916390678455,0.00111741090195245,294857,1,"","",-0.0403123746320885
"chr2",45228334,45228633,2,-20.4519259538918,6.29230574683807,-20.4519259538918,6.29230574683807,-3.250307085629,0.00115280452345935,294857,1,"","",-0.0140472463718884
"chr2",170624685,170624998,3,-5.80886732919401,1.78761826067899,-5.80886732919401,1.78761826067899,-3.24950100195756,0.00115607670960347,294857,1,"","",-0.0210699336046077
"chr2",20441905,20442131,4,-6.35912927626179,1.96356305892357,-6.35912927626179,1.96356305892357,-3.23856636401984,0.00120132069071796,294857,1,"","",-0.0151168774122009
"chr3",136537169,136537267,2,-9.2461360656234,2.85886459097386,-9.2461360656234,2.85886459097386,-3.23419867272334,0.00121984567117906,294857,1,"TMEM22","TSS1500",-0.0187730554556471
"chr8",27737078,27737223,2,-26.3764459972187,8.19425152862636,-26.3764459972187,8.19425152862636,-3.21889630859797,0.00128685010008819,294857,1,"SCARA5","Body",0.000953558404346022
"chr22",24891129,24891158,3,-7.18580634529663,2.23252023788869,-7.18580634529663,2.23252023788869,-3.21869706860634,0.00128774449549489,294857,1,"C22orf45;UPB1","TSS1500;TSS200",-0.0249049603331289
"chr11",281516,281888,3,-7.93615688395376,2.47185713493626,-7.93615688395376,2.47185713493626,-3.21060500292967,0.00132455866410165,294857,1,"NLRP6","Body",-0.0222946515704267
"chr6",26284866,26285358,3,-7.9641984543276,2.48214588240729,-7.9641984543276,2.48214588240729,-3.20859402776261,0.00133385686315618,294857,1,"HIST1H4H","1stExon;3'UTR",-0.00393455845804078
"chr12",104697220,104697224,2,-18.6947466506784,5.829832494094,-18.6947466506784,5.829832494094,-3.20673821582651,0.0013424910245224,294857,1,"TXNRD1;EID3","5'UTR;Body;TSS1500",-0.00292432840480018
"chr7",1103063,1103262,3,-8.01716840975498,2.50182145623653,-8.01716840975498,2.50182145623653,-3.204532597548,0.00135281970454802,294857,1,"C7orf50","Body",-0.014413364496764
"chr1",180923340,180923569,2,-33.5605505448712,10.4789218226772,-33.5605505448712,10.4789218226772,-3.20267209859736,0.00136158917098374,294857,1,"","",-0.000784745880998285
"chr18",77171832,77171872,2,-16.0062645427525,5.01846735931873,-16.0062645427525,5.01846735931873,-3.18947268094326,0.00142532610268635,294857,1,"NFATC1","Body;5'UTR",-0.0600721301904047
"chr7",95025611,95025740,3,-12.0731358231753,3.78767984639201,-12.0731358231753,3.78767984639201,-3.18747526528032,0.00143520732764728,294857,1,"PON3","TSS200;1stExon",-0.0135438705469753
"chr12",33590837,33591336,2,-7.83088252651202,2.4609334674221,-7.83088252651202,2.4609334674221,-3.18207811392606,0.00146222375304647,294857,1,"SYT10","Body",0.0123480622842739
"chr2",239695552,239695645,2,-5.67755518587526,1.78582069566081,-5.67755518587526,1.78582069566081,-3.17924145445878,0.00147661033218123,294857,1,"","",-0.00227281590850403
"chr10",75401245,75401380,4,-8.02492772671623,2.52466665926156,-8.02492772671623,2.52466665926156,-3.17860882634836,0.00147983654523835,294857,1,"MYOZ1","1stExon;5'UTR",0.00798165172141457
"chr2",177014966,177015044,2,-23.4971136719751,7.39787528102894,-23.4971136719751,7.39787528102894,-3.17619759449459,0.00149219274952838,294857,1,"HOXD4;MIR10B","TSS1500;Body;TSS200",0.0031961332496637
"chr11",94501303,94501367,2,-28.2060669163653,8.88584761694129,-28.2060669163653,8.88584761694129,-3.17426858216532,0.00150214621597705,294857,1,"AMOTL1","TSS200;TSS1500",-0.000608837658565755
"chr8",49783269,49783505,2,-10.6996615255507,3.37423819699806,-10.6996615255507,3.37423819699806,-3.17098583468999,0.00151922551269572,294857,1,"","",-0.00215217498069528
"chr17",80186273,80186275,2,-8.77078208863653,2.76859194819749,-8.77078208863653,2.76859194819749,-3.16795766683739,0.00153513872235507,294857,1,"SLC16A3","TSS200;TSS1500",-0.00811838570817239
"chr3",42978180,42978248,2,-8.76707479848765,2.76814350947258,-8.76707479848765,2.76814350947258,-3.1671316058892,0.0015395062974219,294857,1,"","",-0.0150356487458887
"chr6",133561898,133562101,6,-8.95585741785564,2.8278824114922,-8.95585741785564,2.8278824114922,-3.16698366999279,0.00154028967589427,294857,1,"EYA4","TSS1500",-0.00116742238865373
"chr6",31795181,31795241,3,-22.9788184123006,7.25801537923483,-22.9788184123006,7.25801537923483,-3.16599197048314,0.00154555059952816,294857,1,"HSPA1B","TSS1500",-0.0208564458446901
"chr15",96890051,96891026,6,-11.6787401460704,3.68967711126607,-11.6787401460704,3.68967711126607,-3.16524720019823,0.0015495124491987,294857,1,"","",-0.00682839353748429
"chr16",75150784,75150799,2,21.2847808747008,6.75671721864949,21.2847808747008,6.75671721864949,3.15016600309272,0.00163177715709622,294857,1,"LDHD","TSS200",0.0215172725342449
"chr5",140613740,140613820,2,-6.78953463247751,2.15661520885387,-6.78953463247751,2.15661520885387,-3.14823646082223,0.00164258761423503,294857,1,"PCDHB18","TSS200",-0.0281159028467997
"chr1",9086460,9086621,2,-23.1020332447201,7.34738876554348,-23.1020332447201,7.34738876554348,-3.14425083276661,0.00166512645728595,294857,1,"SLC2A7","TSS200;TSS1500",-0.00387506400214677
"chr5",178547863,178548229,2,-11.9438237593147,3.80193536967553,-11.9438237593147,3.80193536967553,-3.14151151925922,0.00168078196840269,294857,1,"ADAMTS2","Body",-0.0981973357232999
"chr10",46168377,46168396,2,-12.6760979128374,4.03789962638631,-12.6760979128374,4.03789962638631,-3.13928009255193,0.00169363479834448,294857,1,"ANUBL1","TSS200",0.0100779130465788
"chr17",79465866,79466160,3,-12.2401161526923,3.90140745266802,-12.2401161526923,3.90140745266802,-3.13735909442674,0.00170477193600916,294857,1,"","",-0.0210674673428767
"chr4",7648540,7648627,2,-15.1542531355139,4.83074742151108,-15.1542531355139,4.83074742151108,-3.13704108561602,0.00170662210239113,294857,1,"SORCS2","Body",-0.0113114191533548
"chr5",140710237,140710509,2,-8.60665704510777,2.74409746965912,-8.60665704510777,2.74409746965912,-3.13642541501155,0.00171020930661957,294857,1,"PCDHGA1","1stExon;TSS200",-0.0175897589298152
"chr16",84828829,84829007,3,-6.02939192731744,1.92388212490607,-6.02939192731744,1.92388212490607,-3.13397159278238,0.00172457550646442,294857,1,"","",-0.00398763322674474
"chr2",241262337,241262389,2,-7.43110728844551,2.37641317681197,-7.43110728844551,2.37641317681197,-3.12702663028261,0.00176583931645775,294857,1,"","",-0.0210504746729596
"chr6",29626990,29627142,3,11.0319593248842,3.53180982494038,11.0319593248842,3.53180982494038,3.12359947780327,0.00178653462656334,294857,1,"MOG","Body",-0.0203352128103449
"chr1",1109486,1109983,4,-8.84209882623674,2.84230949292327,-8.84209882623674,2.84230949292327,-3.1108853023401,0.00186527374811898,294857,1,"TTLL10","5'UTR",-0.0245058853624551
"chr15",90319420,90319432,2,-8.08404886553281,2.6008262562786,-8.08404886553281,2.6008262562786,-3.10826178642932,0.00188191289171481,294857,1,"MESP2","TSS200",-0.0145990398840976
"chr18",77905119,77905391,4,-6.4288002938418,2.07107670242251,-6.4288002938418,2.07107670242251,-3.10408604679977,0.00190867811774707,294857,1,"LOC100130522","TSS1500",-0.0257989309994611
"chr6",32120623,32120625,2,8.54192602643771,2.75257245537443,8.54192602643771,2.75257245537443,3.10325201785679,0.00191406569757201,294857,1,"PPT2;PRRT1","TSS1500",0.0443592754466589
"chr2",3418480,3418831,4,-10.6601047187067,3.44089856210854,-10.6601047187067,3.44089856210854,-3.09805840721275,0.00194793033688659,294857,1,"TTC15","Body",-0.00864684144372571
"chr11",36317592,36317889,2,9.40438549054972,3.03654023160533,9.40438549054972,3.03654023160533,3.09707258038795,0.00195442014981891,294857,1,"PRR5L","TSS200;5'UTR;1stExon",-0.0576464122965131
"chr6",32037290,32037426,3,-16.0966077080355,5.20678074204408,-16.0966077080355,5.20678074204408,-3.09147023957769,0.00199167946079245,294857,1,"TNXB","Body",-0.00785107705710727
"chr5",530963,531305,3,-13.7677102931345,4.45958113482238,-13.7677102931345,4.45958113482238,-3.08722049827284,0.0020203767040158,294857,1,"","",-0.0256541901053753
"chr4",1093647,1093714,2,-17.0625677817854,5.53224814430913,-17.0625677817854,5.53224814430913,-3.08420145602782,0.00204099338880228,294857,1,"RNF212","Body",-0.000499349475757249
"chr2",176993841,176994142,2,-35.6572365410864,11.5920599226835,-35.6572365410864,11.5920599226835,-3.07600519484133,0.00209794189913301,294857,1,"HOXD8","TSS1500",0.000918835018681226
"chr22",46659317,46659381,2,-13.9249070099873,4.52999602181464,-13.9249070099873,4.52999602181464,-3.07393360676931,0.00211256441506684,294857,1,"PKDREJ","TSS200",-0.00218431244339573
"chr6",33129765,33129850,2,-10.2970774514091,3.3599878048918,-10.2970774514091,3.3599878048918,-3.06461750736641,0.00217948537201204,294857,1,"","",-0.00731198397386529
"chr11",34460336,34460386,3,-17.7581516462153,5.80284671575444,-17.7581516462153,5.80284671575444,-3.0602482740071,0.00221153580031529,294857,1,"CAT","TSS200",-0.00763948424385057
"chr6",2634100,2634373,2,-11.3859827631701,3.72070566059579,-11.3859827631701,3.72070566059579,-3.06016756008237,0.00221213191840856,294857,1,"C6orf195","5'UTR",0.00206772232345266
"chr7",130132419,130132422,2,-3.81677825101843,1.24871838932842,-3.81677825101843,1.24871838932842,-3.05655645310961,0.00223895314871271,294857,1,"MEST;MESTIT1","5'UTR;TSS1500;Body",-0.0118039984782196
"chr19",43857861,43857874,2,-10.5841856665262,3.46283167447225,-10.5841856665262,3.46283167447225,-3.05651173995895,0.00223928711205785,294857,1,"CD177","1stExon;5'UTR",-0.0100277514090605
"chr12",51442167,51442472,2,-5.82759145453372,1.90687515880171,-5.82759145453372,1.90687515880171,-3.0560949035572,0.00224240266776455,294857,1,"LETMD1","1stExon;5'UTR;Body",-0.0188085551893673
"chr1",1290092,1290554,3,-10.7974054432552,3.5340352653721,-10.7974054432552,3.5340352653721,-3.05526250658914,0.00224863613156693,294857,1,"MXRA8","Body",-0.0137273659868746
"chr2",174877357,174877566,3,-9.74166241223346,3.18928726001378,-9.74166241223346,3.18928726001378,-3.05449513261824,0.00225439672680456,294857,1,"","",-0.0174084709779365
"chr11",6518347,6518438,2,-9.13947698211397,2.99293416600461,-9.13947698211397,2.99293416600461,-3.05368460353226,0.00226049596355921,294857,1,"DNHD1","TSS200",0.00440497804889728
"chr2",231714466,231714995,5,-8.3202063696575,2.72700738319282,-8.3202063696575,2.72700738319282,-3.05103917977519,0.0022805081429107,294857,1,"","",-2.76185696446302e-05
"chr7",150104961,150105086,2,-21.4582451870852,7.04061258621407,-21.4582451870852,7.04061258621407,-3.04778098841878,0.0023053788057451,294857,1,"LOC728743","Body",-0.0145486380930441
"chr7",42971699,42971887,2,-33.475705223254,10.9917445786533,-33.475705223254,10.9917445786533,-3.04553157906035,0.00232269385618965,294857,1,"MRPL32;PSMA2","TSS1500;Body;TSS200",-0.00847373402313472
"chr11",2154432,2154952,4,-9.95603839588275,3.27049910984442,-9.95603839588275,3.27049910984442,-3.04419541528521,0.00233303541214703,294857,1,"INS-IGF2;IGF2","Body",-0.0390687935284327
"chr21",40759659,40759686,2,-20.5272708917411,6.75165969286559,-20.5272708917411,6.75165969286559,-3.04032961161121,0.00236319364844444,294857,1,"WRB","Body;TSS200",-0.0522855087847871
"chr10",44223817,44224014,3,-10.0983118780066,3.32347265420248,-10.0983118780066,3.32347265420248,-3.03848201225229,0.00237773299319588,294857,1,"","",-0.0369348196269951
"chr17",33759965,33760230,3,-11.4981606629594,3.78581580544966,-11.4981606629594,3.78581580544966,-3.03716854010907,0.0023881188757305,294857,1,"SLFN12","TSS1500",-0.0302129803583631
"chr10",49879704,49879854,2,-10.0209428602362,3.30284927220387,-10.0209428602362,3.30284927220387,-3.03402972232807,0.00241310654520126,294857,1,"","",-0.0234003394572125
"chr1",230468699,230468773,2,-8.1313959672922,2.68012131948389,-8.1313959672922,2.68012131948389,-3.03396562990591,0.00241361925967891,294857,1,"PGBD5","Body",0.0225165573917901
"chr7",154585834,154586335,3,-10.0822425630974,3.32547925120197,-10.0822425630974,3.32547925120197,-3.03181640945533,0.00243087002882868,294857,1,"DPP6","Body",-0.0272856558130213
"chr15",65369801,65369928,2,-6.74960520052535,2.22712869593671,-6.74960520052535,2.22712869593671,-3.03063097019929,0.0024404331988378,294857,1,"LOC390594","1stExon",0.00214357972469903
"chr11",112831728,112832152,5,-16.4536050918991,5.43792123510752,-16.4536050918991,5.43792123510752,-3.0257159639742,0.00248045194092082,294857,1,"NCAM1","TSS200;1stExon;5'UTR;TSS1500",0.000869637413588699
"chr2",17699688,17699980,2,-31.1725513458644,10.3134454860974,-31.1725513458644,10.3134454860974,-3.02251574295759,0.00250683043156267,294857,1,"RAD51AP2","1stExon;5'UTR;TSS1500",-0.00728127788432687
"chr5",140562034,140562218,2,-12.393463005765,4.11344499839622,-12.393463005765,4.11344499839622,-3.0129156973284,0.00258750785874112,294857,1,"PCDHB16","1stExon;5'UTR",0.00464359617571221
"chr4",1244017,1244360,5,-12.8143679378144,4.26010360035422,-12.8143679378144,4.26010360035422,-3.00799443862092,0.00262977950403009,294857,1,"CTBP1;C4orf42","TSS1500;TSS200;5'UTR;1stExon",-0.0231606335229234
"chr11",15962932,15963027,2,-11.103536127205,3.6988843266614,-11.103536127205,3.6988843266614,-3.00186087117437,0.00268334782963238,294857,1,"","",-0.0227193234910337
"chr5",134662888,134662980,2,-11.538967278889,3.85053074282193,-11.538967278889,3.85053074282193,-2.9967212443115,0.00272900130726192,294857,1,"","",-0.0138282414570483
"chr6",1604134,1604212,3,-8.68280491727671,2.92209089656315,-8.68280491727671,2.92209089656315,-2.9714356002714,0.00296411031837355,294857,1,"","",-0.0184904530484474
"chr1",182922705,182923115,2,-13.453735223272,4.53457569190674,-13.453735223272,4.53457569190674,-2.96692262680366,0.00300796644806612,294857,1,"C1orf14","TSS1500;TSS200",-0.00749914535048857
"chr11",94278595,94278603,2,-12.1498698000096,4.09747386664356,-12.1498698000096,4.09747386664356,-2.96520983304334,0.00302476539588544,294857,1,"FUT4","1stExon",0.00602839447046344
"chr1",36565772,36565856,2,-10.8615912468091,3.6651120544925,-10.8615912468091,3.6651120544925,-2.96350864184235,0.00304153521405594,294857,1,"COL8A2","1stExon;TSS200",-0.0133012490696287
"chr11",60414767,60414918,2,-9.58714405321879,3.24390795534552,-9.58714405321879,3.24390795534552,-2.95543035905827,0.00312233178157778,294857,1,"C11orf64","Body",-0.00111779990443456
"chr15",45314789,45314915,2,-27.8028062529281,9.4115151551038,-27.8028062529281,9.4115151551038,-2.95412649235876,0.00313555455940468,294857,1,"SORD","TSS1500",-0.00252494247680954
"chr2",231989800,231989824,2,10.6485601751449,3.6148850935889,10.6485601751449,3.6148850935889,2.94575343322264,0.00322169102426528,294857,1,"HTR2B;PSMD1","TSS200;Body;1stExon;5'UTR",0.0356809075050006
"chr6",30139991,30139996,2,-15.1427790484867,5.14791040020033,-15.1427790484867,5.14791040020033,-2.94153896849047,0.00326585748584686,294857,1,"TRIM15","Body",0.000804325682437823
"chr17",48258561,48258695,2,9.39207905527558,3.19447788314945,9.39207905527558,3.19447788314945,2.94009831929588,0.00328108115322435,294857,1,"","",-0.0283534910314839
"chr14",89493095,89493162,2,-23.4851823194398,7.99622069811655,-23.4851823194398,7.99622069811655,-2.93703528280199,0.00331366400827078,294857,1,"","",-0.000748632253224635
"chr4",135122993,135123103,2,-9.30733577585467,3.1693241339605,-9.30733577585467,3.1693241339605,-2.93669419171206,0.00331731051996109,294857,1,"PABPC4L","TSS200;TSS1500",-0.0121049687724751
"chr5",87984959,87985200,2,-16.0007808653284,5.44916753181188,-16.0007808653284,5.44916753181188,-2.93637161491492,0.00332076246265705,294857,1,"","",0.00264486683310867
"chr1",113286610,113286757,2,-19.0959316009806,6.50910702372502,-19.0959316009806,6.50910702372502,-2.9337252454719,0.00334920540858804,294857,1,"","",-0.0143418504532214
"chr8",48675723,48676092,6,-5.89458266589714,2.01065204907995,-5.89458266589714,2.01065204907995,-2.93167714851231,0.00337137026852285,294857,1,"","",-0.0325280186462842
"chr6",166263710,166263737,2,-10.1497801088945,3.46454761520673,-10.1497801088945,3.46454761520673,-2.92961195405273,0.00339385532480251,294857,1,"","",-0.0466213412956562
"chr1",43422920,43423072,2,-14.2739731678893,4.8725542003357,-14.2739731678893,4.8725542003357,-2.92946421548393,0.003395469067671,294857,1,"SLC2A1","Body",-0.00925624593369717
"chr6",1524166,1524494,3,-9.21695363451835,3.15050093509259,-9.21695363451835,3.15050093509259,-2.92555178506794,0.00343845943089284,294857,1,"","",-0.00715181540030844
"chr6",169978311,169978387,2,-10.8600874571439,3.71862524416271,-10.8600874571439,3.71862524416271,-2.92045762723509,0.00349517723616553,294857,1,"WDR27","Body",-0.0311983546285783
"chr16",82044738,82044788,2,-8.57341165267843,2.93921838724754,-8.57341165267843,2.93921838724754,-2.91690188448606,0.00353526960852798,294857,1,"SDR42E1","5'UTR",-0.0142685716092512
"chr10",131264846,131265071,4,-7.96328304321865,2.73250467726186,-7.96328304321865,2.73250467726186,-2.91427974835101,0.00356510276699227,294857,1,"MGMT","TSS1500",0.0031145412748116
"chr18",14747661,14748220,6,-7.5677367515794,2.60191137663549,-7.5677367515794,2.60191137663549,-2.90852979065151,0.00363132576852247,294857,1,"ANKRD30B","TSS200;TSS1500",-0.0297741809910033
"chr8",1404980,1405138,3,-7.16981164167376,2.46602618360721,-7.16981164167376,2.46602618360721,-2.90743532624866,0.00364405687251056,294857,1,"","",-0.0241040622885934
"chr3",169379840,169380078,2,-26.2940832406126,9.0479281008295,-26.2940832406126,9.0479281008295,-2.90608887997264,0.00365977477361401,294857,1,"MECOM","Body",0.00373006154747838
"chr6",166582393,166582464,2,-22.6852123513861,7.82464152507048,-22.6852123513861,7.82464152507048,-2.89920148785113,0.00374114395400889,294857,1,"T","TSS1500",-0.00383739195519506
"chr17",62398356,62398426,2,-11.940708641056,4.12387724599768,-11.940708641056,4.12387724599768,-2.89550535303755,0.00378548573378749,294857,1,"","",0.00198427671327986
"chr8",47015640,47015854,3,-5.24550748275123,1.81166621242907,-5.24550748275123,1.81166621242907,-2.89540504026848,0.00378669579536423,294857,1,"","",0.00848391453552568
"chr5",3605905,3605954,2,-18.1292669276576,6.26548604892634,-18.1292669276576,6.26548604892634,-2.89351325437301,0.00380958211760191,294857,1,"","",-0.012901836985636
"chr16",30572929,30573013,2,-8.34029353565566,2.89386041210145,-8.34029353565566,2.89386041210145,-2.88206490568048,0.00395078343023011,294857,1,"","",-0.0293287484693244
"chr7",55516751,55517045,3,-6.66312581341911,2.31551152550557,-6.66312581341911,2.31551152550557,-2.87760425289365,0.00400707481450835,294857,1,"","",-0.0223777894603243
"chr16",54228358,54228582,3,-8.23387206158756,2.86345839805385,-8.23387206158756,2.86345839805385,-2.87549910527204,0.00403389288901505,294857,1,"","",-0.0521002489869421
"chr2",88583557,88583785,2,-10.0973245366419,3.51692906013073,-10.0973245366419,3.51692906013073,-2.87106289720457,0.00409094117276907,294857,1,"","",-0.033163904121552
"chr19",43979464,43979614,2,34.0141641544873,11.8587330733776,34.0141641544873,11.8587330733776,2.86827976850645,0.00412710412616384,294857,1,"PHLDB3","3'UTR;Body",0.0112178548364329
"chr19",12817342,12817426,2,-14.769834580151,5.15295063644911,-14.769834580151,5.15295063644911,-2.86628683684207,0.00415317751228702,294857,1,"SNORD41;TNPO2","TSS200;Body",-0.0123508894263673
"chr16",86331580,86331661,2,-8.51810771437452,2.97183659005713,-8.51810771437452,2.97183659005713,-2.86627728552557,0.00415330283053646,294857,1,"","",-0.012053555991885
"chr11",7110083,7110194,3,-7.67634221809491,2.68236913218567,-7.67634221809491,2.68236913218567,-2.86177697393946,0.00421273234266803,294857,1,"RBMXL2","TSS200;5'UTR;1stExon",-0.0256700513406913
"chr5",132113386,132113601,2,-23.8381233352925,8.33767075178295,-23.8381233352925,8.33767075178295,-2.85908667360065,0.00424862683333933,294857,1,"SEPT8","5'UTR;TSS1500;1stExon;TSS200",0.00136736284273481
"chr7",27188465,27188770,2,-8.41298086304111,2.94409007573322,-8.41298086304111,2.94409007573322,-2.85758269843218,0.00426881381104579,294857,1,"HOXA6","TSS1500",-0.00298243329399547
"chr12",133481390,133481466,2,-13.9908589607293,4.89763692407182,-13.9908589607293,4.89763692407182,-2.85665499048417,0.00428130922671523,294857,1,"","",0.0126590243311431
"chr19",35940461,35940862,4,-14.992861528319,5.2506751997013,-14.992861528319,5.2506751997013,-2.85541591473262,0.00429805022789564,294857,1,"FFAR2","TSS200;1stExon",-0.0190438503193738
"chr5",178487465,178487481,2,-45.779860052673,16.0356713738068,-45.779860052673,16.0356713738068,-2.85487641804954,0.00430535783266328,294857,1,"ZNF354C","TSS200",0.00212316148223861
"chr17",62097951,62097953,2,-13.3450586386329,4.67870501474151,-13.3450586386329,4.67870501474151,-2.85229750466972,0.0043404456775984,294857,1,"ICAM2","5'UTR;1stExon",-0.0145675695066357
"chr11",61522178,61522498,2,9.34448789408898,3.27646470150729,9.34448789408898,3.27646470150729,2.85200322463116,0.00434446599014644,294857,1,"C11orf9;DKFZP434K028","Body;TSS1500",-0.0385076672832456
"chr5",1725411,1725823,2,-8.83678707498705,3.09896028031611,-8.83678707498705,3.09896028031611,-2.85153286123617,0.00435089887957773,294857,1,"","",-0.0537236007379578
"chr10",133484857,133484920,2,-10.9291726671311,3.83484522770418,-10.9291726671311,3.83484522770418,-2.84996447527403,0.00437241124085332,294857,1,"","",-0.035319272579978
"chr12",117484306,117484423,2,-17.8640723669437,6.28188629484456,-17.8640723669437,6.28188629484456,-2.84374334849144,0.00445869469289147,294857,1,"TESC","Body",-0.0121805654564836
"chr5",134823888,134823969,2,-7.85886385935941,2.76916981026678,-7.85886385935941,2.76916981026678,-2.83798553278403,0.00453992403138825,294857,1,"","",0.00810204556921854
"chr10",119293341,119293550,3,6.59742832481384,2.32781527594921,6.59742832481384,2.32781527594921,2.83417176310247,0.00459446298894701,294857,1,"EMX2OS","Body",0.014534485370832
"chr8",142179908,142180109,2,-4.03651845088192,1.42546524236756,-4.03651845088192,1.42546524236756,-2.83172001035792,0.00462983700929092,294857,1,"DENND3","Body",0.0034336993471176
"chr4",1076041,1076247,2,-7.01732902479503,2.47989999009835,-7.01732902479503,2.47989999009835,-2.82968226654847,0.00465942515777532,294857,1,"RNF212","Body",-0.0308938678285796
"chr15",100889701,100889719,2,-8.45543808794006,2.98862186638365,-8.45543808794006,2.98862186638365,-2.82920973812303,0.00466631070271073,294857,1,"FLJ42289","Body",-0.0110022610855359
"chr17",10632715,10632861,2,-5.50079130208637,1.94650833463644,-5.50079130208637,1.94650833463644,-2.82597880738783,0.0047136382505326,294857,1,"TMEM220","Body",0.00825669442146931
"chr7",73081771,73081893,2,-12.3483621537427,4.3781957620812,-12.3483621537427,4.3781957620812,-2.82042257239609,0.00479604460440096,294857,1,"VPS37D","TSS1500",-0.00711308941078766
"chr3",46506206,46506374,3,-5.23929339189022,1.85824463922633,-5.23929339189022,1.85824463922633,-2.8194852719024,0.00481007383101399,294857,1,"LTF","Body;5'UTR;1stExon",-0.0177933474716258
"chr18",19476870,19476959,2,-7.79024557913188,2.76841632255558,-7.79024557913188,2.76841632255558,-2.81397184219046,0.00489335143959232,294857,1,"","",-0.00476291936710505
"chr6",30711832,30711844,3,-12.447472837497,4.42734603161132,-12.447472837497,4.42734603161132,-2.81149762151453,0.00493114553262401,294857,1,"FLOT1;IER3","TSS1500;Body",-0.000130202175737582
"chr2",66673428,66673449,2,-8.19115670722746,2.91557646300505,-8.19115670722746,2.91557646300505,-2.8094467118811,0.00496267339434206,294857,1,"MEIS1","Body",-0.0252493459685721
"chr16",78601838,78601961,3,-5.91987010208387,2.10726192971142,-5.91987010208387,2.10726192971142,-2.80927112980898,0.00496538100471348,294857,1,"WWOX","Body",0.000777675575122279
"chr19",52452808,52453199,2,-7.58593598972681,2.70114434983725,-7.58593598972681,2.70114434983725,-2.80841562213581,0.00497859271216442,294857,1,"","",-0.0290221980821392
"chr6",30712307,30712436,6,-6.06151202611896,2.15837137697349,-6.06151202611896,2.15837137697349,-2.80837305886558,0.00497925085120777,294857,1,"IER3","TSS200;5'UTR;1stExon",-0.00169968666888153
"chr5",122180440,122180484,2,-6.95436221157742,2.48111272726457,-6.95436221157742,2.48111272726457,-2.80292069568504,0.00506421202420752,294857,1,"SNX24","TSS1500",-0.0287925356686282
"chr13",112225387,112225526,3,-21.3006606755611,7.60745344040181,-21.3006606755611,7.60745344040181,-2.79997253252148,0.0051106955125703,294857,1,"","",-0.00784547596024943
"chr17",8869155,8869213,2,-41.5381992957511,14.8387048587999,-41.5381992957511,14.8387048587999,-2.7993143398305,0.00512112570603597,294857,1,"PIK3R5","TSS200",-0.00397307795415699
"chr10",7859623,7859676,2,-12.5860810774145,4.49652603749219,-12.5860810774145,4.49652603749219,-2.7990677630845,0.00512503808915318,294857,1,"TAF3","TSS1500",-0.00147471363757513
"chr18",712737,713085,2,-11.0831579209848,3.96896615597857,-11.0831579209848,3.96896615597857,-2.79245463060699,0.00523098026703527,294857,1,"ENOSF1","TSS200;TSS1500",0.0139561259657994
"chr17",21414968,21415413,2,-6.18973932456664,2.21756058082886,-6.18973932456664,2.21756058082886,-2.79123798379077,0.00525068502262751,294857,1,"","",-0.0342857831169726
"chr17",33760293,33760527,3,-10.03367260551,3.59699046916063,-10.03367260551,3.59699046916063,-2.78946321696855,0.00527954932521282,294857,1,"SLFN12","TSS1500",-0.0240398156508054
"chr16",3345146,3345604,3,-6.47243317681911,2.32107711556449,-6.47243317681911,2.32107711556449,-2.78854723671902,0.0052945025743445,294857,1,"","",-0.00621037660298115
"chr3",119182840,119182858,2,-8.18781015291843,2.93630720093283,-8.18781015291843,2.93630720093283,-2.78847191135766,0.00529573395091801,294857,1,"TMEM39A","TSS1500",0.00547330682847383
"chr15",31516404,31516481,2,-8.66325097291643,3.10921589660747,-8.66325097291643,3.10921589660747,-2.78631373986254,0.00533112458429045,294857,1,"","",-0.0384161020020899
"chr10",105207034,105207135,2,-10.9967912000341,3.94782710120981,-10.9967912000341,3.94782710120981,-2.78553009493859,0.0053440279007739,294857,1,"CALHM2","Body",-0.0196044038630288
"chr7",128696150,128696180,2,-18.4619367167295,6.62897171599885,-18.4619367167295,6.62897171599885,-2.78503778680668,0.00535214855081103,294857,1,"LOC286016;TNPO3","Body;TSS1500",0.013136207066787
"chr6",29720460,29720477,2,-24.6609992706192,8.8605972175272,-24.6609992706192,8.8605972175272,-2.78322088965258,0.00538221491129061,294857,1,"","",0.00652356842908029
"chr12",106974832,106975112,3,-7.35807399348003,2.64623999060241,-7.35807399348003,2.64623999060241,-2.78057697699784,0.00542623935144171,294857,1,"","",-0.0079490254135519
"chr20",54824490,54824583,2,-8.65179105734848,3.11321020236568,-8.65179105734848,3.11321020236568,-2.77905778760911,0.00545168256703287,294857,1,"MC3R","1stExon",-0.0236976086043738
"chr8",146052635,146052715,2,17.4938076538893,6.29804257384967,17.4938076538893,6.29804257384967,2.77765789112414,0.0054752231679216,294857,1,"ZNF7","TSS1500;TSS200",0.0121897475306099
"chr17",72438885,72439044,2,-9.77300103981648,3.52629038817642,-9.77300103981648,3.52629038817642,-2.77146801992971,0.0055804153623693,294857,1,"GPRC5C","Body",-0.00677348282939622
"chr4",1343273,1343700,4,-6.13251307487581,2.22008019855186,-6.13251307487581,2.22008019855186,-2.76229348781004,0.00573968587804064,294857,1,"KIAA1530","Body",-0.00958994619706308
"chr17",33289464,33289944,2,11.9374742556662,4.33612073500611,11.9374742556662,4.33612073500611,2.75303087372391,0.00590463275970233,294857,1,"ZNF830;CCT6B","1stExon;TSS1500;3'UTR",0.0335991904812517
"chr16",3463964,3464107,2,-9.52909409264125,3.46518685173415,-9.52909409264125,3.46518685173415,-2.74995101285012,0.00596041746554082,294857,1,"","",-0.0175953576766658
"chr13",111522222,111522314,2,-5.63105678980929,2.04799672688733,-5.63105678980929,2.04799672688733,-2.74954384246878,0.00596782786954965,294857,1,"C13orf29","Body",-0.0346689424242337
"chr7",48494519,48494608,3,-13.6627964789928,4.99216099891405,-13.6627964789928,4.99216099891405,-2.73685013002683,0.00620305455511729,294857,1,"ABCA13","Body",-0.0127374657911591
"chr7",27141067,27141088,2,-19.707485213401,7.20325100694697,-19.707485213401,7.20325100694697,-2.73591537965215,0.00622070203707218,294857,1,"HOXA2","Body",0.000192211317256639
"chr20",57426759,57426789,2,-4.30032992380229,1.57408041885799,-4.30032992380229,1.57408041885799,-2.73196329252492,0.0062958155007319,294857,1,"GNAS;GNASAS","TSS1500;3'UTR",-0.0285701531266505
"chr19",21666552,21666788,2,-9.52493659026365,3.48983250010129,-9.52493659026365,3.48983250010129,-2.72933918461336,0.00634613932862492,294857,1,"","",-0.00786908901239311
"chr19",58728728,58728865,2,-8.9317114952018,3.27512911185156,-8.9317114952018,3.27512911185156,-2.72713263818548,0.00638873523824129,294857,1,"","",-0.0127091968502047
"chr17",33759929,33759957,2,-9.26218490963468,3.3964474856988,-9.26218490963468,3.3964474856988,-2.72702138002556,0.00639088980014469,294857,1,"SLFN12","TSS1500",-0.0104303573625964
"chr1",22109947,22110159,2,-36.5019995283466,13.3936692389241,-36.5019995283466,13.3936692389241,-2.72531737772545,0.00642397032517574,294857,1,"USP48","TSS1500",-0.0025286127452889
"chr13",20968936,20969084,2,-9.40813380742723,3.45458512064235,-9.40813380742723,3.45458512064235,-2.7233758841866,0.00646184907235811,294857,1,"","",-0.0138447933464216
"chr11",2464845,2464851,2,-6.94392475087808,2.55167622072602,-6.94392475087808,2.55167622072602,-2.72131890969394,0.00650219996803368,294857,1,"KCNQ1","TSS1500",0.00904659019390858
"chr6",32055079,32055146,4,-7.88895087975803,2.89994925584406,-7.88895087975803,2.89994925584406,-2.72037549066074,0.00652078236415025,294857,1,"TNXB","Body",-0.0283608437122035
"chr2",11810508,11810683,5,-6.51517288204903,2.4095537762555,-6.51517288204903,2.4095537762555,-2.70389187668339,0.00685325850955188,294857,1,"NTSR2","TSS1500;TSS200",-0.0150220192720831
"chr1",247694271,247694275,2,-7.9893640537016,2.96151894776299,-7.9893640537016,2.96151894776299,-2.6977251183,0.00698150626034045,294857,1,"LOC148824;OR2C3","TSS200;3'UTR",0.0300265690648709
"chr11",85645743,85646010,2,-8.06234064899882,2.99066256903027,-8.06234064899882,2.99066256903027,-2.69583761554653,0.00702118853666857,294857,1,"","",-0.0220202769140387
"chr5",176757703,176758052,2,-14.56074904699,5.40652037666027,-14.56074904699,5.40652037666027,-2.69318305168111,0.00707734002389741,294857,1,"","",-0.0141300347570427
"chr12",5153729,5153947,2,-8.05170983246315,2.99088165034164,-8.05170983246315,2.99088165034164,-2.692085737175,0.00710066885741752,294857,1,"KCNA5","1stExon",-0.0140138533785169
"chr1",3562370,3562429,2,-14.3928707555558,5.35774363212203,-14.3928707555558,5.35774363212203,-2.68636794587636,0.00722334949142065,294857,1,"WDR8","Body",-0.0177954729156126
"chr5",42993440,42993450,2,-14.6928181002802,5.47082812329743,-14.6928181002802,5.47082812329743,-2.68566618602237,0.0072385367403984,294857,1,"","",-0.0241054166132753
"chr6",28227068,28227079,2,-12.5423837223724,4.67466271542234,-12.5423837223724,4.67466271542234,-2.68305640126578,0.00729526858346876,294857,1,"NKAPL","TSS200",0.0222929526796705
"chr20",57427483,57427503,4,3.24261093601306,1.20967023427637,3.24261093601306,1.20967023427637,2.68057429548377,0.00734959475222272,294857,1,"GNAS","TSS1500;3'UTR",-0.00855646281053216
"chr1",11561497,11561711,3,-7.12487313192403,2.65974057209028,-7.12487313192403,2.65974057209028,-2.67878499380284,0.00738898225876705,294857,1,"PTCHD2","Body",-0.0210656995549225
"chr8",30300223,30300306,2,-7.4761774507301,2.79223053773157,-7.4761774507301,2.79223053773157,-2.67749290386452,0.00741754237638433,294857,1,"RBPMS","Body",-0.0172219972077367
"chr6",28921805,28922226,4,11.8920638680096,4.44550955761081,11.8920638680096,4.44550955761081,2.67507328775172,0.00747129157307825,294857,1,"","",0.010802236280932
"chr7",102098214,102098383,2,-19.3498568735873,7.23980472445542,-19.3498568735873,7.23980472445542,-2.67270425239857,0.00752425531873926,294857,1,"ALKBH4","Body",-0.0116416772328101
"chr1",182921660,182921688,2,-19.2128851898583,7.19952954662363,-19.2128851898583,7.19952954662363,-2.66863064668838,0.0076161151998449,294857,1,"C1orf14","Body",-0.0215360486578929
"chr4",1243980,1244006,2,-13.3785879218933,5.02145195782943,-13.3785879218933,5.02145195782943,-2.66428675097318,0.0077151765453304,294857,1,"CTBP1;C4orf42","TSS1500;TSS200",-0.0636635339289341
"chr19",44324951,44325004,2,-27.3882077032628,10.2830556653369,-27.3882077032628,10.2830556653369,-2.66343085116087,0.00773483073057172,294857,1,"LYPD5","TSS200",-0.0149977729733349
"chr20",62687986,62688326,4,-5.6497702472395,2.12172295111356,-5.6497702472395,2.12172295111356,-2.66282185630046,0.00774884249904624,294857,1,"TCEA2","TSS1500;TSS200",-0.0120504832906733
"chr10",3147474,3147707,2,-8.05219412896949,3.02830041980489,-8.05219412896949,3.02830041980489,-2.65898128082295,0.0078377317571299,294857,1,"PFKP","Body",-0.0641818883534948
"chr11",61522807,61523045,2,8.9990051876248,3.38499223235931,8.9990051876248,3.38499223235931,2.65850098608721,0.00784891209229847,294857,1,"C11orf9;DKFZP434K028","TSS200;Body",-0.0529342581412305
"chr10",85985296,85985319,2,9.80033379356923,3.69497563598869,9.80033379356923,3.69497563598869,2.652340572456,0.00799358677593662,294857,1,"LRIT2","TSS200",0.0200638164615001
"chr1",1377656,1377938,2,-14.8143839589672,5.60586265974029,-14.8143839589672,5.60586265974029,-2.64265909783341,0.00822578093941086,294857,1,"VWA1","3'UTR",-0.00815973285169846
"chr20",30073537,30073546,2,10.0034835532085,3.79511502866368,10.0034835532085,3.79511502866368,2.63588415045508,0.0083918376869295,294857,1,"NCRNA00028","TSS200",0.080234966609263
"chr6",34499488,34499504,2,-5.98778583827035,2.27267517748226,-5.98778583827035,2.27267517748226,-2.63468616087223,0.00842151091300208,294857,1,"PACSIN1","Body",-0.0135940720017946
"chr17",18057079,18057145,2,9.57447370141116,3.63464575824135,9.57447370141116,3.63464575824135,2.63422471906694,0.00843296546166688,294857,1,"MYO15A","Body",0.0446404155720354
"chr21",46378368,46378625,2,-22.0462238698039,8.38481702125424,-22.0462238698039,8.38481702125424,-2.62930291906431,0.00855601091494549,294857,1,"C21orf70","Body",-0.0167519532347795
"chr3",138739916,138739922,2,-6.27872764591843,2.39114123501984,-6.27872764591843,2.39114123501984,-2.62582885275128,0.0086438267123219,294857,1,"PRR23B","TSS200",-0.0390370333766537
"chr13",110522265,110522297,2,-13.4733552407638,5.1334867576665,-13.4733552407638,5.1334867576665,-2.62460114865248,0.0086750521550702,294857,1,"","",-0.00355188134283739
"chr6",44186914,44187052,4,-11.0797674018551,4.22179550459506,-11.0797674018551,4.22179550459506,-2.62442067357258,0.00867965085022284,294857,1,"SLC29A1","TSS1500;TSS200",-0.0143892490556791
"chr2",209271661,209271875,2,-34.5376939715329,13.2296425666066,-34.5376939715329,13.2296425666066,-2.61062941025412,0.00903757708751958,294857,1,"PTH2R","Body;1stExon;5'UTR",-0.00140997202893866
"chr12",133177546,133177827,3,-8.01955459334455,3.07244866084078,-8.01955459334455,3.07244866084078,-2.61015088569453,0.00905022949961246,294857,1,"","",-0.0641112140151598
"chr2",74875253,74875387,5,-6.88697008655658,2.63906652702698,-6.88697008655658,2.63906652702698,-2.60962352256994,0.00906419154295386,294857,1,"C2orf65","TSS200;TSS1500",-0.00922459149829442
"chr7",42533133,42533206,2,-36.8216801300609,14.1216378276136,-36.8216801300609,14.1216378276136,-2.60746526568323,0.00912153243536595,294857,1,"","",-0.00879652917162314
"chr10",77352231,77352287,2,-17.9876520725339,6.89929026948146,-17.9876520725339,6.89929026948146,-2.60717427009863,0.00912928837206392,294857,1,"","",-0.00884043872088003
"chr1",3283394,3283488,2,6.08917079358011,2.34075183335302,6.08917079358011,2.34075183335302,2.60137392901564,0.00928511857355324,294857,1,"PRDM16","Body",-0.0330679403098646
"chr3",195270596,195270614,2,-23.0190248027211,8.85221467342964,-23.0190248027211,8.85221467342964,-2.60036902085236,0.00931235605752615,294857,1,"PPP1R2","TSS1500",0.00207095978827668
"chr19",10172712,10172899,4,-7.35672422743439,2.83034680994449,-7.35672422743439,2.83034680994449,-2.59923066727596,0.00934329660717423,294857,1,"C3P1","Body",-0.0174562471793389
"chr12",133180045,133180698,3,-8.29093662948895,3.19304399565032,-8.29093662948895,3.19304399565032,-2.5965619768419,0.00941619166626767,294857,1,"","",-0.0858228438940388
"chr1",220863382,220863407,2,-25.3977713500446,9.8128269789504,-25.3977713500446,9.8128269789504,-2.58822166176227,0.00964728780962055,294857,1,"C1orf115","TSS1500",0.00505993246147616
"chr8",144814911,144815204,3,7.09515601339324,2.74147667135362,7.09515601339324,2.74147667135362,2.58807820162481,0.00965130669994821,294857,1,"FAM83H","5'UTR",0.0438024734338598
"chr17",79283095,79283123,2,-10.7234308048012,4.15653488096587,-10.7234308048012,4.15653488096587,-2.57989674377743,0.009882986092106,294857,1,"C17orf55","TSS200",-0.018769853033969
"chr20",32255988,32256071,2,-11.0248194722021,4.27351256154087,-11.0248194722021,4.27351256154087,-2.57980275322437,0.00988567622491805,294857,1,"NECAB3;C20orf134","Body;1stExon;3'UTR",0.00116131436169144
"chr8",8749074,8749343,3,-8.51335001594583,3.3075973071263,-8.51335001594583,3.3075973071263,-2.57387741778711,0.0100565896365251,294857,1,"MFHAS1","1stExon",-0.0273576194483248
"chr19",12876947,12877188,3,-12.357573051529,4.80661637848753,-12.357573051529,4.80661637848753,-2.57095055616181,0.0101419805591336,294857,1,"HOOK2","Body",-0.119799181590867
"chr10",77542483,77542488,2,-10.934185897463,4.25311480318121,-10.934185897463,4.25311480318121,-2.5708654488434,0.0101444731874438,294857,1,"C10orf11","TSS200",0.0105293034570983
"chr11",8101907,8102016,2,-6.90149337607773,2.68587447579252,-6.90149337607773,2.68587447579252,-2.56955171892064,0.0101830190438437,294857,1,"TUB","TSS1500;Body",-0.00570850136903467
"chr1",151019134,151019274,2,-7.0602951807535,2.74786813128967,-7.0602951807535,2.74786813128967,-2.5693719070281,0.0101883049967855,294857,1,"C1orf56;BNIPL","TSS1500;Body;3'UTR",-0.0280346663596522
"chr11",89867809,89867819,2,-41.7516424998821,16.2565153608964,-41.7516424998821,16.2565153608964,-2.56830209752775,0.0102198048541204,294857,1,"NAALAD2","TSS200;5'UTR;1stExon",-0.00545609023215442
"chr16",31235535,31235706,2,-9.35101996391196,3.64158936385931,-9.35101996391196,3.64158936385931,-2.56784031080371,0.0102334286367797,294857,1,"TRIM72","Body",-0.00123345595872271
"chr8",145939129,145939351,2,-10.6155073853593,4.1639890577224,-10.6155073853593,4.1639890577224,-2.5493600579166,0.0107920814239599,294857,1,"","",-0.0105367122886897
"chr15",71409751,71409997,2,-11.1480963287823,4.39626983121409,-11.1480963287823,4.39626983121409,-2.5358080274394,0.0112188215925984,294857,1,"","",-0.00390791740567165
"chr20",57042304,57042544,2,-10.9213163393629,4.31834465589956,-10.9213163393629,4.31834465589956,-2.52905157175045,0.0114371220423571,294857,1,"APCDD1L","Body",-0.0253054007027051
"chr1",32741454,32741518,2,-7.25093354073255,2.86855591785782,-7.25093354073255,2.86855591785782,-2.52772954349358,0.0114802750461816,294857,1,"LCK","Body",-0.0203909164472665
"chr5",42756851,42757171,4,-7.96151102118344,3.15485076059231,-7.96151102118344,3.15485076059231,-2.52357769839126,0.0116167385928548,294857,1,"CCDC152","TSS200;5'UTR",-0.014636594357514
"chr14",105167820,105167973,2,-23.6179613718406,9.36252950447348,-23.6179613718406,9.36252950447348,-2.52260474699233,0.011648925132162,294857,1,"INF2","Body",-0.0274470954359143
"chr6",163768411,163768551,2,-20.4111813446399,8.09385373868916,-20.4111813446399,8.09385373868916,-2.52181247692592,0.0116751929090101,294857,1,"","",-0.0102832854513622
"chr17",42989137,42989147,2,-6.54320473282069,2.59877325826752,-6.54320473282069,2.59877325826752,-2.51780516518888,0.0118088623488125,294857,1,"GFAP","Body",-0.0403136828225884
"chr13",100608447,100608705,2,-9.31949200328049,3.71707698844124,-9.31949200328049,3.71707698844124,-2.50720984049045,0.0121688445676487,294857,1,"","",-0.0149684579544555
"chr14",24780540,24780551,2,-8.89058597394853,3.54947280456263,-8.89058597394853,3.54947280456263,-2.50476238683114,0.0122533681185616,294857,1,"LTB4R2;CIDEB;LTB4R","Body;1stExon;5'UTR;TSS200",-0.0259622769250085
"chr1",11561908,11561956,2,-9.80449974359208,3.9163101546378,-9.80449974359208,3.9163101546378,-2.50350441013496,0.0122970147832397,294857,1,"PTCHD2","Body",-0.0350772441845764
"chr8",101225361,101225800,2,-15.2356870515199,6.0971997782362,-15.2356870515199,6.0971997782362,-2.49880069633003,0.012461437243381,294857,1,"SPAG1","Body",-0.0171534125400823
"chr6",168533375,168533507,2,-5.28141437221271,2.11440293003359,-5.28141437221271,2.11440293003359,-2.49782777785349,0.0124956884616321,294857,1,"","",-0.0523158216106881
"chr5",1855960,1856325,3,-18.2138718305679,7.31337725953816,-18.2138718305679,7.31337725953816,-2.4904871148023,0.0127568121344059,294857,1,"","",-0.0313271548421178
"chr7",156889041,156889254,2,-7.70199913277433,3.09861643251061,-7.70199913277433,3.09861643251061,-2.48562521387454,0.0129324082919096,294857,1,"","",-0.0228615438079975
"chr17",40557138,40557347,2,-14.4710049016436,5.83959472819204,-14.4710049016436,5.83959472819204,-2.47808376697468,0.0132090129770563,294857,1,"PTRF","Body",-0.00638906027737102
"chr2",200330782,200330851,2,-6.72593235478455,2.71518868902045,-6.72593235478455,2.71518868902045,-2.4771509921143,0.0132435861750854,294857,1,"","",0.0312338341004611
"chr13",36728963,36729109,2,33.8657261788243,13.7179825581908,33.8657261788243,13.7179825581908,2.46871039784226,0.0135600910732835,294857,1,"","",0.0117597592839493
"chr7",130418315,130418324,2,-16.1650332017197,6.55193618983532,-16.1650332017197,6.55193618983532,-2.4672146878961,0.0136168688968244,294857,1,"KLF14","1stExon",0.0134607105123635
"chr6",30068934,30068942,2,-23.6504549163596,9.59191632090013,-23.6504549163596,9.59191632090013,-2.46566526699434,0.0136759069734923,294857,1,"","",0.00543625493903791
"chr17",76976267,76976352,2,6.29608076202722,2.55450889019619,6.29608076202722,2.55450889019619,2.46469322780226,0.0137130601997345,294857,1,"LGALS3BP","TSS1500",-0.0478627432445664
"chr17",21454773,21454896,2,-14.4688462869016,5.87273450675414,-14.4688462869016,5.87273450675414,-2.46373240102395,0.0137498724466465,294857,1,"C17orf51","1stExon;5'UTR",-0.0186962345760852
"chr6",160211790,160212070,2,-29.1291519096788,11.8273638417155,-29.1291519096788,11.8273638417155,-2.46286089609752,0.013783337949279,294857,1,"TCP1;MRPL18","TSS1500;Body",-0.00632049504536196
"chr5",87984861,87984943,2,-8.69064685093742,3.52893585951981,-8.69064685093742,3.52893585951981,-2.46268200865515,0.0137902160588003,294857,1,"","",0.00613442240977506
"chr14",101192273,101192277,2,-11.1383364925613,4.53054661791597,-11.1383364925613,4.53054661791597,-2.45849727017815,0.0139519837237842,294857,1,"DLK1","TSS1500",-0.0106410718199524
"chr4",42348136,42348211,2,-11.8456231742472,4.83021753539341,-11.8456231742472,4.83021753539341,-2.45239952185351,0.0141907005163907,294857,1,"","",-0.000356739963750741
"chr19",37742481,37742739,2,34.6872358619887,14.1442613728653,34.6872358619887,14.1442613728653,2.45238934346431,0.014191101977822,294857,1,"","",0.0128388363670984
"chr11",1283946,1283970,2,-33.0216839095056,13.4655424843354,-33.0216839095056,13.4655424843354,-2.45230995690816,0.0141942335284219,294857,1,"","",0.00264510553349757
"chr2",236944798,236945083,3,6.33139118972228,2.58781304092782,6.33139118972228,2.58781304092782,2.44661847265916,0.0144203396087778,294857,1,"AGAP1","Body",0.00305051726856898
"chr10",33294599,33294676,2,-15.4933494381802,6.34325091687649,-15.4933494381802,6.34325091687649,-2.44249354805743,0.0145861903361933,294857,1,"","",-0.0104146768894478
"chr17",1613851,1613880,2,-32.1937741133004,13.1940362795884,-32.1937741133004,13.1940362795884,-2.44002467714185,0.0146862586494653,294857,1,"TLCD2","TSS200;TSS1500",-0.00687375823171014
"chr6",31740787,31740970,6,3.60683293711983,1.48236255048368,3.60683293711983,1.48236255048368,2.43316517672614,0.0149674712024843,294857,1,"C6orf27","Body",-0.0198230714791933
"chr6",32134604,32134622,3,-14.7814346745622,6.09005210809008,-14.7814346745622,6.09005210809008,-2.42714420372963,0.015218205624836,294857,1,"EGFL8","Body",-0.00597084329446866
"chr17",3600383,3600461,2,-14.0751984129194,5.80339862400472,-14.0751984129194,5.80339862400472,-2.42533717306611,0.0152941747973316,294857,1,"P2RX5","TSS1500",0.0100978488066345
"chr1",74663583,74663636,2,-30.295266383805,12.5028452631448,-30.295266383805,12.5028452631448,-2.42306976901551,0.0153899706433974,294857,1,"LRRIQ3;TNNI3K;FPGT","5'UTR;TSS1500",-4.0999639148824e-05
"chr4",6107339,6107633,2,-8.62895344387608,3.57888593448368,-8.62895344387608,3.57888593448368,-2.41107249625741,0.0159056864698346,294857,1,"JAKMIP1","Body",-0.0249681860433702
"chr18",55862058,55862111,2,-10.5946033813139,4.40764570026651,-10.5946033813139,4.40764570026651,-2.40368761506245,0.0162306361323011,294857,1,"NEDD4L","5'UTR;Body;TSS1500",-0.00203608548360534
"chr5",23507450,23507594,3,-6.60351859236263,2.74900333717019,-6.60351859236263,2.74900333717019,-2.40215008220407,0.016299019798086,294857,1,"PRDM9","TSS1500;TSS200",-0.0133985802987323
"chr9",98075481,98075492,2,-9.52951445580232,3.96978855680629,-9.52951445580232,3.96978855680629,-2.40050932674078,0.0163722735209223,294857,1,"FANCC","5'UTR",-0.0351029539737114
"chr16",54227814,54227914,2,-6.88582595020165,2.87722551987064,-6.88582595020165,2.87722551987064,-2.39321732086932,0.0167013454000528,294857,1,"","",-0.0787765097058208
"chr3",42977845,42977889,2,-7.47652354380719,3.12575550754214,-7.47652354380719,3.12575550754214,-2.3919092602627,0.0167609856273334,294857,1,"","",-0.00138756396452083
"chr3",194090477,194090586,2,-6.35781789996648,2.65910536904268,-6.35781789996648,2.65910536904268,-2.39096125109754,0.0168043263080803,294857,1,"LRRC15","TSS200",-0.0298389004625481
"chr6",44243304,44243750,2,-10.7105523568104,4.48487137406976,-10.7105523568104,4.48487137406976,-2.38815151282504,0.0169333591501845,294857,1,"TMEM151B","Body",-0.010844864646619
"chr8",1861037,1861064,2,-7.15976586679374,3.0005868632018,-7.15976586679374,3.0005868632018,-2.38612184656233,0.0170271085577917,294857,1,"ARHGEF10","Body",-0.0687385499845949
"chr2",3689368,3689727,2,-24.4225739605423,10.2444321303718,-24.4225739605423,10.2444321303718,-2.38398513941406,0.0171262939417444,294857,1,"COLEC11","Body",-0.00650961128187882
"chr7",1961869,1961968,2,-5.68540860770628,2.38524123667427,-5.68540860770628,2.38524123667427,-2.38357802988239,0.0171452492427123,294857,1,"MAD1L1","Body",-0.0106871270743023
"chr19",3481788,3481960,3,-7.75395840546931,3.25431839452643,-7.75395840546931,3.25431839452643,-2.38266741770289,0.0171877146139226,294857,1,"C19orf77","TSS1500",-0.0267731244670201
"chr7",2151184,2151462,3,-8.81295711385437,3.71014262611446,-8.81295711385437,3.71014262611446,-2.37536882054693,0.0175314227386394,294857,1,"MAD1L1","Body",0.0135500733820346
"chr2",85294381,85294457,2,5.4102506179006,2.278368405929,5.4102506179006,2.278368405929,2.3746162402101,0.017567203907589,294857,1,"","",-0.00472193135869167
"chr6",29768219,29768230,2,-20.5439227309539,8.66656189789361,-20.5439227309539,8.66656189789361,-2.37048127885027,0.0177649435839303,294857,1,"","",-0.00575434632980615
"chr4",18320910,18321009,2,-7.98468103217744,3.37382270068217,-7.98468103217744,3.37382270068217,-2.36665697653969,0.0179495604950719,294857,1,"","",-0.0540003710620236
"chr5",140743780,140743808,2,-15.962275429236,6.77246428787147,-15.962275429236,6.77246428787147,-2.35693755636662,0.0184263450613892,294857,1,"PCDHGA4;PCDHGA2;PCDHGB2;PCDHGA5;PCDHGA1","Body;TSS200",-0.00892290136121743
"chr1",24195143,24195587,4,-10.0653488025634,4.2748662729418,-10.0653488025634,4.2748662729418,-2.3545412089901,0.0185455872528184,294857,1,"FUCA1","TSS1500",-0.0354750075783607
"chr6",1446388,1446441,2,-10.5670088044378,4.50755117873559,-10.5670088044378,4.50755117873559,-2.3442903664162,0.0190633237125905,294857,1,"","",-0.0254330131825518
"chr18",46987532,46987786,2,-10.6362778619435,4.5480168110703,-10.6362778619435,4.5480168110703,-2.33866282904975,0.0193528903484188,294857,1,"DYM","TSS1500",-0.0128477982007767
"chr1",228890884,228890938,2,-15.5386480270917,6.6466545485906,-15.5386480270917,6.6466545485906,-2.33781489823126,0.0193968524238384,294857,1,"","",-0.0200347621257078
"chr7",6704074,6704194,2,-10.0000403939958,4.28217806115462,-10.0000403939958,4.28217806115462,-2.33526963409352,0.0195293394441673,294857,1,"","",0.00154111158477895
"chr20",44838981,44839187,2,-18.0679931877957,7.73705811632165,-18.0679931877957,7.73705811632165,-2.33525364759514,0.0195301740712149,294857,1,"CDH22","Body",-0.0168567953176706
"chr10",131927345,131927401,2,-10.1468043089094,4.34592130356085,-10.1468043089094,4.34592130356085,-2.33478786203412,0.0195545056022727,294857,1,"","",-0.0175080750613664
"chr12",39299132,39299326,2,-22.8208804810507,9.78268944811883,-22.8208804810507,9.78268944811883,-2.33278185943428,0.0196595972462593,294857,1,"CPNE8","1stExon;Body",-0.0127274098307516
"chr19",38281183,38281219,2,-8.33128774766393,3.59207085192697,-8.33128774766393,3.59207085192697,-2.31935507151665,0.0203757916281189,294857,1,"","",-0.0231481793370086
"chr8",65283263,65283649,2,-7.17203827705884,3.10827625209761,-7.17203827705884,3.10827625209761,-2.30740053179598,0.0210325016220043,294857,1,"","",0.0107200592779775
"chr7",106301118,106301641,4,-17.7757240161049,7.71877932360322,-17.7757240161049,7.71877932360322,-2.30291905894351,0.0212833976065828,294857,1,"FLJ36031","TSS200;1stExon;5'UTR",-0.0119792321240576
"chr3",38009911,38009934,2,-4.99169252473365,2.17281707347535,-4.99169252473365,2.17281707347535,-2.2973367549757,0.0215995666100622,294857,1,"CTDSPL;MIR26A1","Body;TSS1500",0.0718897805699865
"chr5",2112260,2112351,2,12.2854999565565,5.34928017920793,12.2854999565565,5.34928017920793,2.29666413890768,0.0216379366862464,294857,1,"","",0.0301278244207213
"chr14",24780167,24780404,2,-5.15899640472713,2.24742932494445,-5.15899640472713,2.24742932494445,-2.29550996218964,0.0217039161529575,294857,1,"LTB4R2;LTB4R;CIDEB","1stExon;Body;TSS1500;5'UTR",-0.0272655076346399
"chr6",30139542,30139641,6,-11.5548923671968,5.03618536453548,-11.5548923671968,5.03618536453548,-2.29437392208906,0.0217690297581407,294857,1,"TRIM15","Body",-0.00283225845970093
"chr4",1041044,1041061,2,-7.63213573609774,3.32667451106606,-7.63213573609774,3.32667451106606,-2.29422376932571,0.0217776486649193,294857,1,"","",-0.0571458578980545
"chr10",72574568,72574724,2,-9.27341123846031,4.04406713223236,-9.27341123846031,4.04406713223236,-2.29309033090687,0.0218428049443941,294857,1,"SGPL1","TSS1500",0.028384211219085
"chr12",107348689,107348855,3,-6.69797447465578,2.92628165749298,-6.69797447465578,2.92628165749298,-2.28890286671656,0.0220849966702648,294857,1,"C12orf23","TSS1500",0.0386791716919787
"chr2",106886503,106886537,2,-28.4303313433284,12.4336422195753,-28.4303313433284,12.4336422195753,-2.28656501781659,0.0222212250620071,294857,1,"","",-0.00670652987390109
"chr14",103593503,103593505,2,22.742223444576,9.95562793737892,22.742223444576,9.95562793737892,2.28435851436243,0.0223504695874476,294857,1,"TNFAIP2","Body",0.0203853165305348
"chr16",30832346,30832529,2,-20.289553663372,8.89112208544193,-20.289553663372,8.89112208544193,-2.28200146937512,0.0224892535051118,294857,1,"","",-0.0049511053770564
"chr19",51506165,51506273,2,-5.68589221935295,2.50045999423347,-5.68589221935295,2.50045999423347,-2.27393848830443,0.0229696851738757,294857,1,"KLK9;KLK8","3'UTR;TSS1500",-0.00122977617552711
"chr17",5018984,5019310,3,-7.1906872670809,3.16846271600132,-7.1906872670809,3.16846271600132,-2.26945617215775,0.0232405995834255,294857,1,"ZNF232","5'UTR",-0.00880655380555894
"chr17",57918262,57918630,4,-7.26636037527277,3.22696754953447,-7.26636037527277,3.22696754953447,-2.25176121660134,0.0243373657905425,294857,1,"MIR21","TSS200;Body;TSS1500",0.0259867122546211
"chr7",42896398,42896801,2,-11.2918150363999,5.03573607923188,-11.2918150363999,5.03573607923188,-2.24233654399981,0.0249396296010504,294857,1,"","",-0.0217725571350726
"chr16",84336383,84336445,2,-9.77388880132565,4.36091825583045,-9.77388880132565,4.36091825583045,-2.24124558818735,0.0250101713514035,294857,1,"WFDC1","Body",-0.0151116436586835
"chr16",1143566,1143703,2,-11.07877497034,4.95382384713305,-11.07877497034,4.95382384713305,-2.23640874447961,0.0253250088658809,294857,1,"C1QTNF8","Body",-0.0140305028157899
"chr5",23507644,23507656,2,-7.38972259662062,3.30983541230445,-7.38972259662062,3.30983541230445,-2.23265560853842,0.0255716639616911,294857,1,"PRDM9","TSS200",-0.00968460815152961
"chr18",74692214,74692235,2,11.2133142515329,5.02796078418612,11.2133142515329,5.02796078418612,2.23019127094246,0.0257347475200079,294857,1,"MBP","3'UTR",-0.0289918051443862
"chr10",73848830,73849167,5,-7.73354407956591,3.46980814844187,-7.73354407956591,3.46980814844187,-2.22881028250472,0.0258265305009053,294857,1,"SPOCK2","TSS200;TSS1500",0.00981043397655102
"chr17",33759573,33759648,2,-7.24031071491522,3.26396577965512,-7.24031071491522,3.26396577965512,-2.21825570600199,0.0265374024419413,294857,1,"SLFN12","TSS200",-0.0678430167268112
"chr17",29886672,29886758,2,-19.0155297718089,8.5769714402741,-19.0155297718089,8.5769714402741,-2.21704478139212,0.0266200315546247,294857,1,"MIR193A","TSS1500",0.0096383825941538
"chr1",236686671,236686804,2,-7.2379249457636,3.27571950123321,-7.2379249457636,3.27571950123321,-2.20956798744176,0.0271351590921383,294857,1,"LGALS8","5'UTR;1stExon;TSS1500;TSS200",-0.0151312172749918
"chr11",2890575,2890577,2,-14.9039980830835,6.76403301880526,-14.9039980830835,6.76403301880526,-2.20341888362278,0.0275652384442339,294857,1,"KCNQ1DN","TSS1500",-0.0258586876362336
"chr2",127933617,127933644,2,-7.41681906548305,3.36622602669798,-7.41681906548305,3.36622602669798,-2.20330393938473,0.0275733335124892,294857,1,"","",-0.0614845286687234
"chr17",46507857,46507895,2,-7.87134702796581,3.57624179618888,-7.87134702796581,3.57624179618888,-2.20101085904038,0.027735255102617,294857,1,"SKAP1","TSS1500",-0.0169522737226911
"chr19",13209901,13209981,2,-6.07096092662086,2.76695185510129,-6.07096092662086,2.76695185510129,-2.19409705861999,0.0282284326900368,294857,1,"LYL1","3'UTR",-0.00356449038337886
"chr6",29691936,29691993,3,-20.1842438938252,9.22680146837692,-20.1842438938252,9.22680146837692,-2.18756672753855,0.0287011776894152,294857,1,"HLA-F","Body",0.00744941755673453
"chr6",133562774,133562776,2,-22.3360639935908,10.2402825607891,-22.3360639935908,10.2402825607891,-2.18119606182719,0.0291689179938551,294857,1,"EYA4","5'UTR;1stExon",0.0121831348271585
"chr7",1607408,1607601,2,-8.44219992901913,3.87376424339327,-8.44219992901913,3.87376424339327,-2.17932723794881,0.0293073671746363,294857,1,"PSMG3","Body",0.00521406674878055
"chr3",178978849,178978985,3,-10.6943455496743,4.92027878275026,-10.6943455496743,4.92027878275026,-2.17352431068887,0.0297408781370547,294857,1,"KCNMB3","TSS1500;Body",0.00387291989713569
"chr15",90792313,90792609,2,-6.29340113810158,2.90112512697116,-6.29340113810158,2.90112512697116,-2.1692966909952,0.0300601662995781,294857,1,"TTLL13","TSS200;TSS1500",0.0155246719237952
"chr17",76970864,76970933,2,-6.96777822373781,3.21435889551038,-6.96777822373781,3.21435889551038,-2.16770387198206,0.0301812246897911,294857,1,"LGALS3BP","Body",-0.0377351413861733
"chr10",45470440,45470493,2,-23.9203905441476,11.0466642954767,-23.9203905441476,11.0466642954767,-2.1653949015127,0.0303574561710362,294857,1,"RASSF4","Body",-0.0146958280800284
"chr3",42977953,42978026,2,-5.66958073197692,2.62102260663266,-5.66958073197692,2.62102260663266,-2.16311782951802,0.0305321181084142,294857,1,"","",-0.00574872609838284
"chr8",1365749,1365906,2,10.3886470675879,4.80727514757019,10.3886470675879,4.80727514757019,2.16102610079199,0.0306933232734457,294857,1,"","",0.00405653662905997
"chr3",10149918,10149974,3,-8.13226088747377,3.76691069282418,-8.13226088747377,3.76691069282418,-2.15886745150752,0.0308604516593497,294857,1,"C3orf24","TSS200",-0.0120957042022686
"chr12",131142648,131142708,2,-7.5360675211202,3.49276485783882,-7.5360675211202,3.49276485783882,-2.15762235015821,0.0309572055523002,294857,1,"","",-0.011409630534113
"chr1",3649771,3649971,3,-6.47943702669369,3.00840935808744,-6.47943702669369,3.00840935808744,-2.15377505367585,0.0312578169575255,294857,1,"TP73","3'UTR",0.00592195734530561
"chr6",127796989,127797022,2,-16.4156807678212,7.62449396225299,-16.4156807678212,7.62449396225299,-2.15301905268614,0.0313171811951554,294857,1,"C6orf174","Body",0.00177651083411945
"chr18",76190758,76190811,2,-6.62831769299768,3.09230100671807,-6.62831769299768,3.09230100671807,-2.14349045535915,0.0320737366839037,294857,1,"","",-0.019908024622795
"chr1",76262594,76262711,3,-10.8925576392015,5.08619531578868,-10.8925576392015,5.08619531578868,-2.1415924798225,0.032226289413812,294857,1,"MSH4","TSS200;1stExon;5'UTR",0.00941049319926524
"chr16",66835530,66835680,3,-16.2067680199812,7.57023689534057,-16.2067680199812,7.57023689534057,-2.14085348239979,0.03228585543129,294857,1,"CCDC79","TSS200",-0.00629452305400332
"chr10",115938972,115939024,3,-7.13509710447805,3.36899394054493,-7.13509710447805,3.36899394054493,-2.11787175352531,0.0341859304016807,294857,1,"TDRD1","TSS200",-0.00739585028264985
"chr19",42440079,42440113,2,-6.8018350737716,3.22124637463885,-6.8018350737716,3.22124637463885,-2.11155381572892,0.0347247374236389,294857,1,"","",0.0161630473334565
"chr1",1229351,1229534,2,-7.33122337403751,3.47383207670652,-7.33122337403751,3.47383207670652,-2.11041386346692,0.0348227233749131,294857,1,"ACAP3","Body",-0.0165622363349681
"chr8",27182909,27182930,2,-15.1238873413428,7.19213744959971,-15.1238873413428,7.19213744959971,-2.10283624963043,0.0354800860872957,294857,1,"PTK2B","5'UTR;TSS200",0.0239540596244809
"chr8",1879551,1879639,2,-7.43083398738798,3.56801344549542,-7.43083398738798,3.56801344549542,-2.08262499592577,0.0372854189757076,294857,1,"ARHGEF10","Body",-0.00138278844670175
"chr3",181421548,181421703,2,9.86297477193123,4.73801997739634,9.86297477193123,4.73801997739634,2.08166593196831,0.0373729945102722,294857,1,"SOX2OT","Body",0.032320474517727
"chr10",42971251,42971575,2,-14.936401233838,7.26989522414073,-14.936401233838,7.26989522414073,-2.05455522718395,0.0399219839337182,294857,1,"LOC84856","Body",-0.0320804284283625
"chr10",4868333,4868335,2,-9.28506004098038,4.53194149652701,-9.28506004098038,4.53194149652701,-2.04880403864345,0.0404812807041517,294857,1,"AKR1E2","TSS200",0.00841262478081128
"chr17",728927,729185,2,-11.8655994022872,5.85755619373705,-11.8655994022872,5.85755619373705,-2.02569109195641,0.042796450126493,294857,1,"NXN","Body",-0.0114707324092804
"chr8",22132932,22132992,3,-6.99323599148136,3.54488842672097,-6.99323599148136,3.54488842672097,-1.9727661775663,0.0485222082784309,294857,1,"PIWIL2","5'UTR;TSS200",-0.027932735347584
"chr10",54538305,54538682,3,-6.36299891794727,3.22682279996392,-6.36299891794727,3.22682279996392,-1.97190837935644,0.0486200665722842,294857,1,"","",-0.0208733882572372
"chr6",33283145,33283184,4,-4.19701721860529,2.13586569877856,-4.19701721860529,2.13586569877856,-1.96501925238345,0.0494120093048649,294857,1,"ZBTB22;TAPBP","Body;TSS1500",0.00499224855705582
"chr7",27170552,27170554,2,36.0036141050388,18.346883861132,36.0036141050388,18.346883861132,1.96238306066311,0.0497179034107408,294857,1,"HOXA4","TSS200",0.0154629733275813
"chr3",138763910,138764038,2,-6.36776765857032,3.2545941305788,-6.36776765857032,3.2545941305788,-1.95654739211302,0.0504007053313648,294857,1,"PRR23C","TSS1500;TSS200",-0.00739065620958709
"chr17",783036,783451,2,-5.96472790013078,3.05524791023307,-5.96472790013078,3.05524791023307,-1.95228933146566,0.0509038633633364,294857,1,"NXN","Body",0.00942246655828605
"chr6",30711426,30711561,2,-4.90796702890715,2.51830769435198,-4.90796702890715,2.51830769435198,-1.94891475728508,0.0513056054218121,294857,1,"IER3;FLOT1","3'UTR;TSS1500",0.00541629153883479
"chr17",41836261,41836423,2,-8.53269082843518,4.54075757069124,-8.53269082843518,4.54075757069124,-1.87913375589797,0.0602262320152369,294857,1,"SOST","TSS200;TSS1500",-0.0295788645538924
"chr5",150326521,150326862,3,-5.80098232152125,3.13254807618318,-5.80098232152125,3.13254807618318,-1.8518414340154,0.0640485958781658,294857,1,"LOC134466","TSS1500",-0.00259567683183913
"chr2",241076543,241076551,2,-6.60593359916565,3.80354238121292,-6.60593359916565,3.80354238121292,-1.73678453848569,0.08242520917115,294857,1,"MYEOV2","TSS1500",-0.0243490132317573
"chr13",19756096,19756122,2,7.461069813474,4.4485184075816,7.461069813474,4.4485184075816,1.67720331352527,0.0935027313270786,294857,1,"TUBA3C","TSS200",0.0262485726547817
"chr19",37742834,37742925,2,17.1349549679808,10.7332129894877,17.1349549679808,10.7332129894877,1.59644227546431,0.110390083897236,294857,1,"","",0.0110430041606909
"chr11",2890450,2890457,3,-7.35670233172024,4.65971532481556,-7.35670233172024,4.65971532481556,-1.5787879342203,0.114384707063854,294857,1,"KCNQ1DN","TSS1500",-0.00959391089271098
"chr20",57426858,57426931,2,-0.802850695666825,0.515171291754136,-0.802850695666825,0.515171291754136,-1.55841505246372,0.119134890677909,294857,1,"GNAS;GNASAS","TSS1500;3'UTR",-0.016753745058338
"chr6",30711138,30711164,3,-8.37248019201614,5.5266183961604,-8.37248019201614,5.5266183961604,-1.51493727119515,0.129788290532502,294857,1,"IER3;FLOT1","3'UTR;TSS1500",0.0152095795040474
"chr17",76976091,76976245,2,4.30855408116492,2.95590753240113,4.30855408116492,2.95590753240113,1.45760786964301,0.144948659243142,294857,1,"LGALS3BP","TSS200",-0.0330818939960114
"chr6",30139686,30139832,2,5.29707256974151,3.72462515944144,5.29707256974151,3.72462515944144,1.42217601583722,0.154975159578814,294857,1,"TRIM15","Body",-0.000372939749129518
"chr6",31164921,31164924,2,-14.8696433725605,10.7894754812133,-14.8696433725605,10.7894754812133,-1.37816183914145,0.16815332637695,294857,1,"HCG27","TSS1500",-0.011468122558756
"chr20",57426801,57426835,2,-2.80019549247026,2.03909644450723,-2.80019549247026,2.03909644450723,-1.37325308962861,0.169673680460407,294857,1,"GNAS;GNASAS","TSS1500;3'UTR",-0.00594028124364596
"chr6",32134865,32134918,2,-4.08516167121603,3.56398375230669,-4.08516167121603,3.56398375230669,-1.14623465064116,0.251698074139176,294857,1,"EGFL8","Body",0.0200387680296246
"chr6",30079425,30079436,2,-3.89219421445982,4.62660197898345,-3.89219421445982,4.62660197898345,-0.841264113952376,0.400199989838224,294857,1,"TRIM31","Body",-0.0425216578690977
"chr6",30069065,30069213,2,-3.48669684072589,4.62912035271523,-3.48669684072589,4.62912035271523,-0.753209373500249,0.451324107515546,294857,1,"","",0.0354300641222382
"chr12",123215151,123215248,2,1.07594967321996,2.83078118480246,1.07594967321996,2.83078118480246,0.380089312093914,0.703879119216504,294857,1,"GPR81","TSS200",-0.0667838622100937
