"chr","start","end","n","B","S","estimate","se","z","p.value","number.tests","p.adjust","Genes","Regions","Delta_Beta"
"chr10",88428026,88428257,7,2.62205523866628,0.14888164096726,2.62205523866628,0.14888164096726,17.6116761047986,2.00421389556299e-69,258280,5.1764836494601e-64,"LDB3","TSS200;1stExon;5'UTR;TSS1500",-0.0272597228771254
"chr2",70188512,70188605,3,14.4494876186241,0.964950924304763,14.4494876186241,0.964950924304763,14.9743238279551,1.08061272476263e-50,258280,2.79100654551692e-45,"ASPRV1","1stExon",-0.0324524065525169
"chr11",94278413,94278603,6,-10.9223354497411,0.88248341813987,-10.9223354497411,0.88248341813987,-12.3768166349954,3.48909373068279e-35,258280,9.0116312876075e-30,"FUT4","1stExon",0.00434030550782794
"chr7",95025740,95026106,13,-12.7620194299135,1.07366241719847,-12.7620194299135,1.07366241719847,-11.8864358344718,1.39221860540664e-32,258280,3.59582221404427e-27,"PON3","TSS1500;TSS200",-0.0124902233833415
"chr11",495069,495198,3,9.28588402564306,0.84755514618465,9.28588402564306,0.84755514618465,10.9560824064892,6.21310983510975e-28,258280,1.60472200821214e-22,"RNH1","Body",-0.0422825333367694
"chr21",46340776,46341006,3,5.56462187548314,0.57299327459783,5.56462187548314,0.57299327459783,9.71149596718882,2.69354399450977e-22,258280,6.95688542901983e-17,"ITGB2","5'UTR;1stExon;TSS200",-0.0210393248830812
"chr22",43166139,43166347,3,-10.526665475462,1.09624140999868,-10.526665475462,1.09624140999868,-9.60250669191071,7.80233866357031e-22,258280,2.01518803002694e-16,"","",-0.0137945159526188
"chr7",2742274,2742433,4,11.22049748099,1.18293965968163,11.22049748099,1.18293965968163,9.48526612423305,2.41765380640627e-21,258280,6.24431625118611e-16,"AMZ1","Body",-0.0558078629816508
"chr2",236761021,236761068,2,4.32858260152963,0.474256997433172,4.32858260152963,0.474256997433172,9.12708220428434,7.03702827602457e-20,258280,1.81752366313163e-14,"AGAP1","Body",-0.051040268478697
"chr17",8301118,8301192,3,-15.8477257008943,1.75987396689598,-15.8477257008943,1.75987396689598,-9.00503445076015,2.15598112004512e-19,258280,5.56846803685254e-14,"RNF222","TSS200;1stExon;5'UTR",-0.0159552461871774
"chr10",124639012,124639132,3,-20.6108290290938,2.49530022161969,-20.6108290290938,2.49530022161969,-8.25985941511895,1.45844138169301e-16,258280,3.76686240063671e-11,"LOC399815;FAM24B","TSS200;5'UTR;1stExon",0.0147043817819218
"chr3",125775413,125775613,2,10.069628829375,1.23396607579966,10.069628829375,1.23396607579966,8.16037736114377,3.3397951211578e-16,258280,8.62602283892635e-11,"SLC41A3","Body;5'UTR;1stExon",-0.0283740926292878
"chr13",97646736,97646811,5,-23.0380433448451,2.84487681580702,-23.0380433448451,2.84487681580702,-8.09808116008348,5.58328176973508e-16,258280,1.44205001548718e-10,"OXGR1","TSS200;TSS1500",-0.0366337978875865
"chr6",31846769,31846996,6,-10.5766955641964,1.33988812562899,-10.5766955641964,1.33988812562899,-7.89371542436154,2.93320578064707e-15,258280,7.57588389025524e-10,"SLC44A4","TSS200;5'UTR;1stExon",-0.0311169057254519
"chr13",111281129,111281384,4,-9.27262310839236,1.19217314188487,-9.27262310839236,1.19217314188487,-7.77791646415722,7.37287257808193e-15,258280,1.904265529467e-09,"CARKD","Body",0.00246043877813057
"chr12",104697532,104697545,2,-38.1473277936732,4.95437083044875,-38.1473277936732,4.95437083044875,-7.69973203443431,1.36351863074301e-14,258280,3.52169591948305e-09,"TXNRD1;EID3","5'UTR;Body;TSS200",-0.0204128039468202
"chr6",29626990,29627167,4,12.6031301045994,1.64782372029524,12.6031301045994,1.64782372029524,7.64834851530194,2.03576847511698e-14,258280,5.25798281753213e-09,"MOG","Body",-0.0258211194123112
"chr2",115419729,115419846,3,-8.62294180136276,1.13124121442908,-8.62294180136276,1.13124121442908,-7.62254918878169,2.48714295512705e-14,258280,6.42379282450214e-09,"DPP10","Body",-0.0638323987644162
"chr14",73712256,73712967,5,-12.9753195780876,1.7131539854122,-12.9753195780876,1.7131539854122,-7.5739365454446,3.62081323586067e-14,258280,9.35183642558094e-09,"PAPLN","Body",-0.0286851577814155
"chr6",169104488,169104540,2,10.6097162324481,1.40992353031914,10.6097162324481,1.40992353031914,7.52502955252234,5.27084011519682e-14,258280,1.36135258495303e-08,"","",-0.0297733833369626
"chr1",223566643,223567002,7,-13.0287688918661,1.79347760897728,-13.0287688918661,1.79347760897728,-7.26452832566765,3.74342177641096e-13,258280,9.66850976411423e-08,"C1orf65","5'UTR;1stExon;TSS200",-0.0573222337451728
"chr2",158453600,158454110,5,-9.32649618002645,1.30073263002983,-9.32649618002645,1.30073263002983,-7.17018698901444,7.48953986141535e-13,258280,1.93439835540636e-07,"ACVR1C","Body;5'UTR;TSS200",-0.0120976975811924
"chr21",47808878,47809043,3,-4.10377898032758,0.577599077974288,-4.10377898032758,0.577599077974288,-7.10489184768099,1.20416799631826e-12,258280,3.1101251008908e-07,"PCNT","Body",0.0165331569535664
"chr13",113698621,113699016,8,18.6312517922131,2.62292199547589,18.6312517922131,2.62292199547589,7.10324280491334,1.21863027889376e-12,258280,3.14747828432679e-07,"MCF2L","Body",0.0332046803555566
"chr14",24780540,24780682,4,-11.0912543009656,1.57204484678988,-11.0912543009656,1.57204484678988,-7.05530400332663,1.7222377811698e-12,258280,4.44819574120536e-07,"LTB4R2;CIDEB;LTB4R","Body;1stExon;TSS200;5'UTR",-0.0288094005486085
"chr14",104854711,104854974,4,-2.97554733912374,0.423266872784187,-2.97554733912374,0.423266872784187,-7.02995563898262,2.06599212823058e-12,258280,5.33604446879393e-07,"","",0.0057962918664371
"chr17",9862752,9863061,5,-7.46945003296773,1.08012824125131,-7.46945003296773,1.08012824125131,-6.91533629776634,4.66754758371885e-12,258280,1.2055341899229e-06,"GAS7","Body;5'UTR;1stExon;TSS200;TSS1500",0.01821811805022
"chr12",1973872,1974168,3,-11.9673015652062,1.73819741933891,-11.9673015652062,1.73819741933891,-6.88489203358603,5.78313790145810e-12,258280,1.4936688571886e-06,"CACNA2D4","Body",-0.030649959140167
"chr15",93616894,93617168,12,-5.6888467099665,0.82720199111476,-5.6888467099665,0.82720199111476,-6.87721592920739,6.1033564671881e-12,258280,1.57637490834534e-06,"RGMA","1stExon;Body;5'UTR;TSS200;TSS1500",-0.028298538927513
"chr6",31649089,31649307,4,-28.7563843239464,4.20678882027097,-28.7563843239464,4.20678882027097,-6.83570902950486,8.16004194616432e-12,258280,2.10757563385532e-06,"LY6G5C","TSS1500",-0.00307190034933098
"chr2",87016129,87016436,3,-19.5987368524929,2.89301389186994,-19.5987368524929,2.89301389186994,-6.77450492290067,1.24832984193175e-11,258280,3.22418631574132e-06,"CD8A","Body",-0.0019657574648131
"chr14",23846479,23846906,2,6.71223759136314,1.00066419551542,6.71223759136314,1.00066419551542,6.70778231243278,1.97604414212376e-11,258280,5.10372681027726e-06,"CMTM5","1stExon;Body",-0.0399471922796737
"chr5",98175255,98175367,2,-9.87192321640721,1.47899745887605,-9.87192321640721,1.47899745887605,-6.6747398091605,2.47671179086831e-11,258280,6.39685121345466e-06,"","",-0.0754265632940088
"chr13",113436568,113436651,2,7.30874466847625,1.09726485491563,7.30874466847625,1.09726485491563,6.66087557232319,2.72201024463939e-11,258280,7.03040805985461e-06,"ATP11A","Body",-0.0374978126367774
"chr12",14109211,14109514,2,12.3777354412058,1.8745477604765,12.3777354412058,1.8745477604765,6.603051521109,4.0277948125225e-11,258280,1.04029884417831e-05,"GRIN2B","5'UTR",0.0228707115064943
"chr6",30711580,30712517,25,-5.89993484663104,0.894903507324026,-5.89993484663104,0.894903507324026,-6.5928167655452,4.31559088771202e-11,258280,1.11463081447826e-05,"IER3;FLOT1","Body;TSS200;3'UTR;TSS1500;1stExon",-0.00295661446723358
"chr6",33129765,33129988,4,-12.8762768190106,1.95543027783116,-12.8762768190106,1.95543027783116,-6.58488158079056,4.5524808803298e-11,258280,1.17581476177158e-05,"","",-0.0172275929170327
"chr11",61522178,61523045,8,7.76891880416913,1.18149012956172,7.76891880416913,1.18149012956172,6.57552577866312,4.84815426082994e-11,258280,1.25218128248716e-05,"C11orf9;DKFZP434K028","Body;TSS1500;TSS200",-0.0345461606229377
"chr7",22766657,22766829,2,-8.27326446927721,1.26406342356025,-8.27326446927721,1.26406342356025,-6.54497576235173,5.95050356046792e-11,258280,1.53689605959766e-05,"IL6","5'UTR;1stExon;TSS200",-0.045135634081427
"chr7",101630546,101630650,3,-7.0313339007735,1.07827838042143,-7.0313339007735,1.07827838042143,-6.52088925127608,6.98917776057392e-11,258280,1.80516483200103e-05,"CUX1","Body",0.0114556740629056
"chr5",1405588,1405774,2,-18.5789218027391,2.86028380851335,-18.5789218027391,2.86028380851335,-6.49548193345038,8.2768020224645e-11,258280,2.13773242636213e-05,"SLC6A3","Body",-0.0131870773134847
"chr12",132219328,132219811,3,-7.02657290474114,1.09563127990517,-7.02657290474114,1.09563127990517,-6.41326423735299,1.42436321714635e-10,258280,3.6788453172456e-05,"SFRS8","Body",-0.062017789940467
"chr16",88164558,88164581,2,-11.7222602467993,1.83772330296495,-11.7222602467993,1.83772330296495,-6.37868618626475,1.78613605996388e-10,258280,4.6132322156747e-05,"","",-0.0386942695684822
"chr2",71126939,71127220,6,-14.4856736762548,2.28596663259318,-14.4856736762548,2.28596663259318,-6.3367826414082,2.34612597914945e-10,258280,6.05957417894719e-05,"VAX2","TSS1500",0.00166413070165005
"chr6",74104600,74104801,2,-13.1099496134413,2.07251503742161,-13.1099496134413,2.07251503742161,-6.32562339800979,2.5221225804242e-10,258280,6.51413820071963e-05,"DDX43","1stExon;5'UTR",-0.028098587298886
"chr1",854951,854966,2,-5.17964982822595,0.82125272292301,-5.17964982822595,0.82125272292301,-6.30701084288706,2.84475908672243e-10,258280,7.34744376918669e-05,"FLJ39609","TSS200",-0.0745522405587409
"chr10",134211857,134211874,2,-8.08089985410231,1.30058068447852,-8.08089985410231,1.30058068447852,-6.21330145106871,5.18827782486102e-10,258280,0.00013400283966051,"PWWP2B","Body",0.0103449548733675
"chr16",67204681,67204807,2,-3.95399666612345,0.636518481420664,-3.95399666612345,0.636518481420664,-6.2119118007358,5.23438064925393e-10,258280,0.00013519358340893,"","",-0.0717798956499437
"chr1",201915709,201915873,3,-28.0304206147154,4.52344395416099,-28.0304206147154,4.52344395416099,-6.19669899721671,5.7659617422244e-10,258280,0.000148923259878172,"LMOD1","TSS200;1stExon;5'UTR",-0.0140794799127851
"chr10",123909356,123909426,2,-13.1745482051703,2.1529399216938,-13.1745482051703,2.1529399216938,-6.11932923553455,9.39700711523904e-10,258280,0.000242705899772394,"TACC2","Body",-0.0241790405144215
"chr6",30070886,30071344,10,-10.6437478830723,1.74954412711909,-10.6437478830723,1.74954412711909,-6.0837264508435,1.17420875522228e-09,258280,0.00030327463729881,"TRIM31","3'UTR;Body",0.000442896147746167
"chr5",172097064,172097289,2,-27.4397747448105,4.52052692155938,-27.4397747448105,4.52052692155938,-6.07003900672379,1.27879185852581e-09,258280,0.000330286361220046,"NEURL1B","Body",-0.0116683463022033
"chr15",31394188,31394285,2,4.93762832266513,0.821751581284171,4.93762832266513,0.821751581284171,6.00866300123084,1.87059488520542e-09,258280,0.000483137246950856,"TRPM1","TSS1500",-0.0418039737701239
"chr11",32421518,32421845,5,-11.2301296629422,1.88984263946811,-11.2301296629422,1.88984263946811,-5.94236230488633,2.80943621017568e-09,258280,0.000725621184364173,"WT1","Body",-0.0326359793631141
"chr6",31648948,31649082,5,-12.4240756508181,2.11387329335716,-12.4240756508181,2.11387329335716,-5.87739846558483,4.16764180092233e-09,258280,0.00107641852434222,"LY6G5C","TSS1500",-0.00827384179231013
"chr2",242843821,242844000,2,-9.07960927352505,1.56696137299948,-9.07960927352505,1.56696137299948,-5.79440529293001,6.85637011412958e-09,258280,0.00177086327307739,"","",-0.0334712002259018
"chr10",405182,405362,2,11.4781376016761,1.98132620521398,11.4781376016761,1.98132620521398,5.79315893136157,6.90746832950195e-09,258280,0.00178406092014376,"DIP2C","Body",0.0315738587068775
"chr8",144790375,144790395,2,-8.36407362293134,1.45462904010655,-8.36407362293134,1.45462904010655,-5.74997019330693,8.92591838487919e-09,258280,0.0023053862004466,"LOC100130274","TSS200",-0.0239242962433827
"chr1",17475832,17476074,2,-10.8586845259817,1.90144078013327,-10.8586845259817,1.90144078013327,-5.71076661415699,1.12468392672284e-08,258280,0.00290483364593976,"","",-0.0363854125925798
"chr16",3931286,3931885,3,-10.3458308482476,1.81163711415255,-10.3458308482476,1.81163711415255,-5.71076335731135,1.12470545204815e-08,258280,0.00290488924154996,"CREBBP","TSS1500",-0.00493329614712767
"chr17",1553585,1553661,3,-20.7059194102427,3.65396164774217,-20.7059194102427,3.65396164774217,-5.66670408898167,1.45570419166596e-08,258280,0.00375979278623483,"RILP","TSS200;TSS1500",-0.00843457725333452
"chr20",35488318,35488454,2,-10.9543420083356,1.93543716186691,-10.9543420083356,1.93543716186691,-5.65987996105702,1.51478912513591e-08,258280,0.00391239735240103,"C20orf117","Body;TSS200",-0.013218776569925
"chr12",3862594,3862597,2,-6.45685318752904,1.14704110672985,-6.45685318752904,1.14704110672985,-5.6291384411995,1.8111199081499e-08,258280,0.00467776049876956,"EFCAB4B","TSS1500",0.0156075858035686
"chr17",76976091,76976352,4,6.46959397378344,1.15043760823147,6.46959397378344,1.15043760823147,5.62359395024378,1.87024971763948e-08,258280,0.00483048097071924,"LGALS3BP","TSS200;TSS1500",-0.0443474259582643
"chr4",183061840,183061955,3,-6.49845731461367,1.15916240552481,-6.49845731461367,1.15916240552481,-5.60616638672947,2.06857114456152e-08,258280,0.00534270555217348,"MGC45800","Body",-0.048331860984921
"chr18",74728979,74729064,3,9.33304906900816,1.67603549201981,9.33304906900816,1.67603549201981,5.56852710664308,2.56901667892556e-08,258280,0.00663525627832894,"MBP","5'UTR;1stExon;Body;TSS200",-0.033477496614991
"chr7",27153655,27153847,3,37.0283382332454,6.66189500701026,37.0283382332454,6.66189500701026,5.55822903157146,2.72525631478129e-08,258280,0.00703879200981712,"HOXA3","5'UTR;TSS200;TSS1500",0.0196362144277097
"chr2",47597118,47597188,2,-4.54240167082706,0.819805839390229,-4.54240167082706,0.819805839390229,-5.54082619636582,3.01047897490888e-08,258280,0.00777546509639465,"EPCAM","Body",0.00975923171594636
"chr19",48048583,48049039,2,-7.95668344965675,1.44083824962656,-7.95668344965675,1.44083824962656,-5.52226001198885,3.34666739525896e-08,258280,0.00864377254847484,"ZNF541","Body",-0.0255625672463287
"chr16",88832476,88832700,5,-8.13514336752487,1.47325102030039,-8.13514336752487,1.47325102030039,-5.5218990215708,3.35355211615123e-08,258280,0.00866155440559541,"FAM38A","Body",-0.0213720012482424
"chr19",38886554,38886658,2,-14.928866263464,2.71921725460926,-14.928866263464,2.71921725460926,-5.49013369128874,4.01629623080063e-08,258280,0.0103732899049119,"SPRED3","Body",-0.0352988529175342
"chr17",80545272,80545705,7,-4.41962707829552,0.810801577837646,-4.41962707829552,0.810801577837646,-5.45093546818492,5.01055509491444e-08,258280,0.012941261699145,"FOXK2","Body",-0.000329699009474612
"chr6",133561677,133562101,14,-6.40078475529064,1.17955606627047,-6.40078475529064,1.17955606627047,-5.42643536693318,5.74906297189268e-08,258280,0.0148486798438044,"EYA4","TSS1500",-0.000803493763440376
"chr1",42618970,42619118,3,-15.9019171927146,2.9320065392393,-15.9019171927146,2.9320065392393,-5.42356129834564,5.84231673139679e-08,258280,0.0150895356538516,"GUCA2B","TSS200;1stExon;5'UTR",-0.00870895161874922
"chr17",72443179,72443401,2,-9.83094939288344,1.81770993295427,-9.83094939288344,1.81770993295427,-5.40842585203101,6.35810999931872e-08,258280,0.0164217265062404,"GPRC5C","3'UTR",-0.0256082909415393
"chr16",67997858,67998246,5,-8.9913748039897,1.6639825807458,-8.9913748039897,1.6639825807458,-5.40352700084142,6.53431142049144e-08,258280,0.0168768195368453,"SLC12A4","Body;1stExon;TSS1500;TSS200",-0.00573818946333158
"chr11",368440,368712,9,-5.14136533505036,0.95536633769676,-5.14136533505036,0.95536633769676,-5.38156425674929,7.38413354011943e-08,258280,0.0190717401074205,"B4GALNT4","TSS1500",-0.0492567382442455
"chr16",902736,903073,2,8.76051849417187,1.62814750782757,8.76051849417187,1.62814750782757,5.38066634138143,7.42106301240918e-08,258280,0.0191671215484504,"","",-0.0357784323733091
"chr19",345306,345312,2,-9.62615532437953,1.8003268128332,-9.62615532437953,1.8003268128332,-5.34689327280012,8.94767405586035e-08,258280,0.0231100525514761,"MIER2","TSS1500",-0.0063871175378029
"chr6",28972891,28973328,4,-8.94942074252421,1.67986295851148,-8.94942074252421,1.67986295851148,-5.32747073038284,9.9589821143121e-08,258280,0.0257220590048453,"ZNF311","5'UTR;1stExon;TSS1500",-0.00647342785177437
"chr22",30476089,30476254,4,-10.930238750511,2.05310542925843,-10.930238750511,2.05310542925843,-5.32375911862402,1.01644488506319e-07,258280,0.026252738491412,"HORMAD2","TSS1500;TSS200",0.00132388205510149
"chr19",7913785,7913869,2,13.6306883990684,2.60445389045903,13.6306883990684,2.60445389045903,5.23360711011321,1.66233603825672e-07,258280,0.0429348151960946,"EVI5L","Body",-0.0409720750814032
"chr4",6107131,6107649,6,-8.28437188040781,1.59236813835977,-8.28437188040781,1.59236813835977,-5.20254812994512,1.96574427335164e-07,258280,0.0507712430921263,"JAKMIP1","Body",-0.0345704643695505
"chr18",74728931,74728959,2,6.45372637298042,1.24068747133583,6.45372637298042,1.24068747133583,5.20173413698758,1.97437531558887e-07,258280,0.0509941656510294,"MBP","1stExon;Body",-0.0358605923359771
"chr17",78387643,78387818,2,-8.66018946792763,1.66528763959163,-8.66018946792763,1.66528763959163,-5.20041658992396,1.98842339145182e-07,258280,0.0513569993544175,"FLJ35220;LOC100294362","TSS1500;Body",-0.0160586182732936
"chr17",40440904,40440916,2,-11.0830247548235,2.13440046498402,-11.0830247548235,2.13440046498402,-5.19257043682594,2.07410360699398e-07,258280,0.0535699479614406,"STAT5A","5'UTR",-0.00984853526319202
"chr6",149067875,149068180,2,18.0509322547032,3.51066987446887,18.0509322547032,3.51066987446887,5.14173445528944,2.72213678752248e-07,258280,0.0703073489481307,"UST","TSS1500;TSS200",0.0135827574714327
"chr2",63815918,63816052,3,-24.453326181018,4.76193323761792,-24.453326181018,4.76193323761792,-5.13516779022513,2.8189241152179e-07,258280,0.0728071720478479,"MDH1;C2orf86","TSS1500;TSS200",-0.00454149902283054
"chr5",178487465,178487481,2,-48.2569770777422,9.44984846848765,-48.2569770777422,9.44984846848765,-5.10664030631437,3.27937134763886e-07,258280,0.0846996031668165,"ZNF354C","TSS200",0.00115751656588266
"chr7",2802697,2802953,2,-6.64246979266104,1.30407665284294,-6.64246979266104,1.30407665284294,-5.09361913517903,3.51292130012801e-07,258280,0.0907317313397062,"GNA12","Body",-0.0284929144195872
"chr8",143859709,143859786,4,-6.97982366917278,1.38510992425473,-6.97982366917278,1.38510992425473,-5.03918392825635,4.67521027687778e-07,258280,0.120751331031199,"LYNX1","TSS200;TSS1500",0.0066729313374716
"chr11",614761,614787,2,-11.1831215730936,2.22463587232341,-11.1831215730936,2.22463587232341,-5.02694472934755,4.98355911040408e-07,258280,0.128715364703516,"IRF7","Body",-0.0331292062233521
"chr6",30079102,30079536,12,-10.0713349118659,2.00407553114592,-10.0713349118659,2.00407553114592,-5.02542681418158,5.02314104089769e-07,258280,0.129737686804306,"TRIM31","Body",-0.00887801814028781
"chr4",113300580,113300650,2,19.9594915176935,3.98152370483697,19.9594915176935,3.98152370483697,5.01302842764583,5.35799772678526e-07,258280,0.13838636528741,"ALPK1","Body",0.0169798524454489
"chr11",2154255,2154952,6,-9.66206884481397,1.93133585648796,-9.66206884481397,1.93133585648796,-5.00279058784937,5.65063131541895e-07,258280,0.145944505614641,"INS-IGF2;IGF2","Body",-0.0522176872079918
"chr16",67918680,67918686,2,12.6072704799099,2.53919277729505,12.6072704799099,2.53919277729505,4.96507023517142,6.86762115505639e-07,258280,0.177376919192797,"NRN1L","TSS200",0.0229796470205351
"chr8",6407676,6407997,3,-8.09234641464881,1.63165156493804,-8.09234641464881,1.63165156493804,-4.95960448207341,7.06368485204977e-07,258280,0.182440852358741,"ANGPT2;MCPH1","Body",-0.0213471790997422
"chr12",133757909,133758001,2,-19.133018121802,3.87332683732387,-19.133018121802,3.87332683732387,-4.93968594063216,7.8248496552324e-07,258280,0.202100216895342,"ZNF268","TSS200;1stExon;5'UTR",-0.00556258483926992
"chr2",131673963,131674140,2,-13.4389556597597,2.73806152136573,-13.4389556597597,2.73806152136573,-4.90820076718232,9.1915736083692e-07,258280,0.23739996315696,"ARHGEF4","TSS1500;TSS200",-0.0154356547190094
"chr10",119867927,119867973,2,3.48301191279,0.713484643026463,3.48301191279,0.713484643026463,4.88169149375905,1.05179716262196e-06,258280,0.271658171162001,"CASC2","Body",-0.0431642142350369
"chr8",101157661,101157742,2,-18.9006374107878,3.88870429717334,-18.9006374107878,3.88870429717334,-4.86039461126588,1.17151997210938e-06,258280,0.302580178396409,"FBXO43","1stExon;5'UTR",-0.0159015841326873
"chr17",78800631,78800767,2,-9.71723739738155,1.99957335564354,-9.71723739738155,1.99957335564354,-4.85965537095996,1.17590267674053e-06,258280,0.303712143348544,"RPTOR","Body",-0.0316411397565601
"chr19",17392298,17392384,3,-9.6867235372258,1.99543275533931,-9.6867235372258,1.99543275533931,-4.85444749331012,1.2072285018115e-06,258280,0.311802977447875,"ANKLE1","TSS200",-0.00923391697285279
"chr3",182816873,182817584,9,-15.7133521110205,3.23726600466969,-15.7133521110205,3.23726600466969,-4.8538958764446,1.21059316060852e-06,258280,0.312672001521969,"MCCC1","1stExon;5'UTR;TSS200;Body;TSS1500",-0.0164912454488953
"chr1",247802703,247803033,6,-11.9543696937368,2.46316296962952,-11.9543696937368,2.46316296962952,-4.85325974819067,1.21448450895691e-06,258280,0.31367705897339,"","",-0.0354152289767669
"chr11",417246,417907,6,-5.77195424692482,1.19029578797663,-5.77195424692482,1.19029578797663,-4.84917640239365,1.23975135628984e-06,258280,0.32020298030254,"SIGIRR","TSS1500;TSS200;5'UTR",-0.0059252647235868
"chr22",31494714,31495093,3,-8.26244252628856,1.70574181253392,-8.26244252628856,1.70574181253392,-4.84389985962443,1.2731511749666e-06,258280,0.328829485470374,"SMTN","Body",0.00888779684460834
"chr3",23244062,23244068,2,-30.8244167046681,6.36526383369997,-30.8244167046681,6.36526383369997,-4.84259843896378,1.28152110991704e-06,258280,0.330991272269374,"UBE2E2","TSS1500",-0.00724191785315931
"chr17",79465866,79466160,3,-13.1815974296427,2.72944283629623,-13.1815974296427,2.72944283629623,-4.82940959757549,1.36938466874888e-06,258280,0.35368467224446,"","",-0.0218151953651785
"chr7",73417185,73417261,3,-9.75062651224641,2.02462440568431,-9.75062651224641,2.02462440568431,-4.81601747211515,1.4645170583459e-06,258280,0.378255465829579,"","",-0.0112424919505959
"chr14",101191872,101192599,8,-7.91437009483056,1.64522018559511,-7.91437009483056,1.64522018559511,-4.8105233354937,1.50535626431567e-06,258280,0.38880341594745,"DLK1","TSS1500",-0.0133647195552895
"chr2",218770208,218770237,2,5.67769290782361,1.18050771698161,5.67769290782361,1.18050771698161,4.8095347672446,1.51281982626624e-06,258280,0.390731104728044,"TNS1","5'UTR",-0.0572885379790876
"chr8",23563146,23563572,2,-11.3823832269253,2.36928474589957,-11.3823832269253,2.36928474589957,-4.8041432109941,1.55415564965682e-06,258280,0.401407321193363,"NKX2-6","Body",-0.0199136481023237
"chr8",144810034,144810339,2,-12.9804236912829,2.71203718002683,-12.9804236912829,2.71203718002683,-4.78622630503703,1.69946423657458e-06,258280,0.438937623022483,"FAM83H","Body",-0.0920911981106809
"chr19",40788787,40788926,2,-6.59816878391951,1.38247354330126,-6.59816878391951,1.38247354330126,-4.77272698337755,1.81748091952098e-06,258280,0.46941897189388,"MIR641;AKT2","TSS1500;5'UTR",-0.00617446476510826
"chr6",166582393,166582464,2,-26.2337157121346,5.50230297359138,-26.2337157121346,5.50230297359138,-4.76777012062855,1.86276152854519e-06,258280,0.481114047592652,"T","TSS1500",-0.00536897446091393
"chr1",151826167,151826205,2,4.35824500804713,0.915054557362313,4.35824500804713,0.915054557362313,4.76282531241632,1.90901092146892e-06,258280,0.493059340796992,"THEM5","1stExon;5'UTR;TSS200",-0.032184578011927
"chr7",100845122,100845647,5,-11.2675244475954,2.36698856746301,-11.2675244475954,2.36698856746301,-4.76027835642326,1.93326139259621e-06,258280,0.49932275247975,"MOGAT3","TSS1500",-0.0102713797738617
"chr3",64253803,64253818,2,-17.9705281569889,3.77655307224922,-17.9705281569889,3.77655307224922,-4.75844713769269,1.95087967383444e-06,258280,0.50387320215796,"","",0.00414315133959697
"chr7",116592956,116592959,2,-7.97130200573982,1.67658870949986,-7.97130200573982,1.67658870949986,-4.75447673038291,1.9896105466854e-06,258280,0.513876611997906,"ST7OT4;ST7OT1;ST7","TSS1500;Body",-0.0136711440577126
"chr1",214160860,214161306,2,-24.9425675289384,5.24727135986758,-24.9425675289384,5.24727135986758,-4.75343579897645,1.99988628889985e-06,258280,0.516530630697052,"PROX1","TSS1500",-0.00191939150289411
"chr2",240983080,240983326,2,-16.4753428190149,3.47647146267111,-16.4753428190149,3.47647146267111,-4.73909911124546,2.1467049178136e-06,258280,0.554450946172896,"PRR21","TSS1500",-0.00704902656026457
"chr2",236100688,236100696,2,-9.96147920325894,2.10410125819181,-9.96147920325894,2.10410125819181,-4.73431550144097,2.19795601578311e-06,258280,0.567688079756463,"","",-0.0462501021101532
"chr5",140683196,140683772,7,-9.68001442968426,2.04661765014131,-9.68001442968426,2.04661765014131,-4.72976201930825,2.24783174598775e-06,258280,0.580569983353716,"SLC25A2","TSS200;1stExon;5'UTR",-0.0235253794036479
"chr5",154071076,154071666,4,-4.92163791252962,1.04090471834177,-4.92163791252962,1.04090471834177,-4.72823095697952,2.26484477097611e-06,258280,0.584964107447709,"","",-0.00767966511452167
"chr6",158733981,158734293,4,9.65345091141914,2.04869796528192,9.65345091141914,2.04869796528192,4.71199321472004,2.4530554969127e-06,258280,0.633575173742612,"TULP4","1stExon;5'UTR",-0.0223975350895727
"chr6",28226885,28227068,3,-12.5306666583707,2.66246084926549,-12.5306666583707,2.66246084926549,-4.70642288010645,2.52101292781633e-06,258280,0.651127218996402,"NKAPL","TSS200;TSS1500",0.00994586481019569
"chr19",3595832,3595996,2,-11.5803649345679,2.46626656966759,-11.5803649345679,2.46626656966759,-4.69550415879362,2.6594995697272e-06,258280,0.686895548869141,"TBXA2R","Body",-0.0150633691420201
"chr12",9217688,9217763,2,-11.7560242798013,2.50612226545989,-11.7560242798013,2.50612226545989,-4.69092208382098,2.71976537369526e-06,258280,0.70246100071801,"LOC144571","TSS200",-0.0601525496543281
"chr1",2005489,2005560,2,12.5084125284142,2.66720114530772,12.5084125284142,2.66720114530772,4.6897147410197,2.73586182752302e-06,258280,0.706618392812645,"PRKCZ","Body;5'UTR",0.0120336025551398
"chr1",2004968,2005180,3,20.7802639773356,4.43197839315363,20.7802639773356,4.43197839315363,4.68871057887742,2.7493190494281e-06,258280,0.710094124086289,"PRKCZ","TSS200;Body;1stExon;5'UTR",0.02579145078333
"chr12",58013324,58013569,9,-4.48144423452434,0.965084733025914,-4.48144423452434,0.965084733025914,-4.64357592775639,3.4243006665872e-06,258280,0.884428376166141,"SLC26A10","TSS1500;TSS200",-0.0274248721575043
"chr1",205291028,205291215,2,-13.2546228442757,2.85581084279508,-13.2546228442757,2.85581084279508,-4.64128178437159,3.4625455732218e-06,258280,0.894306270651726,"NUAK2","TSS200;TSS1500",-0.0105660304440588
"chr20",35489181,35489221,2,-9.150696018928,1.97420873537981,-9.150696018928,1.97420873537981,-4.63512082331433,3.56729056653501e-06,258280,0.921359807524661,"C20orf117","Body;TSS1500",-0.013656642696278
"chr10",22843847,22843938,2,5.12855699591436,1.10945267324229,5.12855699591436,1.10945267324229,4.62260096316371,3.78958265229582e-06,258280,0.978773407434964,"PIP4K2A","Body",0.0126879625823022
"chr10",102977010,102977196,2,-13.9531516454094,3.0196421812912,-13.9531516454094,3.0196421812912,-4.6207963751,3.82269827049524e-06,258280,0.987326509303511,"","",-0.00543401437926447
"chr17",72443018,72443066,2,-12.0873277144214,2.61858653697169,-12.0873277144214,2.61858653697169,-4.61597413099054,3.91255685332416e-06,258280,1,"GPRC5C","Body",-0.0538178187320431
"chr5",76937348,76937424,2,-21.5427897239258,4.66984112198551,-21.5427897239258,4.66984112198551,-4.61317401624282,3.96566016497143e-06,258280,1,"","",0.000729070415194349
"chr2",233274291,233274723,3,-13.7489461409926,2.98600314120676,-13.7489461409926,2.98600314120676,-4.60446472786901,4.13528094838658e-06,258280,1,"ALPPL2","Body;3'UTR",-0.03169643417274
"chr3",159706828,159707010,2,-18.1432389806441,3.94060315326401,-18.1432389806441,3.94060315326401,-4.60417816130913,4.14097855869483e-06,258280,1,"IL12A","Body;1stExon;5'UTR",-0.0178069538300329
"chr22",24890814,24890831,2,-16.4938873096908,3.58496854238308,-16.4938873096908,3.58496854238308,-4.60084575769433,4.20778932403224e-06,258280,1,"C22orf45;UPB1","TSS200;TSS1500",-0.0185591137828182
"chr4",3231575,3231709,2,-19.2392079968449,4.18761878934163,-19.2392079968449,4.18761878934163,-4.59430740109696,4.34188931497578e-06,258280,1,"HTT","Body",0.00599148477302963
"chr4",4763284,4763596,4,-8.28858441256577,1.80521732969559,-8.28858441256577,1.80521732969559,-4.59146069352406,4.40154545892603e-06,258280,1,"","",-0.0269073524148424
"chr7",29603211,29603407,6,-9.61004036441665,2.093308623999,-9.61004036441665,2.093308623999,-4.59083780300771,4.41470318747268e-06,258280,1,"PRR15","TSS200;TSS1500",-0.0110930180156179
"chr18",77376639,77377589,5,-12.9331566820513,2.82029154584609,-12.9331566820513,2.82029154584609,-4.58575167560251,4.52355998436466e-06,258280,1,"","",-0.0382446658046513
"chr10",45470199,45470290,2,-16.8112656847387,3.66827626923853,-16.8112656847387,3.66827626923853,-4.58287883759324,4.58617801695055e-06,258280,1,"RASSF4","Body",-0.0396892845473721
"chr19",695447,695549,2,-10.5592785993612,2.3098347140416,-10.5592785993612,2.3098347140416,-4.57144337435526,4.84376188004682e-06,258280,1,"PRSSL1","TSS200;5'UTR;1stExon",-0.0347929474132972
"chr11",66327000,66327250,2,-10.2358595470242,2.24294422475492,-10.2358595470242,2.24294422475492,-4.56358184659836,5.0288191950546e-06,258280,1,"ACTN3","Body",-0.0127805994908972
"chr14",76597657,76597824,2,-6.41422853658055,1.40775377304971,-6.41422853658055,1.40775377304971,-4.55635684263517,5.20484838380876e-06,258280,1,"","",-0.0428151356642531
"chr22",30901640,30901647,2,-7.21925095178876,1.58622730221773,-7.21925095178876,1.58622730221773,-4.55120835563441,5.33386947762027e-06,258280,1,"SEC14L4","1stExon;5'UTR",-0.00908622515592028
"chr14",104171840,104171944,2,-4.29454147588412,0.94413994435937,-4.29454147588412,0.94413994435937,-4.54862809432145,5.39967721505459e-06,258280,1,"XRCC3","Body",-0.0163172236793176
"chr6",25138551,25138905,3,-11.6717319959106,2.57759986779058,-11.6717319959106,2.57759986779058,-4.52813958510759,5.95052703051993e-06,258280,1,"CMAH","TSS1500;Body;TSS200",-0.0243917187447885
"chr5",43044703,43045001,2,6.26439615079043,1.38562709236277,6.26439615079043,1.38562709236277,4.52098272711195,6.15532111137342e-06,258280,1,"LOC153684","Body",0.0342754865902942
"chr4",1376165,1376261,2,11.8835714359616,2.62985426082611,11.8835714359616,2.62985426082611,4.51871862748341,6.22150092243244e-06,258280,1,"KIAA1530","Body",-0.0306326345129506
"chr3",42947385,42947771,3,-7.77119383884481,1.72020589782177,-7.77119383884481,1.72020589782177,-4.51759516037306,6.25459217270306e-06,258280,1,"ZNF662","5'UTR;1stExon;TSS1500;TSS200",-0.0271539900262883
"chr17",900819,901284,2,-27.1001871520332,6.01119673995126,-27.1001871520332,6.01119673995126,-4.50828484316966,6.53537979291722e-06,258280,1,"TIMM22","Body",-0.00042364615322041
"chr6",24358236,24358304,2,-19.9572772167755,4.43007747218482,-19.9572772167755,4.43007747218482,-4.50494993418999,6.63885927951611e-06,258280,1,"KAAG1;DCDC2","1stExon;3'UTR;5'UTR;TSS200",-0.0142860928991767
"chr4",15704453,15704844,4,-8.87358411374334,1.97981777134915,-8.87358411374334,1.97981777134915,-4.48202063955432,7.39395905660148e-06,258280,1,"BST1","TSS200;1stExon",-0.000622183800526737
"chr6",30069296,30070087,12,-9.77621056629624,2.18245707833633,-9.77621056629624,2.18245707833633,-4.47945146932675,7.48351017659505e-06,258280,1,"","",-0.00462857593983229
"chr16",15596215,15596369,2,-3.56111200892339,0.798755190485406,-3.56111200892339,0.798755190485406,-4.45832722133461,8.26017391322896e-06,258280,1,"C16orf45","Body;1stExon",0.01240412588023
"chr11",6341842,6341888,5,-4.24036676999392,0.956339866708778,-4.24036676999392,0.956339866708778,-4.43395378317443,9.25204680619102e-06,258280,1,"PRKCDBP","TSS200",-0.035062295556374
"chr2",95663959,95664359,5,-11.3384861595374,2.56467639998647,-11.3384861595374,2.56467639998647,-4.42102019560722,9.82359908405191e-06,258280,1,"","",-0.00894152579808791
"chr18",13619524,13619641,2,10.9189890860941,2.47324816811962,10.9189890860941,2.47324816811962,4.4148376320827,1.01085832867694e-05,258280,1,"C18orf1","TSS1500;Body",-0.0281880844402416
"chr5",171094783,171094806,2,-6.50100793573199,1.4803018350848,-6.50100793573199,1.4803018350848,-4.39167727935673,1.12479568911113e-05,258280,1,"","",-0.0193963963632532
"chr16",4163819,4163907,2,-6.55186754432673,1.49374142909144,-6.55186754432673,1.49374142909144,-4.38621264478946,1.15341366784561e-05,258280,1,"ADCY9","Body",-0.0238750922251242
"chr16",86965114,86965319,2,-14.53868524533,3.32458178811481,-14.53868524533,3.32458178811481,-4.3730869540659,1.22501902366461e-05,258280,1,"","",-0.0259216090274132
"chr6",32054867,32055046,4,-5.73696497450807,1.31255844598945,-5.73696497450807,1.31255844598945,-4.37082629884976,1.23777232654646e-05,258280,1,"TNXB","Body",-0.00195647063037654
"chr5",140536238,140536320,2,-12.54445093863,2.87820398728777,-12.54445093863,2.87820398728777,-4.35843011615415,1.30998738290523e-05,258280,1,"PCDHB17","Body",-0.023723944473689
"chr19",45580011,45580221,3,-8.75419442929354,2.01971662007822,-8.75419442929354,2.01971662007822,-4.33436767429013,1.46179684651898e-05,258280,1,"ZNF296","TSS1500",-0.000621987092018735
"chr2",636937,637432,2,-11.3834655750622,2.62718673133751,-11.3834655750622,2.62718673133751,-4.33294879243962,1.4712533990831e-05,258280,1,"","",-0.0153819605161019
"chr6",33267684,33267761,4,-19.5418900810557,4.52165531590528,-19.5418900810557,4.52165531590528,-4.32184426183826,1.54730393175216e-05,258280,1,"TAPBP;RGL2","3'UTR;TSS1500",-0.00137777192428908
"chr17",72839489,72839750,2,-10.7787192208208,2.49411420905493,-10.7787192208208,2.49411420905493,-4.32166224854035,1.5485811481341e-05,258280,1,"GRIN2C","Body",-0.00413286670029689
"chr8",1704013,1704075,2,-10.8582963899388,2.51977632846226,-10.8582963899388,2.51977632846226,-4.30923025480016,1.63823738009435e-05,258280,1,"","",-0.0238287545951817
"chr4",2059525,2059595,2,-6.53955357574494,1.52191064228149,-6.53955357574494,1.52191064228149,-4.29693662299485,1.73174680780835e-05,258280,1,"","",-0.000286030279938343
"chr21",37948941,37948943,2,15.7739681496019,3.68100077816364,15.7739681496019,3.68100077816364,4.2852390152091,1.82542827804806e-05,258280,1,"CLDN14","TSS200",-0.021413179665827
"chr4",187026278,187026710,2,-18.0254488778896,4.22140565773411,-18.0254488778896,4.22140565773411,-4.27001106725312,1.9546326803952e-05,258280,1,"","",0.00162218188432575
"chr10",135341933,135342218,2,-16.1488442298044,3.78708763972494,-16.1488442298044,3.78708763972494,-4.26418550772628,2.00632708764505e-05,258280,1,"CYP2E1","Body",-0.0325565935373261
"chr2",170624727,170624998,2,-7.58656158824119,1.78060672716579,-7.58656158824119,1.78060672716579,-4.26066097162106,2.03823218815971e-05,258280,1,"","",-0.0194619827103202
"chr1",3649771,3649890,2,-12.7581003374496,3.00448522881137,-12.7581003374496,3.00448522881137,-4.24635149312982,2.17279679717455e-05,258280,1,"TP73","3'UTR",0.00139274118276034
"chr16",86411296,86411373,3,-9.46240623061224,2.23421415146966,-9.46240623061224,2.23421415146966,-4.23522795448587,2.28319969637436e-05,258280,1,"","",-0.0104845636068447
"chr1",27961746,27962037,4,-6.76905719085758,1.59852187049299,-6.76905719085758,1.59852187049299,-4.23457277363992,2.28986622906097e-05,258280,1,"FGR","TSS1500;TSS200",-0.00246673166295568
"chr19",22700869,22701260,2,-9.38083239628784,2.21714417516969,-9.38083239628784,2.21714417516969,-4.231043024331,2.32610169605927e-05,258280,1,"","",-0.0137105079515805
"chr19",46526483,46526675,4,-8.36931070134588,1.98349500161962,-8.36931070134588,1.98349500161962,-4.21947657771356,2.44870159912391e-05,258280,1,"PGLYRP1","TSS200;TSS1500",-0.0383998862496711
"chr4",1294996,1295047,2,-4.04558103365345,0.960074746843794,-4.04558103365345,0.960074746843794,-4.21381881666311,2.51088734649721e-05,258280,1,"MAEA","Body",0.0173841649842296
"chr6",30071503,30071612,4,-12.0369363408915,2.85782116652439,-12.0369363408915,2.85782116652439,-4.2119277727691,2.5320051174372e-05,258280,1,"TRIM31","Body",-0.0158280099161597
"chr2",174877447,174877566,2,-9.8197638125386,2.33207537055423,-9.8197638125386,2.33207537055423,-4.21074032877629,2.54535184120146e-05,258280,1,"","",-0.0208642770443008
"chr11",89224799,89225042,3,5.90270529952543,1.40790534336027,5.90270529952543,1.40790534336027,4.1925441418081,2.75843386501494e-05,258280,1,"NOX4","5'UTR;TSS200;TSS1500",-0.0339921023946164
"chr11",65779263,65779667,4,-8.73021467449052,2.09730772794573,-8.73021467449052,2.09730772794573,-4.16258165559786,3.14669559365915e-05,258280,1,"CST6","1stExon;TSS200",-0.00532213630765856
"chr12",213776,214224,3,-6.48220905813472,1.55923115236265,-6.48220905813472,1.55923115236265,-4.1573111519177,3.22015271670855e-05,258280,1,"IQSEC3","Body;5'UTR",-0.0349505711262228
"chr16",66613096,66613278,6,-8.17981445359174,1.97078555568939,-8.17981445359174,1.97078555568939,-4.1505350138059,3.31699019204187e-05,258280,1,"CMTM2","TSS200;TSS1500",0.00633984325902228
"chr16",54228169,54228323,2,-11.5174128434821,2.77570158795732,-11.5174128434821,2.77570158795732,-4.14936998035078,3.33391587160107e-05,258280,1,"","",-0.0498672299410598
"chr2",121223740,121223964,5,-7.8705189713838,1.90025580696522,-7.8705189713838,1.90025580696522,-4.14182077093785,3.44559556371894e-05,258280,1,"LOC84931","TSS200;Body",0.0151833073077455
"chr7",139320460,139320507,2,7.43968653053125,1.79743674195936,7.43968653053125,1.79743674195936,4.13905332903197,3.4874188459328e-05,258280,1,"HIPK2","Body",-0.0395224024816435
"chr9",111929547,111929752,2,4.21096972241913,1.01810252055567,4.21096972241913,1.01810252055567,4.13609596027798,3.53264510880288e-05,258280,1,"C9orf4","1stExon;TSS200",0.0521600411022587
"chr7",157550679,157551024,2,-12.8871844542771,3.13099765306793,-12.8871844542771,3.13099765306793,-4.11599939771578,3.85505310338517e-05,258280,1,"PTPRN2","Body",-0.0264298459082928
"chr11",94501303,94501367,2,-27.6122857365915,6.72019560502297,-27.6122857365915,6.72019560502297,-4.10885149175611,3.9763166087717e-05,258280,1,"AMOTL1","TSS200;TSS1500",-0.00284085934296653
"chr1",15573525,15573621,4,-8.98929275995923,2.1911601457734,-8.98929275995923,2.1911601457734,-4.10252658953247,4.0866287361649e-05,258280,1,"FHAD1","TSS1500;TSS200",-0.0283056559322568
"chr5",176314555,176314628,2,18.8828045654908,4.61024451089909,18.8828045654908,4.61024451089909,4.09583581106163,4.20647988707955e-05,258280,1,"HK3","Body",0.0120683579799099
"chr15",42349694,42349787,2,-10.5068007783338,2.56587463558361,-10.5068007783338,2.56587463558361,-4.09482233957391,4.22492235830908e-05,258280,1,"","",-0.0586476687023941
"chr12",124942016,124942176,2,-21.0076650622809,5.1377003109962,-21.0076650622809,5.1377003109962,-4.08892379676532,4.33379183152559e-05,258280,1,"NCOR2","Body",-0.0167365095953078
"chr13",20968936,20969084,2,-10.7952152430832,2.64074350897969,-10.7952152430832,2.64074350897969,-4.08794538597738,4.35210573211651e-05,258280,1,"","",-0.020494255048123
"chr10",121301765,121302009,2,-9.93246008618797,2.43030675632636,-9.93246008618797,2.43030675632636,-4.08691621349143,4.37144900301585e-05,258280,1,"RGS10","Body",0.00263792826200381
"chr6",33739607,33739653,2,-7.61430596760543,1.86357902997009,-7.61430596760543,1.86357902997009,-4.08585085212492,4.3915583296484e-05,258280,1,"LEMD2","3'UTR",-0.0100876384084013
"chr17",74395443,74395633,2,-31.5958830245004,7.7427583102362,-31.5958830245004,7.7427583102362,-4.08070118664682,4.49000467298527e-05,258280,1,"UBE2O","Body",-0.000954783807892656
"chr1",46805334,46805584,2,-9.78871326361304,2.39938151261661,-9.78871326361304,2.39938151261661,-4.07968187307491,4.50973748355777e-05,258280,1,"NSUN4","TSS1500",-0.0103285322648123
"chr1",234350402,234350515,2,-24.612193569398,6.03674725787191,-24.612193569398,6.03674725787191,-4.07706211938949,4.56083111259905e-05,258280,1,"SLC35F3","Body",0.00253333220075852
"chr4",39448432,39448464,2,-9.38248716845414,2.30135109900277,-9.38248716845414,2.30135109900277,-4.07694730826592,4.56308280812176e-05,258280,1,"KLB","Body",-0.0379997319804385
"chr4",39448653,39449053,3,-5.30272511680462,1.30287203165119,-5.30272511680462,1.30287203165119,-4.07002759133929,4.70075701615412e-05,258280,1,"KLB","Body",-0.00216402620059756
"chr20",35094251,35094679,2,-5.9311806074247,1.45746934707189,-5.9311806074247,1.45746934707189,-4.06950624336674,4.71128772184611e-05,258280,1,"DLGAP4","Body;5'UTR",0.00870133018803629
"chr1",27683501,27683912,2,-4.63144700849983,1.13827669028081,-4.63144700849983,1.13827669028081,-4.068823554102,4.72511118598927e-05,258280,1,"MAP3K6","Body",-0.0191235396378814
"chr5",90575141,90575422,3,-9.30365482050488,2.28987496008692,-9.30365482050488,2.28987496008692,-4.06295321040225,4.84557452052759e-05,258280,1,"","",-0.0116554994306571
"chr6",32729563,32729764,5,-9.18695503268568,2.26629167440131,-9.18695503268568,2.26629167440131,-4.05373903829595,5.04054437427791e-05,258280,1,"HLA-DQB2","Body",-0.00165898785583776
"chr5",16465883,16466057,2,-18.7245898745166,4.62358924119978,-18.7245898745166,4.62358924119978,-4.0497952775878,5.12624587310068e-05,258280,1,"ZNF622","TSS200;5'UTR;1stExon",-0.0192193341181605
"chr3",136537169,136537267,2,-9.1682599980324,2.26423297018756,-9.1682599980324,2.26423297018756,-4.04916813717845,5.14000081940149e-05,258280,1,"TMEM22","TSS1500",-0.0232600515116956
"chr10",134998463,134998487,2,-18.0118576728036,4.44988416186279,-18.0118576728036,4.44988416186279,-4.0477138320076,5.17203253442412e-05,258280,1,"KNDC1","Body",-0.0142930421899661
"chr2",236944798,236945083,3,12.2915368534133,3.04213433939157,12.2915368534133,3.04213433939157,4.04043197378049,5.33528392641362e-05,258280,1,"AGAP1","Body",0.00120101364028687
"chr22",49765054,49765229,2,-5.02641835484984,1.24428984573442,-5.02641835484984,1.24428984573442,-4.039588020493,5.35451708974823e-05,258280,1,"","",-0.0373401024636165
"chr6",31688428,31688702,2,13.8564534490395,3.43417803402467,13.8564534490395,3.43417803402467,4.03486753212982,5.46331112600074e-05,258280,1,"LY6G6C","Body",-0.00368247311362224
"chr17",3600383,3600461,2,-13.1233118228309,3.25319382631829,-13.1233118228309,3.25319382631829,-4.03397784560622,5.48404907487802e-05,258280,1,"P2RX5","TSS1500",0.00870517710837702
"chr6",30071399,30071412,2,-15.7778526730104,3.91901194894118,-15.7778526730104,3.91901194894118,-4.02597717959835,5.67391917859406e-05,258280,1,"TRIM31","Body",0.000849981837357953
"chr16",30572815,30572929,3,-7.97561242933777,1.98212696148592,-7.97561242933777,1.98212696148592,-4.02376466508421,5.72751514972227e-05,258280,1,"","",-0.0139508957301462
"chr16",74734251,74734321,2,-22.5487003097268,5.60770614264224,-22.5487003097268,5.60770614264224,-4.02102031314756,5.7946607342901e-05,258280,1,"MLKL","5'UTR",-0.0383295859276707
"chr6",30095136,30095419,16,-1.658504169329,0.412815694708022,-1.658504169329,0.412815694708022,-4.01754146121317,5.88084905386377e-05,258280,1,"","",0.0185520996388033
"chr14",24769227,24769404,2,-16.6512215011911,4.14494115913961,-16.6512215011911,4.14494115913961,-4.01723953655531,5.88838619680194e-05,258280,1,"DHRS1;C14orf21","TSS1500;1stExon;TSS200",-0.00509262476776807
"chr19",847943,848026,3,-5.62586795100429,1.40381066654638,-5.62586795100429,1.40381066654638,-4.00756888736636,6.1346971095814e-05,258280,1,"PRTN3","3'UTR;Body",-0.0331041334545489
"chr4",113207131,113207355,2,-34.6704412031436,8.65171189824978,-34.6704412031436,8.65171189824978,-4.007350407745,6.14037287366163e-05,258280,1,"TIFA","TSS1500;TSS200",-0.00178245539878599
"chr3",32863175,32863439,2,-6.45610817192152,1.61826882783201,-6.45610817192152,1.61826882783201,-3.98951525289575,6.62084619050648e-05,258280,1,"TRIM71","Body",-0.00326201683573824
"chr8",2003835,2004488,5,-25.7704344164598,6.46243789442008,-25.7704344164598,6.46243789442008,-3.98772643350446,6.6709523442135e-05,258280,1,"MYOM2","Body",-0.0167671020012095
"chr2",220253653,220253656,2,-5.82312870580178,1.46052507678157,-5.82312870580178,1.46052507678157,-3.98701042410973,6.69110868556362e-05,258280,1,"DNPEP","TSS1500",0.00524277474243617
"chr22",42828415,42828418,2,-5.90554325992122,1.48679962315653,-5.90554325992122,1.48679962315653,-3.9719832907837,7.127672053639e-05,258280,1,"NFAM1","TSS200",-0.0237241804954451
"chr17",7757543,7757933,3,-8.39080405557591,2.11254157858641,-8.39080405557591,2.11254157858641,-3.97190007554338,7.13016296581297e-05,258280,1,"KDM6B;TMEM88","3'UTR;TSS1500",0.00520577664269158
"chr4",113332969,113333072,4,4.74370145131796,1.19457294022846,4.74370145131796,1.19457294022846,3.97104378608368,7.15584246839761e-05,258280,1,"ALPK1","Body",0.0134585826418586
"chr2",235907735,235907796,2,11.060491784266,2.78724047963643,11.060491784266,2.78724047963643,3.96825888009087,7.23996606843062e-05,258280,1,"SH3BP4","5'UTR",-0.0123450418874604
"chr2",241076313,241076441,4,-9.88389001970365,2.49361978677164,-9.88389001970365,2.49361978677164,-3.96367163596333,7.38057552674444e-05,258280,1,"MYEOV2","TSS1500",-0.0552205079633479
"chr18",72201665,72201716,2,10.0846301271115,2.54477277873279,10.0846301271115,2.54477277873279,3.9628803842099,7.40508885647969e-05,258280,1,"CNDP1","TSS200;1stExon;5'UTR",-0.0419305778608309
"chr6",30684736,30684837,4,-13.994164962131,3.53893767098214,-13.994164962131,3.53893767098214,-3.95434061381682,7.67460122147774e-05,258280,1,"MDC1","5'UTR",-0.000898455526028259
"chr18",74692214,74692235,2,10.7539346299262,2.72125406064679,10.7539346299262,2.72125406064679,3.95183043929762,7.75556870553e-05,258280,1,"MBP","3'UTR",-0.0307678741287454
"chr19",46526333,46526367,2,-2.25151079797333,0.570500276303442,-2.25151079797333,0.570500276303442,-3.94655514027443,7.928366925651e-05,258280,1,"PGLYRP1","TSS200",-0.0332047872509455
"chr7",101500014,101500514,3,-6.39181604057734,1.621311135279,-6.39181604057734,1.621311135279,-3.9423747246869,8.06787933819556e-05,258280,1,"CUX1","Body",-0.0161328649035336
"chr17",48545950,48546118,2,-6.64149911433999,1.6855602078068,-6.64149911433999,1.6855602078068,-3.94023250168067,8.14026758024498e-05,258280,1,"ACSF2;CHAD","Body;1stExon",-0.0418155717733763
"chr12",121164025,121164278,3,-7.41300052565918,1.88342061237794,-7.41300052565918,1.88342061237794,-3.93592407184063,8.2877174967311e-05,258280,1,"ACADS","Body",-0.0188257557010224
"chr6",3724407,3724690,3,-2.75442757123809,0.701056695940365,-2.75442757123809,0.701056695940365,-3.92896549906484,8.53120769581542e-05,258280,1,"C6orf145","Body",0.0150360308826949
"chr11",1481436,1481925,4,-8.66431928190323,2.20609765887764,-8.66431928190323,2.20609765887764,-3.92744140180595,8.58543294263241e-05,258280,1,"BRSK2","Body",-0.00561094976619331
"chr2",28618831,28619094,2,-5.7285149427055,1.46090002280256,-5.7285149427055,1.46090002280256,-3.92122311814059,8.81006401999149e-05,258280,1,"FOSL2","Body",0.00127039949404728
"chr6",30128511,30128775,5,-10.9980256625622,2.80878217356245,-10.9980256625622,2.80878217356245,-3.915585112324,9.01852213684311e-05,258280,1,"TRIM10","1stExon;TSS200",0.00505429769779826
"chr3",50375496,50375624,6,-5.95102514980522,1.52304408575548,-5.95102514980522,1.52304408575548,-3.90732297604721,9.33243693229363e-05,258280,1,"RASSF1","TSS1500;Body;5'UTR;1stExon",0.0117567436160015
"chr15",101389272,101389733,5,-7.0162693528727,1.79926417132666,-7.0162693528727,1.79926417132666,-3.89952151812113,9.63829716012442e-05,258280,1,"","",-0.0832404137169538
"chr21",22369485,22369908,3,-17.5008038090827,4.50032979052925,-17.5008038090827,4.50032979052925,-3.88878251676407,0.00010074834671555,258280,1,"NCAM2","TSS1500",-0.000475286896864167
"chr10",133858385,133858741,3,-4.80533539019,1.23580697300758,-4.80533539019,1.23580697300758,-3.88841906151028,0.000100899306299737,258280,1,"","",-0.0221203686622159
"chr6",168476697,168476759,2,-22.5838937615122,5.8207031103945,-22.5838937615122,5.8207031103945,-3.8799253858494,0.000104488512934298,258280,1,"FRMD1","TSS200;Body;TSS1500",-0.00868531878468792
"chr8",144631887,144631915,2,-24.1644537816918,6.25002567771625,-24.1644537816918,6.25002567771625,-3.86629672064346,0.00011050048589401,258280,1,"","",-0.0201878138930298
"chr22",44419911,44420316,2,-42.4233387331476,10.9728243552621,-42.4233387331476,10.9728243552621,-3.86621870173319,0.000110535823256155,258280,1,"PARVB","Body;TSS1500;1stExon",-0.00503536292556362
"chr17",61904685,61904790,2,-19.8113477690421,5.12512989621997,-19.8113477690421,5.12512989621997,-3.86553085876984,0.000110847831888092,258280,1,"PSMC5;FTSJ3","TSS200;1stExon;5'UTR",-0.00559465962235135
"chr2",71693870,71694284,4,-4.98561333575823,1.29061428869646,-4.98561333575823,1.29061428869646,-3.86297701755168,0.000112013549704917,258280,1,"DYSF","Body;1stExon;5'UTR",-0.0125121494834985
"chr5",78908495,78908678,2,-25.0243687979016,6.49033123600968,-25.0243687979016,6.49033123600968,-3.85563816204963,0.000115428115963718,258280,1,"PAPD4","1stExon;5'UTR",-0.0173751003725498
"chr1",248903100,248903325,4,10.5487492169007,2.74013868026536,10.5487492169007,2.74013868026536,3.84971362685889,0.000118256005348864,258280,1,"LOC646627","TSS200;1stExon",0.00852786214997864
"chr6",31276212,31276653,4,-10.4982316290273,2.7305003508578,-10.4982316290273,2.7305003508578,-3.84480142100302,0.0001206501012692,258280,1,"","",0.00302071803204215
"chr1",236686564,236686804,5,-7.35505196400917,1.91304077650579,-7.35505196400917,1.91304077650579,-3.84469168369914,0.000120704102955318,258280,1,"LGALS8","TSS200;5'UTR;TSS1500;1stExon",0.00355487467415236
"chr3",133464867,133465180,3,4.52861047307268,1.17837389844376,4.52861047307268,1.17837389844376,3.84310147997463,0.00012148920392043,258280,1,"TF","TSS200;5'UTR;1stExon",-0.00692393808591211
"chr11",17760574,17760956,3,5.61734706069026,1.46305150984216,5.61734706069026,1.46305150984216,3.8394731989281,0.000123298587556192,258280,1,"KCNC1","Body",0.0436762914681669
"chr1",27113753,27114177,2,-13.4266822921394,3.49899095457582,-13.4266822921394,3.49899095457582,-3.83730122953894,0.000124393848600111,258280,1,"PIGV","TSS1500",-0.00815027836876044
"chr2",37383568,37383994,2,-13.4082820455503,3.5155640951844,-13.4082820455503,3.5155640951844,-3.8139774108846,0.000136747972972523,258280,1,"EIF2AK2","5'UTR",-0.00657119010335843
"chr11",6342214,6342231,2,-12.3194292606709,3.23036709602478,-12.3194292606709,3.23036709602478,-3.81363135967765,0.000136939685847596,258280,1,"PRKCDBP","TSS1500",-0.0256886311941136
"chr21",46306688,46306700,2,-14.8082242253088,3.88629332536243,-14.8082242253088,3.88629332536243,-3.81037224562244,0.000138757703016434,258280,1,"ITGB2","Body",-0.00760391747796757
"chr11",67182488,67182672,2,3.06289963090486,0.805015222761215,3.06289963090486,0.805015222761215,3.80477231275089,0.00014193468867943,258280,1,"ATPGD1","TSS1500",-0.0418946478944153
"chr2",239695552,239696014,4,-6.01917930200424,1.58216393300286,-6.01917930200424,1.58216393300286,-3.8043967356658,0.000142150196250451,258280,1,"","",-0.0157804503199118
"chr2",121107018,121107495,3,-6.64257742330761,1.74860458991769,-6.64257742330761,1.74860458991769,-3.79878759418119,0.000145405637222174,258280,1,"INHBB","Body;3'UTR",-0.0390084203643643
"chr14",55878680,55878799,2,-19.1114006703453,5.03959056002057,-19.1114006703453,5.03959056002057,-3.79225265281617,0.000149286915883843,258280,1,"KIAA0831","TSS200;TSS1500",-0.00866948970075789
"chr15",90319420,90319680,5,-9.00526475638951,2.3771027164707,-9.00526475638951,2.3771027164707,-3.78833640380492,0.000151659406919608,258280,1,"MESP2","1stExon;TSS200",-0.00937743095948881
"chr11",1221141,1221398,2,-6.87196246436459,1.8142177385416,-6.87196246436459,1.8142177385416,-3.78783776521156,0.000151964020418503,258280,1,"","",-0.0646846243493892
"chr2",99439848,99439997,3,-9.61954135850949,2.54025475721566,-9.61954135850949,2.54025475721566,-3.7868411942483,0.000152574542621105,258280,1,"C2orf55","Body",-0.00136579200269244
"chr15",35086890,35086928,2,-9.82453698444797,2.59689729718587,-9.82453698444797,2.59689729718587,-3.78318272158639,0.000154835660555546,258280,1,"ACTC1","Body",-0.0316179316642539
"chr10",99258642,99258646,2,21.3918106775146,5.65755304669896,21.3918106775146,5.65755304669896,3.78110651388345,0.0001561328505356,258280,1,"MMS19;UBTD1","TSS1500;TSS200",0.013074576662673
"chr19",49699879,49700006,3,-6.80905700251661,1.80281866545521,-6.80905700251661,1.80281866545521,-3.77689511041163,0.000158795565139185,258280,1,"TRPM4","Body",-0.019649526678919
"chr17",48258561,48258695,2,8.82442293749427,2.33807257117024,8.82442293749427,2.33807257117024,3.77422969941326,0.0001605028262209,258280,1,"","",-0.030385334560158
"chr11",62474735,62474744,2,10.2008585404373,2.7040145149369,10.2008585404373,2.7040145149369,3.77248660615097,0.000161628645478461,258280,1,"BSCL2;GNG3","5'UTR;TSS1500;1stExon",0.049740749738578
"chr2",175206474,175206966,3,-20.5045200374441,5.44933233138854,-20.5045200374441,5.44933233138854,-3.76275822256915,0.000168049648793448,258280,1,"","",0.000685924365112389
"chr7",157294357,157294502,3,-5.29015644828657,1.40613150104209,-5.29015644828657,1.40613150104209,-3.76220605566836,0.000168421196966304,258280,1,"","",-0.0151433315231977
"chr12",133187174,133187452,2,-19.8134581803794,5.27028386839426,-19.8134581803794,5.27028386839426,-3.75946698036515,0.000170275748229977,258280,1,"","",-0.012321869132954
"chr19",12948853,12949047,2,12.9724212401037,3.45328263431908,12.9724212401037,3.45328263431908,3.75654778765642,0.000172273387153798,258280,1,"MAST1","TSS1500",0.0203985015410658
"chr5",141061521,141061875,4,-5.1908441545921,1.38260660312665,-5.1908441545921,1.38260660312665,-3.75438981909492,0.000173764258582821,258280,1,"ARAP3","5'UTR;TSS200;1stExon",-0.0170179952183203
"chr7",100203506,100203651,2,-8.86343078527963,2.36619870536021,-8.86343078527963,2.36619870536021,-3.74585226726778,0.000179782372916042,258280,1,"PCOLCE","Body",-0.0110486252029039
"chr7",95025611,95025736,2,-9.56442072386704,2.55862297954002,-9.56442072386704,2.55862297954002,-3.73811257084327,0.000185406932407722,258280,1,"PON3","TSS200;1stExon",-0.0143405595765205
"chr1",109633088,109633189,2,-15.0426107532698,4.02767005742357,-15.0426107532698,4.02767005742357,-3.73481703784155,0.000187851707397916,258280,1,"TMEM167B","TSS1500",-0.00191950954068938
"chr5",87985200,87985283,3,-10.3631832115559,2.77508686548415,-10.3631832115559,2.77508686548415,-3.7343635402735,0.000188190494411234,258280,1,"","",-9.93083383724706e-05
"chr16",20359815,20360298,5,-8.92640248203156,2.3921696725431,-8.92640248203156,2.3921696725431,-3.73150892450783,0.000190336265804648,258280,1,"UMOD","Body",-0.0321410152557105
"chr12",99139571,99139867,4,-8.32791893655573,2.23217139772824,-8.32791893655573,2.23217139772824,-3.7308599801213,0.000190827264988947,258280,1,"ANKS1B","Body",0.00149824366757914
"chr1",2984275,2984445,2,-7.69792246873406,2.06562827376197,-7.69792246873406,2.06562827376197,-3.72667365494297,0.000194023410840346,258280,1,"PRDM16;FLJ42875","TSS1500;TSS200;Body",0.0305722117920595
"chr5",146435656,146436093,3,8.54137087820835,2.30707644211008,8.54137087820835,2.30707644211008,3.70224875184296,0.000213696943565347,258280,1,"PPP2R2B","5'UTR;TSS1500;1stExon",0.0091957118814661
"chr12",9217769,9217859,2,-10.6982273696994,2.88991885045407,-10.6982273696994,2.88991885045407,-3.70191272603328,0.000213980227885696,258280,1,"LOC144571","TSS200;Body",-0.0765740044275165
"chr4",184961220,184961323,2,-8.41477872978749,2.27551593806276,-8.41477872978749,2.27551593806276,-3.6979651906773,0.000217334683316131,258280,1,"","",-0.017377378737111
"chr13",22615049,22615064,2,-24.4253977619716,6.60845226437904,-24.4253977619716,6.60845226437904,-3.69608446649901,0.000218950154074803,258280,1,"","",-0.0122594815302285
"chr2",21266568,21266727,2,-15.0711147488205,4.08627785379415,-15.0711147488205,4.08627785379415,-3.68822563909276,0.000225823351224689,258280,1,"APOB","Body",-0.0312185572862472
"chr10",13570454,13570521,2,-21.3450208966579,5.79850994096639,-21.3450208966579,5.79850994096639,-3.68112172160913,0.000232210108664306,258280,1,"","",-0.00630079380041755
"chr19",11199944,11199965,2,10.8104339683586,2.94212726995998,10.8104339683586,2.94212726995998,3.67435973240738,0.000238446592090025,258280,1,"LDLR","TSS200",-0.00678591761951319
"chr18",19780644,19780728,2,-15.2750352007945,4.15865461889956,-15.2750352007945,4.15865461889956,-3.67307136576695,0.000239652517284624,258280,1,"GATA6","Body",-0.0203774704395093
"chr19",47016623,47017048,3,-6.68276169835654,1.8208935502628,-6.68276169835654,1.8208935502628,-3.67004523542415,0.000242507549707981,258280,1,"","",-0.0291706956619746
"chr19",611107,611506,4,-7.57043788402099,2.06421007382055,-7.57043788402099,2.06421007382055,-3.66747453664405,0.000244957935718158,258280,1,"HCN2","Body",-0.00276214092908286
"chr2",173293627,173294093,2,-8.96635414854393,2.44567899799602,-8.96635414854393,2.44567899799602,-3.66620237402003,0.000246179132006668,258280,1,"ITGA6","Body",-0.0198593039934061
"chr5",140515675,140515961,3,-10.2469216458631,2.79599174699198,-10.2469216458631,2.79599174699198,-3.66486119169955,0.000247472765326617,258280,1,"PCDHB5","1stExon",-0.0220806735000497
"chr7",154862548,154863381,7,-6.30735758071546,1.72132197082409,-6.30735758071546,1.72132197082409,-3.66425206185905,0.000248062402820445,258280,1,"HTR5A","1stExon;Body;5'UTR",0.00373822656657645
"chr3",113160554,113160623,2,-14.6754338551395,4.01101763341692,-14.6754338551395,4.01101763341692,-3.6587806876924,0.000253418085197484,258280,1,"WDR52","TSS200;TSS1500",-0.00118709467711833
"chr6",169901471,169901503,2,5.05201729956512,1.38191867868358,5.05201729956512,1.38191867868358,3.655799272051,0.000256381913406725,258280,1,"WDR27","Body",-0.048934905464583
"chr17",43392165,43392332,2,-4.23198113863431,1.15811321456292,-4.23198113863431,1.15811321456292,-3.6542033070847,0.000257981790120627,258280,1,"MAP3K14","5'UTR",-0.0400891061371274
"chr8",134072526,134072611,2,-14.6330561998096,4.01772134584796,-14.6330561998096,4.01772134584796,-3.64212819660374,0.000270393351150417,258280,1,"SLA;TG","TSS200;Body;5'UTR;1stExon",-0.00314525697899504
"chr10",43522143,43522343,3,-7.91282249015765,2.17942317338972,-7.91282249015765,2.17942317338972,-3.63069576701372,0.000282658213558368,258280,1,"","",-0.0193902258013715
"chr10",134807444,134807902,2,-10.2993535399927,2.83861854720699,-10.2993535399927,2.83861854720699,-3.62829783879435,0.000285296022020267,258280,1,"","",-0.00589305899043241
"chr6",32812933,32813441,7,5.5864528114258,1.53973161860002,5.5864528114258,1.53973161860002,3.62819906010971,0.000285405175216419,258280,1,"PSMB8;TAP1","TSS1500;Body;3'UTR",0.0629972549368619
"chr3",184971652,184971699,2,-19.6592931026625,5.42319380012929,-19.6592931026625,5.42319380012929,-3.62503975096628,0.000288917008493204,258280,1,"EHHADH","5'UTR;Body;1stExon",-0.0110602177158717
"chr17",63624567,63624698,3,-5.1750218839395,1.42790936445301,-5.1750218839395,1.42790936445301,-3.62419493335413,0.000289862930016437,258280,1,"","",0.0161298332633202
"chr7",1518699,1519143,2,-13.5146848273665,3.73442153227417,-13.5146848273665,3.73442153227417,-3.6189500061972,0.00029580077096343,258280,1,"INTS1","Body",-0.0344003326501189
"chr21",26934576,26934885,3,-8.22779628002369,2.27680795752847,-8.22779628002369,2.27680795752847,-3.61374188491293,0.00030180952715343,258280,1,"MIR155HG","Body",-0.020983453336009
"chr17",73892982,73893202,4,-14.3291140809901,3.96601660378828,-14.3291140809901,3.96601660378828,-3.61297380028696,0.000302705299846936,258280,1,"TRIM65","1stExon;TSS200",-0.000641226195385444
"chr10",98129902,98130310,3,-7.7639445411813,2.15095287683773,-7.7639445411813,2.15095287683773,-3.60953725429616,0.000306743719757955,258280,1,"TLL2","Body",-0.016294599047812
"chr15",69754698,69754714,2,-10.4540670511414,2.89936373569267,-10.4540670511414,2.89936373569267,-3.60564179045437,0.000311382415333059,258280,1,"","",-0.0525358600585042
"chr6",31649469,31649728,8,-3.25469038759976,0.903121670188119,-3.25469038759976,0.903121670188119,-3.60382271297047,0.000313570984041509,258280,1,"LY6G5C","TSS1500",0.00601421821365833
"chr22",22090796,22090804,2,-8.5040082095706,2.36147016943488,-8.5040082095706,2.36147016943488,-3.60114996142665,0.000316812762445146,258280,1,"YPEL1","TSS1500",-0.0191258669523591
"chr7",27153605,27153636,2,18.1379870808965,5.03881349162032,18.1379870808965,5.03881349162032,3.59965438511675,0.000318640408373374,258280,1,"HOXA3","5'UTR;TSS200;1stExon",0.0489892783175141
"chr6",1604013,1604081,2,-13.8267782422782,3.84147472675831,-13.8267782422782,3.84147472675831,-3.59934119726624,0.000319024382423571,258280,1,"","",-0.0262492881297737
"chr19",43857717,43857861,2,-14.047744357331,3.90490966233202,-14.047744357331,3.90490966233202,-3.59745693807975,0.00032134367567892,258280,1,"CD177","1stExon;5'UTR;TSS200",-0.0247101940307117
"chr7",156741534,156741538,2,-11.5554036536442,3.2223257004446,-11.5554036536442,3.2223257004446,-3.58604459259034,0.000335731573639581,258280,1,"NOM1","TSS1500",0.00694735515315342
"chr12",66583048,66583431,3,-7.62143118013338,2.12575250804068,-7.62143118013338,2.12575250804068,-3.5852862227871,0.00033670872067373,258280,1,"IRAK3","Body;1stExon;5'UTR",0.00261589813902469
"chr12",124773870,124773995,2,-12.6163468174664,3.51894927704342,-12.6163468174664,3.51894927704342,-3.5852596397941,0.000336743020647216,258280,1,"FAM101A","5'UTR;1stExon",-0.00428557363216105
"chr6",33283189,33283314,2,-11.0625134733323,3.08778300790433,-11.0625134733323,3.08778300790433,-3.58267191865932,0.000340097643986018,258280,1,"ZBTB22;TAPBP","Body;TSS1500",-0.00330227435702662
"chr6",31795171,31795678,8,-19.6519806812599,5.49844215387545,-19.6519806812599,5.49844215387545,-3.5740997415802,0.000351434955952192,258280,1,"HSPA1B","TSS1500;1stExon;5'UTR",-0.0187132728315788
"chr6",31939758,31939816,2,-21.0354878108044,5.89013543093435,-21.0354878108044,5.89013543093435,-3.57130800428261,0.000355202884351344,258280,1,"DOM3Z;STK19","5'UTR;1stExon;Body",-0.00793724050452427
"chr19",12624466,12624565,2,-18.7288571037241,5.24729148364719,-18.7288571037241,5.24729148364719,-3.56924275354081,0.000358014570951837,258280,1,"ZNF709","1stExon;5'UTR",-0.0141351430639717
"chr10",80828357,80828702,3,17.9962078597794,5.04379442275856,17.9962078597794,5.04379442275856,3.56798995981618,0.000359730285054498,258280,1,"LOC283050;ZMIZ1","TSS1500;TSS200",0.0049330636761403
"chr2",241076543,241076560,3,-6.68054855775301,1.87242657070274,-6.68054855775301,1.87242657070274,-3.56785609768704,0.000359914064605845,258280,1,"MYEOV2","TSS1500",-0.0299871197900108
"chr14",24780167,24780404,2,-6.23920487048482,1.74923842724385,-6.23920487048482,1.74923842724385,-3.56681214710993,0.000361350321337017,258280,1,"LTB4R2;LTB4R;CIDEB","1stExon;Body;TSS1500;5'UTR",-0.0272752048426332
"chr17",79663039,79663509,2,14.0492910983277,3.94140616169091,14.0492910983277,3.94140616169091,3.56453776189876,0.000364497974947019,258280,1,"HGS","Body",0.00312636428042495
"chr5",140529499,140529738,4,-10.8875691208829,3.05904749996769,-10.8875691208829,3.05904749996769,-3.55913699313199,0.000372075424597835,258280,1,"PCDHB6","TSS200;TSS1500",-0.00695525478749588
"chr17",78865373,78865514,2,-7.32060042915204,2.05771630561187,-7.32060042915204,2.05771630561187,-3.55763348387096,0.000374210953093629,258280,1,"RPTOR","Body",0.0259568318203225
"chr2",233323840,233324053,3,-11.8485958743407,3.33298477356516,-11.8485958743407,3.33298477356516,-3.55495049611844,0.000378050260806614,258280,1,"ALPI","3'UTR;Body",-0.0314475549822465
"chr2",21266947,21266995,5,-5.39942740976737,1.52202142497528,-5.39942740976737,1.52202142497528,-3.54753705904966,0.000388851042444647,258280,1,"APOB","TSS200",-0.0299570627935131
"chr19",12991918,12992305,4,-11.7735072024781,3.32162907376187,-11.7735072024781,3.32162907376187,-3.54449787770678,0.000393361671490517,258280,1,"DNASE2","Body;5'UTR;1stExon",-0.0113344959037381
"chr19",51165207,51165632,4,-10.3593501864382,2.93691845989367,-10.3593501864382,2.93691845989367,-3.52728559812086,0.000419843632322608,258280,1,"SHANK1","3'UTR;Body",0.000605009468845313
"chr13",112984840,112984976,2,-8.06912980186243,2.28974257544952,-8.06912980186243,2.28974257544952,-3.52403361337608,0.000425030327027172,258280,1,"","",-0.0446076694071951
"chr11",85646010,85646125,2,-6.46528908422777,1.83753377215564,-6.46528908422777,1.83753377215564,-3.51846000448918,0.000434059239232295,258280,1,"","",-0.0141886797177325
"chr17",1553202,1553453,4,-6.21825673307784,1.76823689051225,-6.21825673307784,1.76823689051225,-3.51664234947413,0.000437042239417713,258280,1,"RILP","5'UTR;1stExon;TSS200",-0.0176372158206938
"chr5",176757703,176758052,2,-15.2866828958579,4.34876560050668,-15.2866828958579,4.34876560050668,-3.51517747796682,0.000439460192169478,258280,1,"","",-0.0151993579207244
"chr7",1120247,1120465,2,-6.88471429132788,1.96005252080204,-6.88471429132788,1.96005252080204,-3.51251520980199,0.000443886596832893,258280,1,"C7orf50","Body",-0.00834458590402298
"chr10",86300812,86300952,2,-13.1241990341686,3.73947948854762,-13.1241990341686,3.73947948854762,-3.50963257703704,0.000448726292968494,258280,1,"","",-0.0161831576772448
"chr15",96890598,96891026,4,-8.75381844365134,2.4945940101142,-8.75381844365134,2.4945940101142,-3.50911547456598,0.000449599656673334,258280,1,"","",-0.0149624374287846
"chr8",134203379,134203435,2,-7.18025068688813,2.04841539785961,-7.18025068688813,2.04841539785961,-3.50527080317341,0.000456143058356333,258280,1,"WISP1","1stExon;5'UTR",-0.0635291019782686
"chr10",124639157,124639260,4,-24.0342623961994,6.85909401857477,-24.0342623961994,6.85909401857477,-3.50399955608036,0.000458326121924121,258280,1,"LOC399815;FAM24B","Body;TSS200",0.0113899749523429
"chr14",100751514,100751572,2,-14.9046381279104,4.25406848131006,-14.9046381279104,4.25406848131006,-3.50361969803561,0.000458980326859536,258280,1,"","",-0.00849522572839169
"chr12",25348087,25348261,2,-17.0802813173179,4.87652333823072,-17.0802813173179,4.87652333823072,-3.50255297322435,0.000460822140119111,258280,1,"CASC1;LYRM5","1stExon;5'UTR;TSS200",-0.0112093198941215
"chr8",10907750,10907788,2,-8.27347914257616,2.3626982158622,-8.27347914257616,2.3626982158622,-3.50170795704308,0.000462286042687546,258280,1,"XKR6","Body",-0.0200319293427617
"chr19",51487109,51487478,8,-8.50030356995231,2.42862599400744,-8.50030356995231,2.42862599400744,-3.50004635992802,0.000465177249621489,258280,1,"KLK7","5'UTR;1stExon;TSS200;TSS1500",-0.0148435666319021
"chr12",101988604,101988756,2,10.9824482423093,3.13883611876676,10.9824482423093,3.13883611876676,3.49889189073824,0.000467195968584859,258280,1,"MYBPC1","5'UTR;1stExon;TSS200",0.0163090862424696
"chr16",30485383,30485597,3,-4.90749990647897,1.40402058627414,-4.90749990647897,1.40402058627414,-3.49531905333527,0.000473495382683225,258280,1,"ITGAL","Body",-0.0157291221364764
"chr12",133424655,133424709,2,15.2412761296406,4.36816308108725,15.2412761296406,4.36816308108725,3.48917287351986,0.000484517691951301,258280,1,"CHFR","Body",0.0106636176385969
"chr13",113784082,113784663,3,-12.3227011128841,3.53176271239794,-12.3227011128841,3.53176271239794,-3.48910788078326,0.000484635515618568,258280,1,"F10","Body",-0.0250666964296343
"chr2",233215546,233215939,2,-11.4192914455565,3.27344908458871,-11.4192914455565,3.27344908458871,-3.4884585495214,0.000485814139655663,258280,1,"","",-0.0374351820877133
"chr19",54485404,54485509,4,-5.28179156270034,1.51568839286048,-5.28179156270034,1.51568839286048,-3.48474764838193,0.000492601380374502,258280,1,"CACNG8;MIR935","Body;TSS200",-0.0176069074903851
"chr12",9217529,9217583,2,-27.0861313296431,7.81603168812004,-27.0861313296431,7.81603168812004,-3.46545822873424,0.000529328747011598,258280,1,"LOC144571","TSS200;TSS1500",-0.0604092380054894
"chr7",150885103,150885458,2,-9.64565331069904,2.78779663109082,-9.64565331069904,2.78779663109082,-3.45995586734203,0.000540263926678642,258280,1,"ASB10","TSS1500;TSS200",-0.00915804385582353
"chr19",1465962,1466162,2,-8.0904495020224,2.33918690829721,-8.0904495020224,2.33918690829721,-3.45865884992994,0.000542872043207625,258280,1,"APC2","Body",-0.0143810681126686
"chr22",38714272,38714285,2,-4.9843655697646,1.44236496393384,-4.9843655697646,1.44236496393384,-3.45568957538352,0.000548887058211544,258280,1,"CSNK1E","TSS200;TSS1500",-0.0168177156381459
"chr6",158981802,158982078,3,-16.1021457356012,4.66194023268279,-16.1021457356012,4.66194023268279,-3.4539579942952,0.000552423413140049,258280,1,"TMEM181","Body",-0.000832228843205972
"chr6",169978311,169978387,2,-12.184904343385,3.53411186264629,-12.184904343385,3.53411186264629,-3.44779815041314,0.000565176238842924,258280,1,"WDR27","Body",-0.0343857324558028
"chr7",157701024,157701262,2,-5.4981249121845,1.59737613083111,-5.4981249121845,1.59737613083111,-3.4419726237701,0.000577488689931223,258280,1,"PTPRN2","Body",-0.00493130914092652
"chr7",101768610,101768676,2,-7.00322760905567,2.03791067034167,-7.00322760905567,2.03791067034167,-3.43647428269343,0.00058933830057353,258280,1,"CUX1","Body",0.0253707043248352
"chr12",131303247,131303621,4,-12.1653914926343,3.54300116182413,-12.1653914926343,3.54300116182413,-3.43364027754675,0.000595533961762742,258280,1,"STX2","Body",-0.0111473839897224
"chr11",64739336,64739484,4,-9.96497943861767,2.90336372280466,-9.96497943861767,2.90336372280466,-3.43221876072471,0.000598664443113048,258280,1,"","",-0.0177962355901927
"chr12",6949114,6949119,2,-10.1885984128564,2.97359896196583,-10.1885984128564,2.97359896196583,-3.42635255902859,0.000611745781184367,258280,1,"GNB3","TSS1500",0.00572719635715357
"chr8",19615134,19615514,4,-8.15408486868635,2.38513064653731,-8.15408486868635,2.38513064653731,-3.41871623700123,0.000629173033081803,258280,1,"","",-0.0186155537022799
"chr2",87017953,87018054,2,-7.3214575993444,2.14648697009123,-7.3214575993444,2.14648697009123,-3.41090241932995,0.000647482593236827,258280,1,"CD8A","5'UTR;1stExon;Body",-0.016702127255563
"chr1",3590920,3591248,2,-7.28682723285974,2.13885308349604,-7.28682723285974,2.13885308349604,-3.40688534854818,0.000657087223363397,258280,1,"TP73","5'UTR",-0.0161174573218509
"chr17",43213141,43213270,2,-15.114711485464,4.44161823353704,-15.114711485464,4.44161823353704,-3.4029740267496,0.000666566167792,258280,1,"ACBD4","5'UTR;1stExon",-0.0404451170547844
"chr11",18415742,18415927,5,-17.1935095317421,5.06239813193311,-17.1935095317421,5.06239813193311,-3.39631713738339,0.0006829917611906,258280,1,"LDHA","TSS200",0.00360302656716722
"chr6",44186914,44187052,4,-11.2732466676454,3.32152886314264,-11.2732466676454,3.32152886314264,-3.39399328807257,0.000688813807690607,258280,1,"SLC29A1","TSS1500;TSS200",-0.016909349588313
"chr16",2069785,2069822,2,-5.49636655466865,1.62086189379999,-5.49636655466865,1.62086189379999,-3.39101472845588,0.000696343588418826,258280,1,"NPW","1stExon;5'UTR",-0.0260377403145706
"chr10",134300380,134300809,2,-27.2873312518838,8.0542987891721,-27.2873312518838,8.0542987891721,-3.38792140273811,0.000704244420023773,258280,1,"","",-0.00665007612375917
"chr13",114834683,114834922,2,-7.92420056119491,2.34040133804508,-7.92420056119491,2.34040133804508,-3.38582978584944,0.000709633852499195,258280,1,"RASA3","Body",-0.0262874108276303
"chr1",201252453,201252472,2,-25.0808228374533,7.4115698114447,-25.0808228374533,7.4115698114447,-3.38400952504344,0.000714355248996904,258280,1,"PKP1","TSS200",-0.0117884978973471
"chr4",24801425,24801801,2,-9.11011987492638,2.69514626357225,-9.11011987492638,2.69514626357225,-3.38019498164506,0.000724344238140517,258280,1,"SOD3","Body",-0.00607778940187184
"chr7",2049947,2050386,5,-6.2420847738835,1.85245072000659,-6.2420847738835,1.85245072000659,-3.36963607531827,0.000752675177898517,258280,1,"MAD1L1","Body",-0.00152154090619376
"chr11",3829219,3829780,8,8.00111640232948,2.37468352204573,8.00111640232948,2.37468352204573,3.36934009439571,0.000753483963599744,258280,1,"PGAP2","Body;TSS1500;TSS200;5'UTR;1stExon",0.00905363580331403
"chr5",851101,851458,6,-5.5432334939603,1.64781553094859,-5.5432334939603,1.64781553094859,-3.36398910548515,0.000768245757923081,258280,1,"ZDHHC11","TSS200;TSS1500",-0.00805723973469349
"chr10",75401245,75401258,2,-8.82127458839953,2.62590725696383,-8.82127458839953,2.62590725696383,-3.35932450203858,0.000781332607232245,258280,1,"MYOZ1","1stExon;5'UTR",0.00781362163652449
"chr3",136751559,136751656,2,-28.5649212439795,8.50700269452839,-28.5649212439795,8.50700269452839,-3.35781264796732,0.000785618420071911,258280,1,"","",-0.0372618264887212
"chr6",71999105,71999108,2,-19.5769344674323,5.83223223704964,-19.5769344674323,5.83223223704964,-3.35667951338916,0.000788844931847673,258280,1,"OGFRL1","Body",0.00152786279383194
"chr15",27111911,27111949,2,-10.7042063216766,3.19242463436779,-10.7042063216766,3.19242463436779,-3.35300204316221,0.00079940116450374,258280,1,"GABRA5","5'UTR;TSS1500;1stExon",-0.0176695330483505
"chr6",1410489,1410497,2,-14.8621498781928,4.43437617545314,-14.8621498781928,4.43437617545314,-3.35157625112265,0.000803529073601478,258280,1,"","",-0.0219804327674066
"chr7",112120734,112120828,4,8.6554461931297,2.58441727454269,8.6554461931297,2.58441727454269,3.34909005538251,0.000810774382187137,258280,1,"C7orf53","TSS200;TSS1500",0.00847060324354787
"chr12",122458893,122458940,2,-9.89961567695772,2.9571658668948,-9.89961567695772,2.9571658668948,-3.34767007416899,0.000814939663838808,258280,1,"BCL7A","TSS1500",-0.00697471577004005
"chr19",37894346,37894762,3,-9.29117502909339,2.78409272101194,-9.29117502909339,2.78409272101194,-3.33723620588193,0.000846160030234286,258280,1,"","",-0.0138133410841899
"chr16",86860774,86861247,2,-5.61033538796328,1.68226396075443,-5.61033538796328,1.68226396075443,-3.33499113031421,0.00085302120058033,258280,1,"","",-0.0236375836197394
"chr5",140344290,140344483,2,18.8914208393928,5.66556279878525,18.8914208393928,5.66556279878525,3.33442969574767,0.000854745045552641,258280,1,"PCDHA7;PCDHAC2;PCDHA12;PCDHA6;PCDHA10","Body;TSS1500",0.00921780666725219
"chr19",7686071,7686181,2,-12.4278501428078,3.73386000062057,-12.4278501428078,3.73386000062057,-3.32841888574886,0.000873404346659229,258280,1,"XAB2","Body",-0.0168209379531592
"chr13",113097259,113097633,2,-11.2667243767746,3.38512125626439,-11.2667243767746,3.38512125626439,-3.32830747374995,0.000873753739963948,258280,1,"","",-0.0322628389638044
"chr6",30139542,30139641,6,-13.3639496910755,4.02171944042323,-13.3639496910755,4.02171944042323,-3.32294430008006,0.000890726982156839,258280,1,"TRIM15","Body",-0.00412409110549593
"chr7",95433460,95433546,2,9.70506304489052,2.92269912603066,9.70506304489052,2.92269912603066,3.32058232010732,0.000898298630219478,258280,1,"DYNC1I1","5'UTR",0.0155251722713816
"chr20",57607451,57607571,2,-29.1515663656228,8.77977610679762,-29.1515663656228,8.77977610679762,-3.32030862871921,0.000899179831470158,258280,1,"ATP5E","TSS200",-0.00591882440102085
"chr5",76115868,76115974,2,-4.78871611140592,1.44666392174851,-4.78871611140592,1.44666392174851,-3.31017870800155,0.000932364230090158,258280,1,"F2RL1","Body",-0.038403270178848
"chr6",17016226,17016484,3,-8.97878256077393,2.71703942669406,-8.97878256077393,2.71703942669406,-3.30461990082301,0.000951052857750218,258280,1,"","",-0.0241667623078624
"chr6",29945155,29945409,2,-13.259360458315,4.01249096271942,-13.259360458315,4.01249096271942,-3.30452095257272,0.000951388641740458,258280,1,"HCG9","Body",0.00435148056761422
"chr17",18057079,18057145,2,12.4108568781422,3.76199892634484,12.4108568781422,3.76199892634484,3.29900595963238,0.000970278513396472,258280,1,"MYO15A","Body",0.0438298389899328
"chr7",63391463,63391680,2,-9.01573359786776,2.73332343255862,-9.01573359786776,2.73332343255862,-3.29845106893489,0.000972198225102283,258280,1,"","",-0.00052189462158081
"chr6",31870891,31870970,2,-7.8686985580758,2.38617696924354,-7.8686985580758,2.38617696924354,-3.2976173433483,0.000975089213461104,258280,1,"ZBTB12","TSS1500",0.00179443509842869
"chr6",170571686,170571794,5,3.93711621296024,1.19583797684385,3.93711621296024,1.19583797684385,3.29234920549303,0.00099354162165361,258280,1,"LOC154449","TSS200",-0.0395886199639182
"chr12",132970474,132970724,2,-7.9978907454785,2.43001903401687,-7.9978907454785,2.43001903401687,-3.29128728356412,0.000997300088489529,258280,1,"","",-0.00751610804315117
"chr19",3178759,3178955,3,-9.10107050133494,2.76754172626409,-9.10107050133494,2.76754172626409,-3.28850344512077,0.00100721551774522,258280,1,"S1PR4","1stExon;TSS200",-0.0332534616734239
"chr22",50585197,50585229,3,-5.93237799241538,1.80431974359802,-5.93237799241538,1.80431974359802,-3.28787511939848,0.00100946606436504,258280,1,"MOV10L1","Body;TSS1500",-0.0332421937935855
"chr1",228396009,228396098,2,-10.0642200262544,3.06122144498619,-10.0642200262544,3.06122144498619,-3.28764847859604,0.001010278991532,258280,1,"OBSCN","5'UTR",-0.0102062890188334
"chr8",142179908,142180109,2,-4.22772421526705,1.28888930625965,-4.22772421526705,1.28888930625965,-3.28012979449406,0.00103759339540072,258280,1,"DENND3","Body",-0.00237862876466899
"chr2",18059103,18059130,3,-7.94117295644258,2.42535201289581,-7.94117295644258,2.42535201289581,-3.27423520965973,0.00105948382542455,258280,1,"KCNS3","TSS1500",-0.00918789887161334
"chr5",140552105,140552347,3,-8.50149797997586,2.60025383368383,-8.50149797997586,2.60025383368383,-3.26948772071672,0.00107742413569626,258280,1,"PCDHB7","TSS200;1stExon;5'UTR",-0.00655644557731107
"chr20",32255988,32256071,2,-11.0944243927953,3.3942522943064,-11.0944243927953,3.3942522943064,-3.26859155738228,0.0010808420194699,258280,1,"NECAB3;C20orf134","Body;1stExon;3'UTR",-0.00419793250368772
"chr15",83477712,83477965,3,9.71536249499762,2.98240707617836,9.71536249499762,2.98240707617836,3.25755748522661,0.00112375494847875,258280,1,"WHAMM","TSS200;TSS1500",0.00866866223372091
"chr19",39993313,39993390,3,-7.6303392465732,2.34385296555752,-7.6303392465732,2.34385296555752,-3.25546839272753,0.00113205496224011,258280,1,"DLL3","Body",-0.00733027764257549
"chr5",1473589,1473705,2,-7.52275427302068,2.31350592343618,-7.52275427302068,2.31350592343618,-3.25166847286363,0.00114729758904765,258280,1,"LPCAT1","Body",0.00167840989755275
"chr6",30881728,30881808,2,-33.1266359351161,10.1981736902139,-33.1266359351161,10.1981736902139,-3.2482910118411,0.00116100461519646,258280,1,"VARS2;GTF2H4","TSS1500;Body;3'UTR;TSS200",-0.00379048025295668
"chr19",15121204,15121333,3,-8.48661965378208,2.61724695156436,-8.48661965378208,2.61724695156436,-3.24257504577836,0.00118454747200735,258280,1,"CCDC105","TSS1500",-0.00241663622291429
"chr2",43188839,43188851,2,5.49860618091246,1.69841773662722,5.49860618091246,1.69841773662722,3.23748749340771,0.00120587225037168,258280,1,"","",-0.0307956702669838
"chr17",7832943,7833237,3,14.4930387675988,4.47719525033489,14.4930387675988,4.47719525033489,3.23707990320831,0.00120759594167487,258280,1,"KCNAB3","TSS200;TSS1500",0.0199256707715713
"chr6",46620708,46620788,2,-24.5040021725489,7.57315978210662,-24.5040021725489,7.57315978210662,-3.23563781533376,0.00121371279248537,258280,1,"SLC25A27;CYP39A1","5'UTR;TSS200;1stExon;TSS1500",0.00170505310091556
"chr1",12679132,12679306,3,-6.76295301844967,2.09120974704793,-6.76295301844967,2.09120974704793,-3.23399076921702,0.00122073401039625,258280,1,"DHRS3","TSS1500",-0.0039124272667726
"chr13",114830277,114830702,3,-6.10219088434436,1.8868963711444,-6.10219088434436,1.8868963711444,-3.23398305156706,0.00122076699820847,258280,1,"RASA3","Body",-0.0263466761455109
"chr5",2112109,2112561,6,7.41249441851584,2.29928586474895,7.41249441851584,2.29928586474895,3.22382463710104,0.00126490834047721,258280,1,"","",0.0319884464709487
"chr11",1403751,1404215,3,-14.6599151611041,4.5475049701852,-14.6599151611041,4.5475049701852,-3.22372713327834,0.00126533907417801,258280,1,"","",-0.00471333335042619
"chr11",70048845,70048852,2,-8.93137226783343,2.77094436675427,-8.93137226783343,2.77094436675427,-3.22322323572853,0.00126756725524448,258280,1,"FADD","TSS1500",-0.0231955365841051
"chr6",106959592,106959601,2,-12.6414110878788,3.9245795474538,-12.6414110878788,3.9245795474538,-3.22108672662281,0.00127705496819182,258280,1,"AIM1","TSS200",-0.0069773989449211
"chr8",30300223,30300306,2,-8.37637548867045,2.60227735108751,-8.37637548867045,2.60227735108751,-3.21886346402312,0.00128699750107102,258280,1,"RBPMS","Body",-0.0172072495646874
"chr17",4098178,4098308,3,-5.77241450645823,1.79455463284845,-5.77241450645823,1.79455463284845,-3.21662790354609,0.0012970670327669,258280,1,"ANKFY1","Body;3'UTR",0.0323398461020237
"chr12",89749377,89749718,2,8.29774677699735,2.58860094914298,8.29774677699735,2.58860094914298,3.20549475953198,0.0013483050192446,258280,1,"","",0.0110071769527554
"chr7",143208406,143208667,2,-7.60950757835518,2.37519360846901,-7.60950757835518,2.37519360846901,-3.20374202390182,0.00135653968997961,258280,1,"","",-0.039826134549059
"chr6",168533375,168533507,2,-6.65548571987935,2.0776702469454,-6.65548571987935,2.0776702469454,-3.20334072727098,0.00135843156974299,258280,1,"","",-0.0549131936377437
"chr2",74875253,74875387,5,-5.93345202188585,1.85772919612666,-5.93345202188585,1.85772919612666,-3.19392731419468,0.00140351450527508,258280,1,"C2orf65","TSS200;TSS1500",-0.0101933100912808
"chr19",3825141,3825630,4,-12.1689207961841,3.81228987478756,-12.1689207961841,3.81228987478756,-3.19202400548364,0.00141279590465427,258280,1,"ZFR2","Body",-0.0180472165256175
"chr17",80316860,80316908,2,-7.04815212662984,2.2098974543427,-7.04815212662984,2.2098974543427,-3.1893570956333,0.00142589618977619,258280,1,"TEX19","TSS1500",-0.0144734469287618
"chr8",95962383,95962463,2,-4.23906127366704,1.32929195717443,-4.23906127366704,1.32929195717443,-3.18896180089562,0.00142784744207667,258280,1,"TP53INP1","TSS1500",-0.0132511404960942
"chr7",158342283,158342600,3,-5.96785935551819,1.87306515886507,-5.96785935551819,1.87306515886507,-3.18614615581993,0.00144181738603541,258280,1,"PTPRN2","Body",-0.0107013363684665
"chr19",1313407,1313527,3,-4.11832994853206,1.29650730814093,-4.11832994853206,1.29650730814093,-3.17648031960373,0.0014907390391461,258280,1,"","",-0.0135427548289283
"chr2",45228334,45228633,2,-18.2298761032907,5.74007298678994,-18.2298761032907,5.74007298678994,-3.17589622035198,0.0014937437872337,258280,1,"","",-0.0163034605360769
"chr3",194090647,194090730,2,-4.00966262657607,1.26374434668952,-4.00966262657607,1.26374434668952,-3.17284317597916,0.00150954039484759,258280,1,"LRRC15","TSS200;TSS1500",-0.0214357480208108
"chr7",27141088,27141388,2,-11.5771610175425,3.65039874306201,-11.5771610175425,3.65039874306201,-3.1714784691799,0.00151665110481741,258280,1,"HOXA2","Body",0.00163774789226442
"chr5",180511822,180512070,2,-9.47793818549762,2.9916461002097,-9.47793818549762,2.9916461002097,-3.16813482210789,0.00153420354890791,258280,1,"","",-0.00911017742265496
"chr1",23495577,23495997,2,-14.3612401978948,4.53436575493389,-14.3612401978948,4.53436575493389,-3.1671993337256,0.00153914777448446,258280,1,"LUZP1","TSS1500",-0.0146149712165645
"chr16",82044738,82044788,2,-8.99422043607437,2.83987984667268,-8.99422043607437,2.83987984667268,-3.16711301945129,0.00153960469972653,258280,1,"SDR42E1","5'UTR",-0.020459606643441
"chr2",29287725,29287853,2,-9.13560667365569,2.88724914868343,-9.13560667365569,2.88724914868343,-3.16412134983968,0.00155551923469686,258280,1,"C2orf71","Body;3'UTR",-0.0225140287208233
"chr7",27224568,27224795,3,-8.82247470822292,2.78931953467951,-8.82247470822292,2.78931953467951,-3.16294874019754,0.00156179828774302,258280,1,"HOXA11AS;HOXA11","TSS1500;1stExon;5'UTR",-0.00310749096255001
"chr6",133562774,133562776,2,-23.8590083278901,7.54456486970916,-23.8590083278901,7.54456486970916,-3.16241012436412,0.00156469026586077,258280,1,"EYA4","5'UTR;1stExon",0.00999050372021643
"chr11",47616757,47616825,2,-7.24463325623161,2.29296401411299,-7.24463325623161,2.29296401411299,-3.15950586735838,0.00158036918302701,258280,1,"C1QTNF4","TSS1500",0.00749062970498107
"chr8",22249664,22250005,2,-5.61795667067544,1.78235318741419,-5.61795667067544,1.78235318741419,-3.15198845568082,0.00162162684473954,258280,1,"SLC39A14","5'UTR",-0.00309981670516674
"chr6",33094069,33094339,2,-8.55247565635785,2.71751082459832,-8.55247565635785,2.71751082459832,-3.14717261802333,0.00164857604886409,258280,1,"HLA-DPB2","Body",-0.0279616396786603
"chr20",17950611,17950694,2,-9.20943281069844,2.92651287437071,-9.20943281069844,2.92651287437071,-3.14689639377676,0.00165013421349255,258280,1,"SNX5;C20orf72","TSS1500;Body",-0.00709264561441622
"chr4",1076041,1076247,2,-7.49018457110881,2.3808328075099,-7.49018457110881,2.3808328075099,-3.14603551643038,0.00165499906872533,258280,1,"RNF212","Body",-0.0339941567738485
"chr14",102101595,102101660,2,-5.38306417786395,1.71337496513092,-5.38306417786395,1.71337496513092,-3.14178991021537,0.00167918477093273,258280,1,"","",-0.00641002537439425
"chr5",530963,531305,3,-14.1981566412794,4.52271091693009,-14.1981566412794,4.52271091693009,-3.13930226849801,0.00169350662321083,258280,1,"","",-0.0271385076376235
"chr14",96180406,96180576,2,-7.25147036562587,2.3142015381615,-7.25147036562587,2.3142015381615,-3.13346536420798,0.00172755305786668,258280,1,"TCL1A","5'UTR;1stExon;TSS200",-0.0330636911074786
"chr19",52996083,52996617,3,-6.39715561812142,2.04241714628035,-6.39715561812142,2.04241714628035,-3.13214938964448,0.00173531553138662,258280,1,"ZNF578","5'UTR",-0.0215337556455839
"chr9",95569618,95569697,2,-6.91492891288798,2.20827726613565,-6.91492891288798,2.20827726613565,-3.13136806637904,0.0017399394451554,258280,1,"","",-0.018918782221365
"chr20",62687986,62688329,5,-5.92785636403952,1.89413977641499,-5.92785636403952,1.89413977641499,-3.12957704486787,0.00175058158977346,258280,1,"TCEA2","TSS200;TSS1500",-0.0181285953009978
"chr17",19651653,19651881,2,9.51409245627785,3.04486838578361,9.51409245627785,3.04486838578361,3.12463175771368,0.0017802777257797,258280,1,"ALDH3A1","5'UTR;1stExon;TSS200",0.0228923651582294
"chr17",7819783,7820248,2,-7.08314886645383,2.27198961302927,-7.08314886645383,2.27198961302927,-3.11759738065431,0.00182331699814799,258280,1,"LOC284023","TSS1500",-0.00113590207719046
"chr6",100054518,100054548,2,-5.91181186287807,1.902008242911,-5.91181186287807,1.902008242911,-3.10819465946694,0.00188234041483624,258280,1,"PRDM13","TSS200",0.011466497071899
"chr1",3649344,3649574,3,-8.28160051633697,2.6671742734406,-8.28160051633697,2.6671742734406,-3.10500914724776,0.00190273140183714,258280,1,"TP73","Body;3'UTR",0.00472251797400042
"chr6",127796989,127797022,2,-22.3656480893672,7.20691247302553,-22.3656480893672,7.20691247302553,-3.10336058236848,0.00191336361325359,258280,1,"C6orf174","Body",0.000103911414574942
"chr8",1132712,1133105,3,-5.58036861304487,1.80169404182332,-5.58036861304487,1.80169404182332,-3.09728981919567,0.00195298833861798,258280,1,"","",-0.00932241466504663
"chr9",98981433,98981500,2,-10.127725879898,3.29627503333912,-10.127725879898,3.29627503333912,-3.07247598500258,0.00212290914283833,258280,1,"","",-0.0569898840488554
"chr2",157198370,157198726,2,-21.8786793120431,7.12235588711535,-21.8786793120431,7.12235588711535,-3.07183180099475,0.00212749569433532,258280,1,"","",-0.00281961481006699
"chr2",239037049,239037422,2,-10.3957087096182,3.38891399461084,-10.3957087096182,3.38891399461084,-3.06756345134453,0.00215811638102307,258280,1,"ESPNL","Body",-0.030138976556178
"chr13",109248047,109248503,4,-7.94829877029864,2.60188327741234,-7.94829877029864,2.60188327741234,-3.0548252641846,0.00225191680883641,258280,1,"MYO16","TSS200;TSS1500;5'UTR;1stExon",-0.0193508280839013
"chr2",85294381,85294457,2,5.07336552423854,1.66148955537348,5.07336552423854,1.66148955537348,3.05350431354238,0.00226185470071907,258280,1,"","",-0.00732907041139277
"chr12",27396765,27396894,2,-5.14448099832606,1.68891019024206,-5.14448099832606,1.68891019024206,-3.04603585676082,0.0023188018038344,258280,1,"STK38L","TSS1500;TSS200",0.0179516256536477
"chr7",55516751,55517045,3,-6.70075079527891,2.2037016976853,-6.70075079527891,2.2037016976853,-3.04067959938369,0.0023604486712153,258280,1,"","",-0.025109908601541
"chr6",31939280,31939319,2,7.18347948331669,2.36290056605108,7.18347948331669,2.36290056605108,3.04011078016789,0.00236491144262103,258280,1,"STK19;DOM3Z","TSS1500;Body",0.00386139997109727
"chr19",21860753,21861136,2,-10.759659364225,3.54076759649015,-10.759659364225,3.54076759649015,-3.03879288064281,0.0023752809550965,258280,1,"","",-0.00594448089361377
"chr1",1096765,1097233,4,-8.67191486486853,2.86150371398658,-8.67191486486853,2.86150371398658,-3.03054468267211,0.00244113063968341,258280,1,"","",-0.0096708743574177
"chr12",69004196,69004270,2,-22.6972619577394,7.49525859970743,-22.6972619577394,7.49525859970743,-3.02821599225747,0.00246002189654686,258280,1,"RAP1B","TSS1500",-0.00431757507788629
"chr1",22109947,22110159,2,-31.4194135137307,10.3818174466307,-31.4194135137307,10.3818174466307,-3.02638855626648,0.00247494035724543,258280,1,"USP48","TSS1500",-0.00432785637621669
"chr15",100889701,100889719,2,-8.75616476777399,2.89997943130886,-8.75616476777399,2.89997943130886,-3.01938857677416,0.0025328544131881,258280,1,"FLJ42289","Body",-0.013355896486943
"chr19",21657626,21657926,4,-10.483065370545,3.4738512269328,-10.483065370545,3.4738512269328,-3.0177070593207,0.00254694977859643,258280,1,"","",-0.00942943659236477
"chr5",569931,570261,2,-18.1542639594362,6.03243648123201,-18.1542639594362,6.03243648123201,-3.00944137844092,0.00261728581349707,258280,1,"","",-0.0124111554810437
"chr6",30068656,30068818,4,-30.340568911963,10.0888450827466,-30.340568911963,10.0888450827466,-3.00733817033725,0.00263546404378732,258280,1,"","",-0.00262458541052228
"chr5",42993440,42993450,2,-13.3126069924254,4.42683536362882,-13.3126069924254,4.42683536362882,-3.00725143333829,0.00263621619204521,258280,1,"","",-0.0300917341953824
"chr19",18770726,18771179,2,-11.3403593475094,3.77437825354904,-11.3403593475094,3.77437825354904,-3.00456355608929,0.00265962185892004,258280,1,"KLHL26","Body",-0.0262094276964283
"chr2",54087200,54087552,4,10.5551913157036,3.51402647507938,10.5551913157036,3.51402647507938,3.00373130099002,0.00266690743851313,258280,1,"LOC100302652;GPR75","TSS200;TSS1500",0.0255074681812115
"chr4",159131324,159131339,2,-9.66708608479383,3.22643412705422,-9.66708608479383,3.22643412705422,-2.99621368486454,0.00273354806293958,258280,1,"TMEM144","TSS200",-0.0200649395984881
"chr7",106301118,106301641,4,-21.8855787711532,7.31853925540374,-21.8855787711532,7.31853925540374,-2.99042992151661,0.00278585044318857,258280,1,"FLJ36031","TSS200;1stExon;5'UTR",-0.0134054662340824
"chr17",78773145,78773498,4,-6.47015990366171,2.16961355573564,-6.47015990366171,2.16961355573564,-2.98217158837206,0.00286211536526231,258280,1,"RPTOR","Body",-0.000337330596101443
"chr15",96596177,96596630,3,-6.76727735441015,2.270383557907,-6.76727735441015,2.270383557907,-2.9806758117332,0.00287613090345359,258280,1,"","",-0.00902273627877915
"chr12",131303094,131303194,2,-8.42658145427569,2.82932174166963,-8.42658145427569,2.82932174166963,-2.97830442192942,0.00289847945010854,258280,1,"STX2","Body",-0.0173161865813357
"chr12",6649806,6649994,3,-5.02176608689034,1.68616968139026,-5.02176608689034,1.68616968139026,-2.97820921720634,0.00289937998295554,258280,1,"IFFO1","Body",0.00451257384135704
"chr6",163768411,163768551,2,-20.0388074901741,6.74705405028646,-20.0388074901741,6.74705405028646,-2.97000844232503,0.00297791565104649,258280,1,"","",-0.0118940385320498
"chr7",229388,229594,2,-11.5005191318907,3.8744635070352,-11.5005191318907,3.8744635070352,-2.96828686371886,0.00299464705890202,258280,1,"FAM20C","Body",0.0111098354417316
"chr4",140216130,140216263,2,-6.60018928724314,2.22358055971177,-6.60018928724314,2.22358055971177,-2.96827081817026,0.00299480340244001,258280,1,"NDUFC1","Body",-0.0258551907697446
"chr17",78735324,78735596,3,-11.1933610519655,3.77158639288284,-11.1933610519655,3.77158639288284,-2.96781244971292,0.00299927276814453,258280,1,"RPTOR","Body",-0.0145859006917221
"chr10",102501906,102502084,2,-20.6415336422361,6.96647555049725,-20.6415336422361,6.96647555049725,-2.96298084915589,0.00304675524115948,258280,1,"","",0.000291603442427991
"chr7",158362729,158362907,3,-4.22091307786319,1.42496939087205,-4.22091307786319,1.42496939087205,-2.96210789151063,0.00305540698896984,258280,1,"PTPRN2","Body",-0.0269197501973299
"chr6",30139991,30139996,2,-12.2191370691978,4.1280242514774,-12.2191370691978,4.1280242514774,-2.96004488462601,0.00307594224442134,258280,1,"TRIM15","Body",-0.00365533314147448
"chr13",52028209,52028266,2,-12.7730096232813,4.31777424823165,-12.7730096232813,4.31777424823165,-2.95823933558186,0.00309401794797022,258280,1,"INTS6","TSS1500",0.00996859157810134
"chr2",175208144,175208594,3,-14.5307781604008,4.91566966985225,-14.5307781604008,4.91566966985225,-2.9560119243809,0.00311645041984138,258280,1,"","",-0.0226499448249568
"chr12",63025490,63025589,2,-21.5387521214683,7.30109534035608,-21.5387521214683,7.30109534035608,-2.9500713409966,0.00317700560968009,258280,1,"","",-0.019271121921941
"chr6",158464617,158464770,2,-5.75306854913747,1.95190372756741,-5.75306854913747,1.95190372756741,-2.94741409009313,0.00320443778160577,258280,1,"SYNJ2","Body",-0.0163404758910689
"chr20",30073399,30073546,4,8.23881379708374,2.79600142816879,8.23881379708374,2.79600142816879,2.94664148382773,0.00321245420217856,258280,1,"NCRNA00028","TSS200",0.0540329193928705
"chr13",111522222,111522314,2,-5.91967712750508,2.010553900322,-5.91967712750508,2.010553900322,-2.94430163078792,0.00323684369588556,258280,1,"C13orf29","Body",-0.0383832869818326
"chr19",853145,853540,3,-9.99065814890367,3.40026367628252,-9.99065814890367,3.40026367628252,-2.93820100440751,0.00330122914006357,258280,1,"ELANE","Body",-0.0554922064258789
"chr7",76026853,76027001,2,-27.9187091975375,9.5048349680938,-27.9187091975375,9.5048349680938,-2.93731656480688,0.00331065964633573,258280,1,"ZP3;SRCRB4D","5'UTR;1stExon;Body",-0.000588351020404013
"chr6",887704,887772,2,-42.1469766656482,14.3527795358716,-42.1469766656482,14.3527795358716,-2.93650275616031,0.00331935870605256,258280,1,"","",-0.00638937150647662
"chr3",13460999,13461144,2,-23.5149384771329,8.00870025908587,-23.5149384771329,8.00870025908587,-2.93617412519031,0.00332287744408586,258280,1,"NUP210","Body",-0.014731998610162
"chr10",131505789,131505815,2,2.70474090098313,0.921525925992713,2.70474090098313,0.921525925992713,2.93506761415253,0.0033347501390833,258280,1,"MGMT","Body",-0.0353888022685866
"chr14",105860954,105861260,3,-7.29966125196487,2.49062008761511,-7.29966125196487,2.49062008761511,-2.93086098849972,0.00338024004957295,258280,1,"PACS2","Body;3'UTR",-0.0443544608560107
"chr19",18385244,18385409,2,-6.86044122010859,2.34496436902648,-6.86044122010859,2.34496436902648,-2.9256057408483,0.00343786320285547,258280,1,"KIAA1683","5'UTR;1stExon;TSS200",-0.0150001983446706
"chr9",139906061,139906382,3,-7.23196465492777,2.47587519011131,-7.23196465492777,2.47587519011131,-2.92097302958258,0.00348940033407326,258280,1,"ABCA2","Body",-0.0155168908300661
"chr21",46696742,46697204,5,-7.57882455227498,2.59762863551597,-7.57882455227498,2.59762863551597,-2.91759354999934,0.00352743818614479,258280,1,"POFUT2","Body",0.0105244023975612
"chr13",110885345,110885926,4,-4.13416386412786,1.42046426550363,-4.13416386412786,1.42046426550363,-2.91043144451233,0.00360930138283717,258280,1,"COL4A1","Body",0.0439891030213892
"chr17",78748291,78748494,2,-7.41137178185314,2.54812511345798,-7.41137178185314,2.54812511345798,-2.90855882339129,0.00363098860329989,258280,1,"RPTOR","Body",-0.0284926522476416
"chr16",54228358,54228582,3,-7.95439191000707,2.73628122547603,-7.95439191000707,2.73628122547603,-2.90700818174245,0.00364903653401922,258280,1,"","",-0.0537931128931274
"chr8",145164991,145165189,2,-11.834835007895,4.07343323526807,-11.834835007895,4.07343323526807,-2.90537105295558,0.00366817958314216,258280,1,"KIAA1875","Body",-0.0419442717329539
"chr2",95692727,95693023,2,-8.07236884404539,2.78100429897455,-8.07236884404539,2.78100429897455,-2.902681181407,0.00369983077368257,258280,1,"MAL","Body",-0.00721212433025865
"chr17",78831230,78831518,3,-8.89886660254196,3.06917818458,-8.89886660254196,3.06917818458,-2.89942977154313,0.00373842082327968,258280,1,"RPTOR","Body",-0.0148821418138196
"chr11",72463230,72463331,2,9.3753259749162,3.23379082229911,9.3753259749162,3.23379082229911,2.89917514462196,0.00374145831084597,258280,1,"ARAP1","5'UTR",0.00441546409118219
"chr6",72130615,72131020,4,-5.36361164624491,1.8515027377569,-5.36361164624491,1.8515027377569,-2.89689641655239,0.00376874167807165,258280,1,"C6orf155","TSS1500;TSS200",-0.00667491592697525
"chr6",32037290,32037426,3,-15.8401108799727,5.47811813501774,-15.8401108799727,5.47811813501774,-2.89152414927273,0.00383378127368173,258280,1,"TNXB","Body",-0.00982236768807147
"chr17",5018984,5019310,3,-9.58810698289166,3.31899292935161,-9.58810698289166,3.31899292935161,-2.88886032208715,0.00386640775931085,258280,1,"ZNF232","5'UTR",-0.0121135690125847
"chr21",36164145,36164167,2,-18.8434015026074,6.53846512067247,-18.8434015026074,6.53846512067247,-2.88193041560026,0.00395247007942907,258280,1,"RUNX1","3'UTR",-0.00140650158990457
"chr19",32836354,32836416,2,-25.728043762327,8.93188776650762,-25.728043762327,8.93188776650762,-2.88047100846932,0.00397081469461955,258280,1,"ZNF507","TSS200",-0.00172609235146197
"chr20",56239590,56239669,2,-5.12388216672751,1.77987566576914,-5.12388216672751,1.77987566576914,-2.8787865721583,0.00399208399588061,258280,1,"PMEPA1","5'UTR;Body",0.0175180029799185
"chr13",113698408,113698416,2,7.73315153161736,2.68677356361517,7.73315153161736,2.68677356361517,2.87822972368839,0.00399913801342333,258280,1,"MCF2L","Body",0.0482523181699129
"chr6",2634100,2634373,2,-9.81858483237226,3.4113903602646,-9.81858483237226,3.4113903602646,-2.87817687085529,0.00399980812761574,258280,1,"C6orf195","5'UTR",-0.00234728996322212
"chr8",145235328,145235410,2,-24.5572720057417,8.53299092272836,-24.5572720057417,8.53299092272836,-2.87792079332128,0.00400305634514436,258280,1,"HEATR7A","Body",-0.00617543617203886
"chr10",63809108,63809170,4,-15.7264462022951,5.46527011859067,-15.7264462022951,5.46527011859067,-2.87752404932376,0.00400809357731228,258280,1,"ARID5B","Body",-0.0161544436704144
"chr6",125623444,125623573,3,-4.33685633924077,1.50793780781496,-4.33685633924077,1.50793780781496,-2.87601804050857,0.00402726693651963,258280,1,"HDDC2","TSS200;TSS1500",0.0148627636957235
"chr9",35617306,35617323,2,-5.82931631527244,2.02842175059685,-5.82931631527244,2.02842175059685,-2.87381867876205,0.00405541714628895,258280,1,"CD72","Body",-0.00183642110673414
"chr19",44324951,44325004,2,-25.7325787421209,8.96510127851134,-25.7325787421209,8.96510127851134,-2.87030541459692,0.00410075503241263,258280,1,"LYPD5","TSS200",-0.0190382200474633
"chr15",31515984,31516111,2,-7.00517657255767,2.44257089455677,-7.00517657255767,2.44257089455677,-2.86795220076052,0.00413137944602315,258280,1,"","",-0.0161482778803861
"chr11",65685874,65686003,2,-7.84411994979115,2.73776935517156,-7.84411994979115,2.73776935517156,-2.86515002988614,0.0041681171310527,258280,1,"DRAP1;C11orf68","TSS1500;Body",-0.0151001752467686
"chr12",125412894,125413124,2,-8.2831497063863,2.89287430637586,-8.2831497063863,2.89287430637586,-2.86329402149632,0.00419261311561773,258280,1,"","",0.0176056675219166
"chr14",24801073,24801191,2,-11.456661740354,4.00208226155554,-11.456661740354,4.00208226155554,-2.86267522544652,0.00420080909750219,258280,1,"ADCY4","Body",-0.014722050194699
"chr17",27331600,27331785,2,-8.96983457740394,3.13546789367961,-8.96983457740394,3.13546789367961,-2.86076428831725,0.00422621137415737,258280,1,"SEZ6","Body",0.00509556652394969
"chr1",247694271,247694275,2,-7.45329759762665,2.60597801410688,-7.45329759762665,2.60597801410688,-2.86007692976682,0.00423538251622073,258280,1,"LOC148824;OR2C3","TSS200;3'UTR",0.0299052997126208
"chr15",33359788,33360195,2,-9.11203447922318,3.18688988127237,-9.11203447922318,3.18688988127237,-2.85922476730988,0.00424677762903046,258280,1,"FMN1","TSS200;1stExon",-0.023342003373601
"chr20",62178744,62178943,2,-10.2880229714384,3.59872939225741,-10.2880229714384,3.59872939225741,-2.85879316004502,0.00425255968105643,258280,1,"SRMS","TSS200;1stExon",-0.0202145249170484
"chr20",57042304,57042544,2,-12.6391316452784,4.42126652965323,-12.6391316452784,4.42126652965323,-2.85871289606911,0.00425363572910234,258280,1,"APCDD1L","Body",-0.0280660332103128
"chr6",32055137,32055316,3,-9.32688216329394,3.26395206871106,-9.32688216329394,3.26395206871106,-2.85754262530489,0.00426935287688313,258280,1,"TNXB","Body",-0.0355009133898034
"chr12",7781004,7781169,3,18.6881693153548,6.54108372441928,18.6881693153548,6.54108372441928,2.85704481133422,0.00427605464560116,258280,1,"","",0.0813278176747848
"chr22",24890809,24890811,2,-13.6626599407701,4.78485142215983,-13.6626599407701,4.78485142215983,-2.85539899473052,0.0042982792422166,258280,1,"C22orf45;UPB1","TSS200;TSS1500",-0.0258046544523053
"chr11",7110083,7110194,3,-7.35704232320408,2.57867884846549,-7.35704232320408,2.57867884846549,-2.85302775395318,0.00433048392791025,258280,1,"RBMXL2","TSS200;5'UTR;1stExon",-0.0281992193655197
"chr13",112225387,112225526,3,-23.020407074013,8.07326696432737,-23.020407074013,8.07326696432737,-2.85143637337043,0.00435221955547056,258280,1,"","",-0.0096810064296576
"chr15",100672282,100672325,2,-7.83354964143127,2.74727450365681,-7.83354964143127,2.74727450365681,-2.85138948838359,0.00435286142405782,258280,1,"ADAMTS17","Body",-0.032273745228607
"chr1",11761078,11761697,5,-6.30288977957977,2.21157854309323,-6.30288977957977,2.21157854309323,-2.84995068308278,0.00437260084479994,258280,1,"C1orf187","5'UTR",-0.00920835143086446
"chr1",19181040,19181390,4,-15.0165293274494,5.28298767297495,-15.0165293274494,5.28298767297495,-2.84243126370828,0.00447708840787195,258280,1,"TAS1R2","Body",-0.0163916068038433
"chr12",10163030,10163532,3,7.36358893453339,2.60487620401076,7.36358893453339,2.60487620401076,2.82684794125555,0.00470086440519528,258280,1,"CLEC12B","TSS200;5'UTR;1stExon;Body",0.00987611666119666
"chr1",3351390,3351615,2,-20.9798580136356,7.42365082805518,-20.9798580136356,7.42365082805518,-2.82608362106005,0.00471209611731808,258280,1,"PRDM16","3'UTR",-0.00837415613632592
"chr11",17743667,17743761,2,-9.72769408318088,3.44382304422307,-9.72769408318088,3.44382304422307,-2.82467884042383,0.00473280279229155,258280,1,"MYOD1","3'UTR",-0.0276573498037574
"chr13",114826738,114826808,2,-6.29848110533761,2.23875261296428,-6.29848110533761,2.23875261296428,-2.81338861152593,0.00490223669578055,258280,1,"RASA3","Body",0.00855341559276507
"chr19",54496353,54496611,2,-8.3501681878312,2.96971110075979,-8.3501681878312,2.96971110075979,-2.81177794893747,0.00492685026682182,258280,1,"CACNG6","Body;1stExon",-0.0251646390845687
"chr17",72438885,72439044,2,-9.20266684872386,3.27407104995005,-9.20266684872386,3.27407104995005,-2.81077188256628,0.00494228127397042,258280,1,"GPRC5C","Body",-0.0117665756828069
"chr3",145879626,145879686,3,11.8518961180194,4.21676624929111,11.8518961180194,4.21676624929111,2.81065997433742,0.00494400041675571,258280,1,"PLOD2","TSS1500",0.0110353370664362
"chr20",54824490,54824583,2,-8.76095682429965,3.11765488631569,-8.76095682429965,3.11765488631569,-2.81011117130189,0.00495243900316537,258280,1,"MC3R","1stExon",-0.0283423477467293
"chr16",3345146,3345604,3,-5.6363429336816,2.00886065492229,-5.6363429336816,2.00886065492229,-2.80574111493045,0.00502010073103229,258280,1,"","",-0.00850315044899663
"chr11",396686,396794,2,-10.5119315560903,3.74790523656432,-10.5119315560903,3.74790523656432,-2.80474849084672,0.00503558557525434,258280,1,"PKP3","Body",-0.0949200326192406
"chr11",2349510,2349553,2,5.34180551708308,1.91205462035033,5.34180551708308,1.91205462035033,2.79375152792672,0.00521004936293364,258280,1,"","",-0.0290590147228779
"chr22",35795952,35796189,3,-16.5020869248284,5.91286199277325,-16.5020869248284,5.91286199277325,-2.79087977108166,0.00525649938323669,258280,1,"MCM5","TSS200;1stExon;5'UTR",-0.00674559382391856
"chr5",126565346,126565698,3,-19.6022637217917,7.02623038237587,-19.6022637217917,7.02623038237587,-2.78986919799281,0.00527293395117677,258280,1,"","",-0.00569748366424891
"chr6",33288656,33288680,2,-14.2946219124941,5.1271443727471,-14.2946219124941,5.1271443727471,-2.78802796903398,0.00530299652622089,258280,1,"DAXX","Body",-0.0180677986602806
"chr17",7461556,7461775,3,-5.90279970518777,2.11898369804702,-5.90279970518777,2.11898369804702,-2.78567490190139,0.00534164142053263,258280,1,"TNFSF12-TNFSF13;TNFSF13","Body;TSS200;5'UTR;1stExon",-0.0300636249187766
"chr1",228566824,228566997,2,-6.86230435062987,2.46685188404417,-6.86230435062987,2.46685188404417,-2.78180639665312,0.00540572770212446,258280,1,"","",-0.00353828762865471
"chr20",37230612,37230741,2,-9.58511496946777,3.45745817167654,-9.58511496946777,3.45745817167654,-2.77230106440301,0.00556615300217073,258280,1,"C20orf95","1stExon;Body",-0.0208295009791274
"chr11",31846819,31847173,4,-6.28077879723743,2.26649736427253,-6.28077879723743,2.26649736427253,-2.77113880485511,0.00558606086162135,258280,1,"","",0.0128202723763391
"chr19",50666379,50666552,4,-8.95762864935123,3.23906241514802,-8.95762864935123,3.23906241514802,-2.7655004755263,0.00568355221991604,258280,1,"C19orf41","TSS200;1stExon;5'UTR",0.00552016892939712
"chr22",38506623,38506712,2,-7.58937695974425,2.74464621819411,-7.58937695974425,2.74464621819411,-2.76515672928433,0.00568954521473466,258280,1,"BAIAP2L2","1stExon;5'UTR;TSS200",-0.00164188943020316
"chr13",81229358,81229444,2,-4.96346652000437,1.80201726331029,-4.96346652000437,1.80201726331029,-2.75439454497041,0.00588008358829765,258280,1,"","",-0.0149769541307957
"chr12",39299364,39299501,2,-37.4219226681289,13.5897029666855,-37.4219226681289,13.5897029666855,-2.75369688063579,0.00589263160947357,258280,1,"CPNE8","5'UTR;1stExon;TSS200",-0.00343560078234854
"chr1",18152403,18152639,2,-7.87887735989764,2.86175418794361,-7.87887735989764,2.86175418794361,-2.75316356418411,0.00590223998046191,258280,1,"ACTL8","Body",-0.0253927516276042
"chr19",33622961,33623072,2,-14.5494162265473,5.28893638333321,-14.5494162265473,5.28893638333321,-2.75091533949931,0.00594290001323959,258280,1,"WDR88","1stExon;5'UTR;TSS200",-0.0128491893491079
"chr6",29768219,29768230,2,-23.3740773951528,8.50378467500418,-23.3740773951528,8.50378467500418,-2.74866759783535,0.00598380347725753,258280,1,"","",-0.00565642949602657
"chr6",1604134,1604212,3,-8.16423270707953,2.97377498805242,-8.16423270707953,2.97377498805242,-2.74541037566075,0.00604352723905537,258280,1,"","",-0.0227872285168567
"chr12",133481390,133481466,2,-10.7362786721056,3.91415192060598,-10.7362786721056,3.91415192060598,-2.74293867225354,0.00608920567069992,258280,1,"","",0.010220420695108
"chr22",50845326,50845380,2,-7.73526861083903,2.8204193840721,-7.73526861083903,2.8204193840721,-2.74259518088793,0.00609557812985404,258280,1,"SAPS2","Body",-0.0250575370507666
"chr7",101847096,101847575,2,-2.52280076090033,0.920701924561252,-2.52280076090033,0.920701924561252,-2.74008416144295,0.00614234536554334,258280,1,"CUX1","Body",0.0534889969798908
"chr5",3605905,3605954,2,-16.5490538142336,6.07168261349481,-16.5490538142336,6.07168261349481,-2.72561246489597,0.00641823066527393,258280,1,"","",-0.0174872117276806
"chr6",32084515,32084518,2,-8.3835363602131,3.07583637689079,-8.3835363602131,3.07583637689079,-2.72561194190948,0.00641824083365848,258280,1,"ATF6B","Body",0.00402672447656915
"chr10",1975562,1975591,2,-3.96444445447004,1.45622631257404,-3.96444445447004,1.45622631257404,-2.72240957345596,0.00648077668685829,258280,1,"","",0.0201624862849231
"chr15",84048206,84048308,2,-16.652084783834,6.13026776088336,-16.652084783834,6.13026776088336,-2.71637152459951,0.00660018061323589,258280,1,"","",-0.0259386980281653
"chr15",45314789,45314915,2,-20.3539486256725,7.49439836036158,-20.3539486256725,7.49439836036158,-2.71588827374403,0.00660982198871663,258280,1,"SORD","TSS1500",-0.00524351286929359
"chr11",62677251,62677384,2,-5.50760950580165,2.02838561926208,-5.50760950580165,2.02838561926208,-2.71526747848138,0.00662222610637737,258280,1,"CHRM1","Body",-0.000444410298721887
"chr15",40544855,40545143,3,-5.42520455631852,1.99863504888372,-5.42520455631852,1.99863504888372,-2.71445482723253,0.00663849533212417,258280,1,"PAK6;C15orf56","5'UTR;TSS200;Body;1stExon",-0.0263058848993751
"chr1",48176281,48176518,2,-10.0462445241856,3.70125523680071,-10.0462445241856,3.70125523680071,-2.71428039447217,0.00664199214599725,258280,1,"","",0.0187736209773034
"chr6",35149727,35150136,3,-7.69550472802835,2.83600636256572,-7.69550472802835,2.83600636256572,-2.71350051593899,0.0066576464561485,258280,1,"","",-0.035282640812957
"chr3",113160430,113160437,2,-18.8584926275085,6.95849915561023,-18.8584926275085,6.95849915561023,-2.71013794868453,0.0067255229571013,258280,1,"WDR52","TSS200",-0.00930723699250566
"chr8",48172764,48172889,2,-20.8402443510454,7.69399404916795,-20.8402443510454,7.69399404916795,-2.708637960709,0.00675600171772426,258280,1,"KIAA0146","TSS1500",-0.00359975987329492
"chr1",43920261,43920264,2,-28.1556602687079,10.4001074350519,-28.1556602687079,10.4001074350519,-2.70724705918072,0.00678437478150426,258280,1,"HYI","TSS1500",0.00132028555105703
"chr3",181421548,181421703,2,8.97416940905256,3.3179428638227,8.97416940905256,3.3179428638227,2.70473898357405,0.00683580789703805,258280,1,"SOX2OT","Body",0.0318505401950466
"chr7",42896343,42896801,3,-10.6681840672592,3.94508528165071,-10.6681840672592,3.94508528165071,-2.70417071004241,0.00684751005885826,258280,1,"","",-0.0281741441114334
"chr12",58131768,58132105,3,20.4049049666063,7.54741841765268,20.4049049666063,7.54741841765268,2.70356085186442,0.00686008857259664,258280,1,"AGAP2","TSS200;Body;1stExon",0.0153105160357355
"chr3",48959341,48959375,2,-8.36421732241535,3.09461906764837,-8.36421732241535,3.09461906764837,-2.70282614421148,0.00687526971329985,258280,1,"ARIH2","5'UTR",0.0123856195488064
"chr4",1994761,1995036,5,-5.89228978493176,2.18041721705626,-5.89228978493176,2.18041721705626,-2.70236803252124,0.00688475086893227,258280,1,"WHSC2","Body",0.0047998762404775
"chr7",645309,645500,3,-5.5933832787494,2.07168129655482,-5.5933832787494,2.07168129655482,-2.69992459170777,0.00693551941588205,258280,1,"PRKAR1B","Body",-0.013965603343084
"chr1",175162347,175162550,4,3.50855991590068,1.29962244433787,3.50855991590068,1.29962244433787,2.69967630305755,0.0069406970044331,258280,1,"KIAA0040","TSS200;TSS1500",-0.0144296621262948
"chr6",170451326,170451590,2,-13.1361767885835,4.87355514552374,-13.1361767885835,4.87355514552374,-2.69539923040551,0.00703043394653591,258280,1,"","",-0.0145372388192767
"chr1",201252200,201252324,2,-5.43743126596824,2.01897231492639,-5.43743126596824,2.01897231492639,-2.69316781897848,0.00707766339855117,258280,1,"PKP1","TSS1500",-0.0370814666120989
"chr5",134662888,134662980,2,-10.3108616428671,3.8339029412225,-10.3108616428671,3.8339029412225,-2.68939036823381,0.00715826555742447,258280,1,"","",-0.0138117088935267
"chr2",223171473,223171797,2,-17.7056182140641,6.59381016615713,-17.7056182140641,6.59381016615713,-2.68518773939513,0.007248907542665,258280,1,"","",0.000319875992509808
"chr8",13424080,13424483,3,-22.7113114725087,8.45979665555642,-22.7113114725087,8.45979665555642,-2.68461671092199,0.00726130260043464,258280,1,"C8orf48","TSS1500;1stExon;5'UTR",-0.00488735065362435
"chr14",104686088,104686119,2,-7.1155508416684,2.65177994081662,-7.1155508416684,2.65177994081662,-2.68331121000831,0.00728971199557811,258280,1,"","",-0.0612395505569597
"chr1",156215507,156215655,2,-16.3971813896718,6.11544635559434,-16.3971813896718,6.11544635559434,-2.68127303163601,0.00733426483742996,258280,1,"PAQR6","Body;5'UTR",-0.00466007398095935
"chr5",140562819,140562988,2,-7.09446662231437,2.64792474211159,-7.09446662231437,2.64792474211159,-2.67925538422096,0.00737860935349248,258280,1,"PCDHB16","1stExon",0.000814017373536036
"chr22",24128528,24128767,2,-10.1797655878746,3.80137360569769,-10.1797655878746,3.80137360569769,-2.67791768023449,0.0074081422914918,258280,1,"SMARCB1","TSS1500",-0.0187046272190094
"chr11",115860954,115861018,3,-9.06095033311088,3.39071414827458,-9.06095033311088,3.39071414827458,-2.67228375406452,0.00753369136544746,258280,1,"","",0.0135629178159231
"chr4",169799087,169799308,2,-4.25732221105218,1.59341987979059,-4.25732221105218,1.59341987979059,-2.67181441944335,0.00754423583526641,258280,1,"PALLD","Body",-0.0320607314474853
"chr13",30088640,30088729,2,-8.94589511305138,3.35277421328923,-8.94589511305138,3.35277421328923,-2.66820684721118,0.00762572938665999,258280,1,"SLC7A1","Body",0.00363501469501976
"chr17",56024688,56024804,2,7.99385473389497,2.99936065728574,7.99385473389497,2.99936065728574,2.66518623376523,0.00769456979951892,258280,1,"","",-0.0225675089089128
"chr18",14747888,14748198,2,-10.1326067646296,3.80343768830379,-10.1326067646296,3.80343768830379,-2.66406540477554,0.00772025506367121,258280,1,"ANKRD30B","TSS1500;TSS200",-0.0466290386973256
"chr17",40575582,40575822,2,-6.88812631015012,2.58713795969219,-6.88812631015012,2.58713795969219,-2.66245032830397,0.00775740179060029,258280,1,"PTRF","TSS1500",-0.0150504819385628
"chr6",29760609,29760823,2,-17.5472446902636,6.59768898311374,-17.5472446902636,6.59768898311374,-2.65960470934208,0.00782324082269037,258280,1,"HCG4","Body",0.000534946969466724
"chr17",74511493,74511719,2,-6.15040275138021,2.31465647130887,-6.15040275138021,2.31465647130887,-2.65715574972659,0.00788030268640776,258280,1,"","",-0.056616690636011
"chr11",73087016,73087168,2,-4.66082180011903,1.75600480928092,-4.66082180011903,1.75600480928092,-2.6542192683559,0.00794921535842361,258280,1,"RELT","TSS1500",-0.00849849973814637
"chr16",86767299,86767628,3,-6.07178162699362,2.28820655671029,-6.07178162699362,2.28820655671029,-2.65351115666888,0.00796591371526412,258280,1,"","",-0.0220734325105718
"chr5",42756876,42757171,2,-7.75867074944405,2.93349217945067,-7.75867074944405,2.93349217945067,-2.64485816727043,0.00817251646607974,258280,1,"CCDC152","TSS200;5'UTR",-0.026048239855597
"chr3",48632568,48632582,2,-13.8456521236605,5.23860565339486,-13.8456521236605,5.23860565339486,-2.64300331800846,0.00821742300115539,258280,1,"COL7A1","1stExon",-0.0170839836353503
"chr12",131142648,131142708,2,-10.8755848821668,4.11766787627375,-10.8755848821668,4.11766787627375,-2.64120011835645,0.00826129062996415,258280,1,"","",-0.0160215540819613
"chr7",95402431,95402528,2,-28.181271993351,10.6770688058658,-28.181271993351,10.6770688058658,-2.639420285263,0.00830479517106578,258280,1,"DYNC1I1","5'UTR",-0.00120616501135436
"chr12",124990897,124991139,4,-3.32072259602149,1.25820312374165,-3.32072259602149,1.25820312374165,-2.63925794918258,0.00830877334109869,258280,1,"NCOR2","5'UTR",-0.013667801593806
"chr7",94285329,94285343,2,-12.4604007617696,4.72998093865275,-12.4604007617696,4.72998093865275,-2.63434481520738,0.00842998292811041,258280,1,"SGCE;PEG10","1stExon;TSS1500",0.000844726263765763
"chr8",101225361,101225800,2,-15.8738076548177,6.03749466309961,-15.8738076548177,6.03749466309961,-2.62920442014407,0.00855848969569561,258280,1,"SPAG1","Body",-0.0210116587728241
"chr17",62097951,62097953,2,-13.1342797113434,4.99831145636788,-13.1342797113434,4.99831145636788,-2.62774335413018,0.00859533371400345,258280,1,"ICAM2","5'UTR;1stExon",-0.0166435010662904
"chr8",144120335,144120399,2,6.90117551114745,2.62667556015009,6.90117551114745,2.62667556015009,2.62734218715353,0.00860547480841448,258280,1,"C8orf31","TSS1500",0.0117198429352059
"chr17",8905775,8905866,2,-4.61564553715036,1.75729759873231,-4.61564553715036,1.75729759873231,-2.62655883697789,0.00862530794533892,258280,1,"","",0.02580848692662
"chr4",42348136,42348211,2,-11.730923943314,4.46646369779035,-11.730923943314,4.46646369779035,-2.62644560373736,0.00862817820201706,258280,1,"","",-0.00209781379157398
"chr12",1608961,1609346,2,-13.885747780424,5.29026405469695,-13.885747780424,5.29026405469695,-2.62477404470871,0.00867064862394515,258280,1,"LOC100292680","TSS1500",-0.0164540583079834
"chr2",241611931,241611991,2,-9.05878189891128,3.45199258678095,-9.05878189891128,3.45199258678095,-2.62421823662106,0.00868481174950473,258280,1,"","",-0.0478026516775373
"chr13",112996967,112997365,2,-15.830158270226,6.03836399438777,-15.830158270226,6.03836399438777,-2.6215972215221,0.00875187960106456,258280,1,"","",-0.0601450951112351
"chr8",145162300,145162592,4,-7.89940729790337,3.01335657066678,-7.89940729790337,3.01335657066678,-2.6214645073203,0.00875528783610058,258280,1,"KIAA1875;MAF1","TSS200;3'UTR;TSS1500",-0.0147560283735909
"chr5",60240670,60240938,3,-14.985692739702,5.71884787111722,-14.985692739702,5.71884787111722,-2.62040415787008,0.00878256130343879,258280,1,"NDUFAF2;ERCC8","TSS200;Body;TSS1500;1stExon",-0.00581370163261543
"chr18",77171832,77171872,2,-13.6661070445879,5.22978383130805,-13.6661070445879,5.22978383130805,-2.61313038653259,0.00897170674458561,258280,1,"NFATC1","Body;5'UTR",-0.0601984147090923
"chr20",62570072,62570397,2,-6.98453288396275,2.6730417316664,-6.98453288396275,2.6730417316664,-2.61295317660773,0.00897635992071421,258280,1,"","",-0.00531086888186572
"chr8",11470690,11471054,2,-8.52294304679248,3.26875383726103,-8.52294304679248,3.26875383726103,-2.60739825362134,0.00912331799357635,258280,1,"","",-0.0159756014180799
"chr13",36728963,36729109,2,27.7575769195886,10.6519034637308,27.7575769195886,10.6519034637308,2.6058795044568,0.00916386931787316,258280,1,"","",0.0119980957095249
"chr7",151442481,151442967,2,-14.1431633627077,5.4359172537792,-14.1431633627077,5.4359172537792,-2.60179886897193,0.00927362221112594,258280,1,"PRKAG2","Body",-0.0252081510165961
"chr16",50707467,50707795,2,-10.8829730573498,4.18608637805752,-10.8829730573498,4.18608637805752,-2.5997965819329,0.00932790355167713,258280,1,"SNX20","Body",-0.00859064575063009
"chr18",74692116,74692145,2,6.05885151016709,2.33079084845571,6.05885151016709,2.33079084845571,2.59948313860141,0.00933642651043231,258280,1,"MBP","3'UTR",-0.025354061659858
"chr6",32920962,32921142,3,-7.22986534017188,2.78411835554941,-7.22986534017188,2.78411835554941,-2.5968239912506,0.00940901237309431,258280,1,"HLA-DMA","TSS200;TSS1500",-0.0356369411502863
"chr5",78365801,78366076,2,-6.14225133040638,2.36635099861212,-6.14225133040638,2.36635099861212,-2.59566367542637,0.00944084257096069,258280,1,"BHMT2;DMGDH","Body;TSS1500",-0.0115413052353686
"chr13",110522020,110522297,4,-8.57177683784069,3.30454011038414,-8.57177683784069,3.30454011038414,-2.59393941411238,0.00948832054234566,258280,1,"","",0.00154546414762543
"chr5",1855960,1856259,2,-16.8939677880512,6.52883881639607,-16.8939677880512,6.52883881639607,-2.58759149416048,0.00966495243956522,258280,1,"","",-0.0416346299323684
"chr20",20257861,20258001,2,-7.73474262750244,2.99513462596352,-7.73474262750244,2.99513462596352,-2.58243571439271,0.00981056376585554,258280,1,"C20orf26","Body",-0.0427647973411309
"chr2",66673428,66673449,2,-7.55701253785478,2.93235529453417,-7.55701253785478,2.93235529453417,-2.57711354143914,0.00996292187106488,258280,1,"MEIS1","Body",-0.0284745972954328
"chr17",77773337,77773808,2,-21.0151482756451,8.15663170052378,-21.0151482756451,8.15663170052378,-2.57644932948188,0.00998208348070089,258280,1,"","",-0.00547306405612674
"chr1",76262302,76262373,2,-8.67343677108734,3.36694773560722,-8.67343677108734,3.36694773560722,-2.57605328391684,0.00999352447108708,258280,1,"MSH4","TSS1500",-0.000644579548550572
"chr19",12624679,12624694,2,-10.9524015006479,4.25648195113009,-10.9524015006479,4.25648195113009,-2.57311122809766,0.010078881060853,258280,1,"ZNF709","TSS200",-0.00990491768118472
"chr3",113160183,113160313,2,-9.71304302925044,3.77920691582341,-9.71304302925044,3.77920691582341,-2.57012734301005,0.010166113764804,258280,1,"WDR52","5'UTR;1stExon",0.000567476799423303
"chr6",160211790,160212014,2,-37.5176721557291,14.6104744798716,-37.5176721557291,14.6104744798716,-2.56786131124051,0.0102328087243222,258280,1,"TCP1;MRPL18","TSS1500;Body",-0.00541399860528444
"chr4",184319704,184319743,2,-27.0070879359363,10.5319883639867,-27.0070879359363,10.5319883639867,-2.56429147114186,0.0103386683228097,258280,1,"","",-0.00242529008477593
"chr17",60758021,60758287,2,-10.6515509551985,4.15610707125104,-10.6515509551985,4.15610707125104,-2.56286731130635,0.0103811714137118,258280,1,"MRC2","Body",-0.0408033002276539
"chr1",154965483,154965544,2,-9.07192036098837,3.54070030195669,-9.07192036098837,3.54070030195669,-2.56218250270292,0.0104016643692497,258280,1,"FLAD1;LENEP","3'UTR;TSS1500;Body",-0.0106890124074177
"chr7",154585989,154586335,2,-9.37829322755261,3.66240009358394,-9.37829322755261,3.66240009358394,-2.56069598839903,0.0104462723560824,258280,1,"DPP6","Body",-0.0401914524733975
"chr1",4714008,4714033,2,-12.1886447391721,4.76593565599292,-12.1886447391721,4.76593565599292,-2.5574505446471,0.0105442550097975,258280,1,"AJAP1","TSS1500",0.00243415428716899
"chr19",49133598,49133647,2,-6.67402720269169,2.60969895103432,-6.67402720269169,2.60969895103432,-2.55739352619448,0.0105459837273942,258280,1,"SPHK2","3'UTR",0.0151759114475573
"chr17",79881523,79881543,3,-6.47249586672538,2.53865992863118,-6.47249586672538,2.53865992863118,-2.54957184053214,0.010785528700919,258280,1,"MAFG","5'UTR;TSS200",-0.0107207342795702
"chr15",89954659,89954845,2,-15.2971183847449,6.00042249204576,-15.2971183847449,6.00042249204576,-2.54934021813014,0.0107926954640395,258280,1,"","",-0.0058492809886094
"chr19",52390810,52391090,2,-12.5330744091672,4.92201798784251,-12.5330744091672,4.92201798784251,-2.54632844498417,0.0108862706369534,258280,1,"ZNF577","Body;5'UTR;1stExon",0.0148413748287863
"chr12",132886849,132887175,3,-6.68432681143453,2.62682098188091,-6.68432681143453,2.62682098188091,-2.54464497487312,0.0109388892797947,258280,1,"GALNT9","Body",0.00525296087040541
"chr10",135340850,135341025,3,-7.1940170974688,2.82762954057526,-7.1940170974688,2.82762954057526,-2.54418656837388,0.0109532563562159,258280,1,"CYP2E1","TSS200;5'UTR;1stExon",-0.0124472881520168
"chr22",32438947,32439259,4,-6.17524896222347,2.42758437904262,-6.17524896222347,2.42758437904262,-2.54378344807889,0.0109659045426439,258280,1,"SLC5A1","5'UTR;1stExon;TSS200",-0.0278496892839398
"chr1",74663583,74663636,2,-27.8256313651221,10.9405744881951,-27.8256313651221,10.9405744881951,-2.54334280116149,0.0109797449989686,258280,1,"LRRIQ3;TNNI3K;FPGT","5'UTR;TSS1500",-0.0022645124405963
"chr15",52404232,52404463,2,-10.1906383412032,4.0077760472878,-10.1906383412032,4.0077760472878,-2.54271651433705,0.0109994430021405,258280,1,"BCL2L10","1stExon;Body",-0.012103053690667
"chr11",281699,281888,2,-7.26167095836369,2.8614163542051,-7.26167095836369,2.8614163542051,-2.5377890035793,0.0111555218549791,258280,1,"NLRP6","Body",-0.0248255931753735
"chr11",61355200,61355317,2,-31.1098425772811,12.2895653634953,-31.1098425772811,12.2895653634953,-2.53140299572263,0.0113607236840778,258280,1,"","",-0.0037485373614985
"chr12",117470875,117471086,2,-4.44894240471195,1.75859714911495,-4.44894240471195,1.75859714911495,-2.52982464287001,0.0114119545981846,258280,1,"","",-0.0406808466539347
"chr1",175162128,175162136,2,11.6520566036726,4.60681953775339,11.6520566036726,4.60681953775339,2.52930606640498,0.0114288314970619,258280,1,"KIAA0040","1stExon;5'UTR;TSS200",-0.00468626729102128
"chr2",42329494,42329535,2,-8.73850281895544,3.46228942615626,-8.73850281895544,3.46228942615626,-2.52390881967851,0.0116058026662491,258280,1,"","",-0.0234885312407668
"chr12",133183595,133183688,2,-8.26875988159039,3.28396671906985,-8.26875988159039,3.28396671906985,-2.51791829483961,0.0118050702133117,258280,1,"","",0.00184675722995165
"chr2",3469390,3469529,2,-6.12931397281814,2.437816720763,-6.12931397281814,2.437816720763,-2.51426365264233,0.0119281223564218,258280,1,"TTC15","Body",-0.0185448147592105
"chr17",80186273,80186275,2,-6.77336215121498,2.69528636504227,-6.77336215121498,2.69528636504227,-2.51303989033045,0.0119695799730647,258280,1,"SLC16A3","TSS200;TSS1500",-0.0114559723355149
"chr17",773137,773283,2,-3.36999249419582,1.34247935873004,-3.36999249419582,1.34247935873004,-2.51027509084666,0.012063714232491,258280,1,"NXN","Body",-0.0194431129314318
"chr10",45470440,45470493,2,-24.6473380758173,9.85029538934665,-24.6473380758173,9.85029538934665,-2.50219278728169,0.0123426693636444,258280,1,"RASSF4","Body",-0.0183124402008685
"chr11",1320497,1320546,2,-9.41570521510134,3.76982423839071,-9.41570521510134,3.76982423839071,-2.49765098309219,0.0125019213956194,258280,1,"TOLLIP","Body",8.56680579270214e-05
"chr19",18385502,18385672,2,-4.00194898746767,1.60233398178251,-4.00194898746767,1.60233398178251,-2.49757480835282,0.0125046077995315,258280,1,"KIAA1683","TSS200;TSS1500",-0.0281396922905822
"chr6",152958864,152959047,2,7.21002115726665,2.89038411491851,7.21002115726665,2.89038411491851,2.49448546304024,0.0126139893226201,258280,1,"SYNE1","TSS1500",0.0181988439488853
"chr8",97167170,97167470,2,-8.07291514700998,3.23760263909519,-8.07291514700998,3.23760263909519,-2.49348547271574,0.0126495760489097,258280,1,"GDF6","Body",0.00704932826984346
"chr6",33288569,33288599,3,-10.8506527943557,4.3575866919309,-10.8506527943557,4.3575866919309,-2.49006010929129,0.0127721492274292,258280,1,"DAXX","Body",-0.00745181070681385
"chr12",77273319,77273469,2,-10.1742522613478,4.08788134312231,-10.1742522613478,4.08788134312231,-2.48888150299801,0.0128145668716463,258280,1,"CSRP2","TSS1500",-0.0224715043659604
"chr2",98340655,98340921,2,-7.82501617095038,3.15504766001702,-7.82501617095038,3.15504766001702,-2.48015783410009,0.0131324237558623,258280,1,"ZAP70","Body",-0.0409730575499872
"chr5",135529293,135529341,2,-5.18016391025513,2.08925571058416,-5.18016391025513,2.08925571058416,-2.47943029855678,0.0131592446793448,258280,1,"LOC389332","TSS1500",-0.0157973306480718
"chr10",640061,640085,2,-8.07279334274548,3.25771008823875,-8.07279334274548,3.25771008823875,-2.47805763069297,0.0132099806277661,258280,1,"DIP2C","Body",-0.0185675760021757
"chr6",118241348,118241486,2,-12.6469797928928,5.11168751272133,-12.6469797928928,5.11168751272133,-2.47413007180478,0.0133561059944239,258280,1,"SLC35F1","Body",-0.0124435326995399
"chr11",15963106,15963167,2,-6.22489738239822,2.51663977385647,-6.22489738239822,2.51663977385647,-2.47349559005787,0.0133798455410389,258280,1,"","",-0.0159405827740207
"chr6",31430641,31430860,4,-9.08985203257146,3.67628140862453,-9.08985203257146,3.67628140862453,-2.47256698337802,0.0134146571954522,258280,1,"HCP5","TSS1500;TSS200",-0.01865483650458
"chr7",150069577,150069707,2,-14.4845388019254,5.86633968018059,-14.4845388019254,5.86633968018059,-2.46909309579555,0.0135455973336747,258280,1,"REPIN1","Body;1stExon",-0.0201101802884465
"chr22",31030853,31031044,2,-7.62132603442593,3.09997918789476,-7.62132603442593,3.09997918789476,-2.45850877457074,0.0139515367167647,258280,1,"SLC35E4","TSS1500",-0.0327235089773715
"chr19",10172712,10172825,2,-7.66048891952428,3.11671513753257,-7.66048891952428,3.11671513753257,-2.45787265806682,0.0139762722217999,258280,1,"C3P1","Body",-0.0221736680887261
"chr7",2150845,2151298,4,-5.78413390793278,2.35632547797954,-5.78413390793278,2.35632547797954,-2.45472620908571,0.0140991926300245,258280,1,"MAD1L1","Body",0.0081942014389903
"chr5",112042851,112042859,2,7.99216376600907,3.26281427883679,7.99216376600907,3.26281427883679,2.44946940984282,0.0143066861680415,258280,1,"APC","TSS1500",0.00437403052123148
"chr19",38281183,38281219,2,-8.48860986110426,3.47382762847186,-8.48860986110426,3.47382762847186,-2.44358982913565,0.0145419489166995,258280,1,"","",-0.0293979789871814
"chr6",29760864,29761288,3,-6.56476936988216,2.68739849540125,-6.56476936988216,2.68739849540125,-2.44279714419576,0.0145739265727977,258280,1,"HCG4","TSS200;TSS1500",0.00494177076597783
"chr17",19628012,19628087,2,-7.30264943457826,2.99032267226925,-7.30264943457826,2.99032267226925,-2.44209412659689,0.0146023388212045,258280,1,"","",-0.0313699492785489
"chr3",11610142,11610338,4,-7.84658003676679,3.21601374840217,-7.84658003676679,3.21601374840217,-2.43984654626096,0.0146935020032224,258280,1,"VGLL4","Body;1stExon;5'UTR",-0.00992881116776462
"chr2",220196620,220196714,2,-8.18196283390526,3.35575309486614,-8.18196283390526,3.35575309486614,-2.43818976027246,0.0147610230457508,258280,1,"RESP18","Body",-0.0377780390534425
"chr7",50518350,50518647,4,-7.50902324190616,3.08217383430574,-7.50902324190616,3.08217383430574,-2.43627505961148,0.0148393956999889,258280,1,"FIGNL1","TSS1500",-0.0131133346317877
"chr10",11783848,11783974,2,-8.08024148190673,3.3278979579133,-8.08024148190673,3.3278979579133,-2.4280316235938,0.0151810195078611,258280,1,"ECHDC3","TSS1500",-0.0144127388358974
"chr19",940967,941126,2,-6.43730690217517,2.65764341007892,-6.43730690217517,2.65764341007892,-2.42218609079087,0.0154274480686897,258280,1,"ARID3A","Body",-0.0550551950795422
"chr16",89976287,89976526,2,-6.74613138256858,2.78603947790434,-6.74613138256858,2.78603947790434,-2.42140552424728,0.0154606192444284,258280,1,"TCF25","Body",-0.0381271698604538
"chr19",13112283,13112449,2,-6.09721195655268,2.52369914597823,-6.09721195655268,2.52369914597823,-2.41598209765582,0.0156928328874412,258280,1,"NFIX","Body",-0.0205292425423334
"chr1",12805849,12806027,2,6.31250701120768,2.61322984107019,6.31250701120768,2.61322984107019,2.41559579337366,0.0157094896437335,258280,1,"C1orf158","TSS200;TSS1500",-0.00194188298538331
"chr8",2585976,2586225,2,-9.11123922667746,3.77858519122457,-9.11123922667746,3.77858519122457,-2.41128326227433,0.0158964969115799,258280,1,"","",-0.0629457160339902
"chr19",44039727,44039755,2,-16.6801577149376,6.93091423294366,-16.6801577149376,6.93091423294366,-2.40663167286855,0.0161003988501857,258280,1,"ZNF575","Body",-0.00301914607596801
"chr7",2123294,2123446,2,-20.6618200702278,8.60397153987494,-20.6618200702278,8.60397153987494,-2.40142822119657,0.0163312126937368,258280,1,"MAD1L1","Body",-0.00289661640009914
"chr10",574670,574732,2,-9.13427068703236,3.80571926480202,-9.13427068703236,3.80571926480202,-2.40014306139513,0.0163886653636073,258280,1,"DIP2C","Body",-0.0115715934781691
"chr19",49633674,49633795,2,-4.81554864604184,2.00910189527201,-4.81554864604184,2.00910189527201,-2.39686630995381,0.0165359557721798,258280,1,"PPFIA3","Body",0.0101506111210345
"chr11",60466740,60467228,2,6.43497089666419,2.68480478666911,6.43497089666419,2.68480478666911,2.39681146600149,0.0165384308757525,258280,1,"MS4A8B","1stExon;5'UTR;TSS1500",-0.0068344616921785
"chr17",78806870,78806891,2,-16.7072584126149,6.977002968266,-16.7072584126149,6.977002968266,-2.39461821767967,0.0166376790745662,258280,1,"RPTOR","Body",-0.0159386150918056
"chr11",132107419,132107534,2,-14.6160531694461,6.10562960128813,-14.6160531694461,6.10562960128813,-2.39386502685366,0.0166718826746113,258280,1,"NTM","Body",0.00822918146113333
"chr2",240196769,240197131,4,-9.3307698853687,3.90555150693008,-9.3307698853687,3.90555150693008,-2.38910429648976,0.0168895069424365,258280,1,"HDAC4","Body",-0.0224799767423343
"chr10",133484857,133484920,2,-9.62384624181557,4.04219279709993,-9.62384624181557,4.04219279709993,-2.38084790233662,0.0172728421008239,258280,1,"","",-0.0383919038614521
"chr7",22602834,22602895,2,7.53475711816541,3.16564369126454,7.53475711816541,3.16564369126454,2.38016588504804,0.0173048459828798,258280,1,"","",0.00553013369913269
"chr10",99734912,99735133,3,-5.5201938686338,2.32565389209389,-5.5201938686338,2.32565389209389,-2.37360936956261,0.0176151753300959,258280,1,"CRTAC1","Body",-0.0207707051721042
"chr1",855649,856059,2,-5.69168533053691,2.421979463756,-5.69168533053691,2.421979463756,-2.35001386911442,0.0187727115723214,258280,1,"FLJ39609","TSS1500",-0.0507673247101091
"chr2",97524767,97524862,2,-8.9545015875852,3.81900157464102,-8.9545015875852,3.81900157464102,-2.34472319860903,0.0190412098923509,258280,1,"ANKRD39","TSS1500",-0.00905310661677325
"chr5",35617687,35617730,2,-10.0641915105797,4.29468928525469,-10.0641915105797,4.29468928525469,-2.3434038744395,0.0191086855518869,258280,1,"SPEF2","TSS1500",0.00815847274206646
"chr5",140743780,140743808,2,-12.5105403001894,5.35281229686055,-12.5105403001894,5.35281229686055,-2.3371901733836,0.0194292978984626,258280,1,"PCDHGA4;PCDHGA2;PCDHGB2;PCDHGA5;PCDHGA1","Body;TSS200",-0.0115178168302712
"chr1",151019134,151019274,2,-6.86187231419665,2.94892652842718,-6.86187231419665,2.94892652842718,-2.32690514600798,0.0199703142646853,258280,1,"C1orf56;BNIPL","TSS1500;Body;3'UTR",-0.0312768349602608
"chr12",132219020,132219026,2,-10.7527871712856,4.62119109126629,-10.7527871712856,4.62119109126629,-2.32684322265045,0.0199736110055534,258280,1,"SFRS8","Body",-0.0119271150547083
"chr6",31870783,31870840,2,-5.39107074121704,2.32689681922057,-5.39107074121704,2.32689681922057,-2.31684993364805,0.0205119078691481,258280,1,"ZBTB12","TSS1500",-0.0092211571320609
"chr15",31516404,31516481,2,-7.39842451502408,3.20656484731663,-7.39842451502408,3.20656484731663,-2.30727425369717,0.021039535880877,258280,1,"","",-0.0420130483060552
"chr2",106015767,106015771,2,-16.0956244756196,7.01080127891079,-16.0956244756196,7.01080127891079,-2.29583236427438,0.0216854681689259,258280,1,"FHL2","TSS200;5'UTR",0.0265231385548668
"chr11",57414626,57414908,2,-14.4917104924847,6.31485006148661,-14.4917104924847,6.31485006148661,-2.29486216638264,0.0217410246035026,258280,1,"YPEL4","5'UTR",0.0130542144758079
"chr11",34460557,34460856,3,-15.4554599960571,6.75909622679911,-15.4554599960571,6.75909622679911,-2.28661635778727,0.0222182256095269,258280,1,"CAT","1stExon;5'UTR;Body",-0.0219032885966129
"chr19",7541760,7542105,2,-5.87717626030229,2.57499260238419,-5.87717626030229,2.57499260238419,-2.28240510472171,0.0224654342422531,258280,1,"PEX11G","3'UTR;Body",-0.0310307651669227
"chr1",15756157,15756557,2,-6.29405937224491,2.75831064863826,-6.29405937224491,2.75831064863826,-2.28185297959539,0.0224980216815657,258280,1,"EFHD2","3'UTR",-0.0294880196919396
"chr1",76262594,76262648,2,-11.4179771804282,5.00682774076018,-11.4179771804282,5.00682774076018,-2.28048132902105,0.0225791569121828,258280,1,"MSH4","TSS200;1stExon;5'UTR",0.00345560962156682
"chr3",42977845,42977896,3,-7.55562447093709,3.3143755342072,-7.55562447093709,3.3143755342072,-2.27965249953018,0.0226283066078295,258280,1,"","",-0.00895756896405053
"chr17",40192279,40192449,2,-5.51800091068285,2.42742966645089,-5.51800091068285,2.42742966645089,-2.27318673201792,0.0230149295084124,258280,1,"","",-0.0270960493109543
"chr1",201915989,201915999,2,-16.4423301896885,7.23923663470567,-16.4423301896885,7.23923663470567,-2.27127955879522,0.0231300598603325,258280,1,"LMOD1","TSS1500",-0.016608480518865
"chr20",11898478,11898531,2,9.36874248193551,4.12545997566302,9.36874248193551,4.12545997566302,2.2709570659281,0.0231495771454562,258280,1,"BTBD3","5'UTR;TSS200",0.016048001783011
"chr2",71787808,71787827,2,-9.49061635287792,4.18576491758144,-9.49061635287792,4.18576491758144,-2.26735531969666,0.0233685286024017,258280,1,"DYSF","Body",-0.0295546019917486
"chr1",65468782,65468815,2,-24.6321880736965,10.8676324224629,-24.6321880736965,10.8676324224629,-2.26656433675313,0.0234168527665379,258280,1,"","",-0.0104687204215506
"chr11",2890575,2890577,2,-14.6720120252526,6.47563063256794,-14.6720120252526,6.47563063256794,-2.2657271326537,0.0234680952226729,258280,1,"KCNQ1DN","TSS1500",-0.0281079367519094
"chr17",76037239,76037250,2,-20.0544269913939,8.85859444518926,-20.0544269913939,8.85859444518926,-2.26383848086472,0.0235840508035749,258280,1,"TNRC6C","5'UTR",0.00573372411199389
"chr6",29691936,29691993,3,-17.4321964960437,7.70600237645303,-17.4321964960437,7.70600237645303,-2.26215820401388,0.0236876305936406,258280,1,"HLA-F","Body",0.0066981437177977
"chr19",46387962,46387992,2,-7.18806800332114,3.17991507267377,-7.18806800332114,3.17991507267377,-2.26045911260051,0.0237927713135518,258280,1,"IRF2BP1","1stExon",-0.0273317420300817
"chr1",201252693,201252734,2,-14.2101082243084,6.28886483918117,-14.2101082243084,6.28886483918117,-2.25956648579501,0.0238481695876614,258280,1,"PKP1","5'UTR;1stExon",-0.0281101953042423
"chr3",10149963,10149974,2,-12.0398224679876,5.33543837091156,-12.0398224679876,5.33543837091156,-2.25657605448652,0.0240345780221151,258280,1,"C3orf24","TSS200",-0.00432394959480731
"chr6",33283000,33283055,4,-5.35265442752042,2.37229335515441,-5.35265442752042,2.37229335515441,-2.25632062573139,0.0240505585764424,258280,1,"ZBTB22;TAPBP","Body;TSS1500",0.000309425184529283
"chr2",3469154,3469212,2,-6.32246600545786,2.80532215137087,-6.32246600545786,2.80532215137087,-2.2537397362254,0.0242125459855824,258280,1,"TTC15","Body",-0.00753529779815992
"chr17",33759965,33759986,2,-9.2462321234499,4.11331210074714,-9.2462321234499,4.11331210074714,-2.24788002879004,0.0245838409713964,258280,1,"SLFN12","TSS1500",-0.0510030335202786
"chr17",8286572,8286599,2,-10.0870841893334,4.48847354558944,-10.0870841893334,4.48847354558944,-2.24733065414753,0.0246189031995666,258280,1,"RPL26","TSS200",-0.0168393529767863
"chr22",18231406,18231586,2,-5.55411603011323,2.47194815628798,-5.55411603011323,2.47194815628798,-2.24685781373895,0.0246491155370211,258280,1,"BID","Body;5'UTR",0.0161295956424615
"chr8",145164209,145164665,2,-7.15924888758405,3.19212145449844,-7.15924888758405,3.19212145449844,-2.24278712124033,0.0249105453620502,258280,1,"KIAA1875","Body",-0.0120234517857977
"chr8",41167802,41167848,2,-8.95159471353353,4.00037572190484,-8.95159471353353,4.00037572190484,-2.23768849123779,0.0252413762861855,258280,1,"SFRP1","TSS1500",-0.0372135300872076
"chr8",41424342,41424524,2,-9.4367282086515,4.22059851188257,-9.4367282086515,4.22059851188257,-2.23587441024859,0.0253599989832908,258280,1,"","",-0.0110808169022098
"chr6",44243304,44243750,2,-8.69881226013336,3.89480000608572,-8.69881226013336,3.89480000608572,-2.23344260206975,0.0255197714432794,258280,1,"TMEM151B","Body",-0.0145490758923596
"chr1",6086018,6086148,2,-6.41480096464325,2.8731250535973,-6.41480096464325,2.8731250535973,-2.23269117945687,0.0255693165300497,258280,1,"KCNAB2","TSS1500",-0.0491283822566066
"chr12",121087382,121087689,2,-13.2084071149605,5.91856296686051,-13.2084071149605,5.91856296686051,-2.23169157596492,0.0256353543978542,258280,1,"CABP1","TSS1500;Body",-0.0195060438210332
"chr20",44838981,44839187,2,-19.5268806202717,8.80007832099357,-19.5268806202717,8.80007832099357,-2.21894395799729,0.0264905374404227,258280,1,"CDH22","Body",-0.0177405076461002
"chr21",37949197,37949239,2,6.39299005548506,2.88385382119164,6.39299005548506,2.88385382119164,2.21682181271012,0.0266352703325104,258280,1,"CLDN14","TSS1500",-0.0363533373826348
"chr17",40557138,40557347,2,-13.8987871774468,6.2902571322802,-13.8987871774468,6.2902571322802,-2.20957377181313,0.0271347572650456,258280,1,"PTRF","Body",-0.00811679815864336
"chr12",46663660,46663694,2,-21.3200305970001,9.65216243179006,-21.3200305970001,9.65216243179006,-2.20883462619538,0.0271861456456073,258280,1,"SLC38A1","TSS1500",5.81632995063051e-05
"chr2",54087178,54087184,2,8.69185711300845,3.94138871111752,8.69185711300845,3.94138871111752,2.20527782212681,0.027434605128783,258280,1,"LOC100302652;GPR75","TSS200",0.0427140243846461
"chr19",16199419,16199792,2,9.07105617429693,4.13185599916638,9.07105617429693,4.13185599916638,2.19539504187151,0.0281352724709581,258280,1,"TPM4","Body",0.0159206745191393
"chr7",53286906,53286921,2,-8.11850064924204,3.70036506122654,-8.11850064924204,3.70036506122654,-2.19397289589342,0.0282373581416326,258280,1,"","",-0.0202214508978367
"chr1",31885850,31885880,2,-10.1720464714148,4.64991765806275,-10.1720464714148,4.64991765806275,-2.18757561303842,0.0287005298448275,258280,1,"SERINC2","TSS200",-0.0175253541815685
"chr15",32267621,32267708,2,-18.6243190003181,8.52997383613789,-18.6243190003181,8.52997383613789,-2.18339696675443,0.0290065891376928,258280,1,"","",-0.0147885917861674
"chr12",124864657,124864681,2,-19.9336540986532,9.13579379737161,-19.9336540986532,9.13579379737161,-2.18192907379194,0.0291147677142142,258280,1,"NCOR2","Body",-0.0143074547214154
"chr3",9178180,9178249,2,-7.70013335812085,3.53180348272851,-7.70013335812085,3.53180348272851,-2.1802270131327,0.0292406381805893,258280,1,"SRGAP3","Body",-0.024707135151493
"chr1",2707161,2707573,2,-14.0689194413014,6.45540368060961,-14.0689194413014,6.45540368060961,-2.17940196111374,0.0293018205821678,258280,1,"","",-0.0159892400858646
"chr13",45945197,45945296,2,-6.91760279382889,3.18116347473048,-6.91760279382889,3.18116347473048,-2.17455118191151,0.0296637660098419,258280,1,"LOC100190939","Body",-0.0206503367746743
"chr12",123464758,123464823,3,-14.3411357315358,6.62365993024193,-14.3411357315358,6.62365993024193,-2.16513768559551,0.0303771427173341,258280,1,"ARL6IP4","TSS200",-0.00797343826888814
"chr7",158362966,158363265,2,-9.53297732684189,4.40589817645637,-9.53297732684189,4.40589817645637,-2.16368534746965,0.0304885063037941,258280,1,"PTPRN2","Body",-0.029588297165861
"chr3",125677491,125677574,2,-7.44026250279417,3.4439857592603,-7.44026250279417,3.4439857592603,-2.16036389894719,0.0307445098685881,258280,1,"","",-0.0297913287010294
"chr12",119616618,119616682,2,-35.9116335703096,16.6565774909385,-35.9116335703096,16.6565774909385,-2.15600315189878,0.0310834190411281,258280,1,"HSPB8","5'UTR;1stExon",-0.000839700989622813
"chr7",210075,210429,2,-4.34122849020205,2.01623643278135,-4.34122849020205,2.01623643278135,-2.15313463223826,0.0313080991649333,258280,1,"FAM20C","Body",0.02216264513907
"chr7",29602763,29603121,2,-5.56141632419869,2.5859230831162,-5.56141632419869,2.5859230831162,-2.15065032696055,0.0315038098147963,258280,1,"PRR15","TSS1500",-0.00973871692193905
"chr15",33360262,33360271,2,-7.16379129577682,3.3477820708846,-7.16379129577682,3.3477820708846,-2.13986189784566,0.0323659291341704,258280,1,"FMN1","TSS200",-0.0222745213919331
"chr12",106974832,106974935,2,-5.19926748653098,2.43186196492463,-5.19926748653098,2.43186196492463,-2.13797804378758,0.0325185252771985,258280,1,"","",-0.00693128645521317
"chr7",27170552,27170554,2,35.3742063182835,16.5911754946257,35.3742063182835,16.5911754946257,2.1321097067379,0.0329978288473587,258280,1,"HOXA4","TSS200",0.0160346396056453
"chr6",31430946,31430954,2,-12.4706205953552,5.8511909768408,-12.4706205953552,5.8511909768408,-2.13129611470798,0.0330647549552794,258280,1,"HCP5","TSS200",-0.00615605138402316
"chr10",98480743,98480746,2,-7.97527482479256,3.74814069776743,-7.97527482479256,3.74814069776743,-2.12779494364846,0.0333540887881182,258280,1,"PIK3AP1","TSS1500",-0.0281854980402159
"chr19",37742481,37742739,2,27.7016169638499,13.0368571634314,27.7016169638499,13.0368571634314,2.12486925465085,0.0335975240621107,258280,1,"","",0.0127689174937878
"chr6",111888567,111888620,2,13.0117979171262,6.1265671616444,13.0117979171262,6.1265671616444,2.12383175991068,0.0336842142278194,258280,1,"TRAF3IP2","Body;TSS200",-0.00209676963978082
"chr2",3471056,3471071,2,-8.06883908272799,3.82272447235818,-8.06883908272799,3.82272447235818,-2.11075612199444,0.0347932793636014,258280,1,"TTC15","Body",-0.0414068771771845
"chr12",133180045,133180238,2,-8.5576061614814,4.06581376332785,-8.5576061614814,4.06581376332785,-2.10477081824748,0.0353112625231267,258280,1,"","",-0.104746888801104
"chr1",24195469,24195587,2,-8.81623689030833,4.192848628749,-8.81623689030833,4.192848628749,-2.10268427766704,0.0354933773162417,258280,1,"FUCA1","TSS1500",-0.0433384963003338
"chr17",43449123,43449285,2,-6.44398337944627,3.07338125073655,-6.44398337944627,3.07338125073655,-2.09670810541385,0.0360194225590962,258280,1,"","",-0.0301892272172911
"chr2",54087008,54087028,2,10.1246785422844,4.88735158612702,10.1246785422844,4.88735158612702,2.07160838827798,0.0383019770173148,258280,1,"GPR75;LOC100302652","5'UTR;1stExon",0.0243697683470819
"chr6",31628339,31628350,3,-17.8950256442791,8.65224209642613,-17.8950256442791,8.65224209642613,-2.06825299671986,0.0386162391338592,258280,1,"C6orf47","5'UTR;1stExon",0.000803498670934974
"chr6",158464296,158464398,2,-5.6895014385348,2.75252940409291,-5.6895014385348,2.75252940409291,-2.06700841417887,0.0387333611115284,258280,1,"SYNJ2","Body",-0.0376142924804673
"chr11",61159649,61159687,2,-4.17655875675315,2.02675356733018,-4.17655875675315,2.02675356733018,-2.06071365758338,0.0393303658917878,258280,1,"TMEM216","TSS1500;TSS200",0.00239520624877274
"chr6",32827202,32827216,2,16.756484569977,8.14924956951061,16.756484569977,8.14924956951061,2.05619970612622,0.039763270605762,258280,1,"PSMB9","Body",0.00456899427349527
"chr1",1951356,1951466,2,-8.26588088173237,4.02922170224401,-8.26588088173237,4.02922170224401,-2.05148326217166,0.0402199079892859,258280,1,"GABRD","Body",-0.0341563211052403
"chr6",166582197,166582201,2,-10.3766676267865,5.07686895120962,-10.3766676267865,5.07686895120962,-2.04391086839344,0.0409623532582626,258280,1,"T","TSS200",0.0114859319891211
"chr5",139048005,139048106,2,-6.3495055881695,3.11536000639729,-6.3495055881695,3.11536000639729,-2.03812900439468,0.0415370332026742,258280,1,"CXXC5","5'UTR",-0.020300405179061
"chr11",113929188,113929287,2,-6.33620386630365,3.13161522530627,-6.33620386630365,3.13161522530627,-2.02330216531757,0.0430420037928177,258280,1,"ZBTB16","TSS1500",-0.0165376556210041
"chr21",26934197,26934383,2,-6.04061030560622,2.98749206678145,-6.04061030560622,2.98749206678145,-2.02196697784507,0.043179763451313,258280,1,"MIR155HG","TSS200;TSS1500",-0.00629401768006238
"chr8",1496751,1496759,2,-10.8040788570818,5.40452358637325,-10.8040788570818,5.40452358637325,-1.99908071163253,0.0455996217278088,258280,1,"DLGAP2","5'UTR",-0.026031940768342
"chr6",24358306,24358308,2,-9.45606033267765,4.73498137144862,-9.45606033267765,4.73498137144862,-1.99706389336536,0.0458182426158345,258280,1,"KAAG1;DCDC2","1stExon;3'UTR;TSS200",0.00152546487679054
"chr11",34460351,34460386,2,-10.9599440109775,5.52846547374219,-10.9599440109775,5.52846547374219,-1.98245680705297,0.0474281370431533,258280,1,"CAT","TSS200",-0.0111939782569597
"chr2",74347215,74347274,2,-10.5664659844273,5.3344739668621,-10.5664659844273,5.3344739668621,-1.98078874319501,0.0476149697202764,258280,1,"","",-0.0553027581371388
"chr19",40719835,40719949,2,-7.04866879975445,3.56690966260462,-7.04866879975445,3.56690966260462,-1.9761276473168,0.0481403218372533,258280,1,"MAP3K10","Body",0.0185293073251961
"chr10",96990543,96990858,3,-5.6375131514982,2.86775392504936,-5.6375131514982,2.86775392504936,-1.96582876314995,0.0493183940795764,258280,1,"","",-0.0946135515501402
"chr8",141359674,141359786,2,-8.76864722006757,4.46348532515362,-8.76864722006757,4.46348532515362,-1.96452919216571,0.0494687543351583,258280,1,"TRAPPC9","Body",-0.0523157491321137
"chr17",33760230,33760293,3,-7.61043701548303,3.90973558481785,-7.61043701548303,3.90973558481785,-1.94653496390794,0.0515905122439257,258280,1,"SLFN12","TSS1500",-0.019116980419037
"chr2",197036688,197036775,2,-12.6867763906025,6.58692580200459,-12.6867763906025,6.58692580200459,-1.92605424320121,0.0540976011706399,258280,1,"STK17B","TSS1500",-0.00528071398189973
"chr22",24891141,24891158,2,-7.37017825476223,3.83007884226614,-7.37017825476223,3.83007884226614,-1.92428891369806,0.0543183794274162,258280,1,"C22orf45;UPB1","TSS1500;TSS200",-0.0218290349067289
"chr17",78800264,78800321,2,-4.4671543684782,2.32551582727139,-4.4671543684782,2.32551582727139,-1.9209305376862,0.0547404652406163,258280,1,"RPTOR","Body",-0.0186298480420468
"chr16",89573535,89573562,2,-6.93784125976015,3.61393381726718,-6.93784125976015,3.61393381726718,-1.91974773489529,0.0548897715184927,258280,1,"SPG7","TSS1500",-0.035252962617167
"chr3",178978849,178978985,3,-9.77930891224979,5.11632892034827,-9.77930891224979,5.11632892034827,-1.91139175461458,0.0559542555173293,258280,1,"KCNMB3","TSS1500;Body",0.00218778630572132
"chr15",40545145,40545175,2,-7.2192747869341,3.77939174442355,-7.2192747869341,3.77939174442355,-1.91016842791861,0.0561115308154201,258280,1,"PAK6;C15orf56","5'UTR;TSS200",-0.0229381236654025
"chr10",1083192,1083259,2,7.33222408835416,3.8388180534742,7.33222408835416,3.8388180534742,1.91002125816262,0.0561304762733976,258280,1,"C10orf110","Body",-0.0304845417577343
"chr18",77905355,77905391,2,-6.47010779021591,3.38903770418246,-6.47010779021591,3.38903770418246,-1.90912829982123,0.0562455428337499,258280,1,"LOC100130522","TSS1500",-0.0279416149802013
"chr11",128694303,128694388,2,-13.9258174052432,7.29481508079428,-13.9258174052432,7.29481508079428,-1.90900211328276,0.0562618190504454,258280,1,"","",-0.0122170348722868
"chr12",6642201,6642229,2,-11.8270723562779,6.19965753164482,-11.8270723562779,6.19965753164482,-1.90769769070456,0.0564303003755582,258280,1,"GAPDH","TSS1500",-0.0224510764023579
"chr6",30068934,30068942,2,-18.1412053900584,9.54018876910095,-18.1412053900584,9.54018876910095,-1.90155623008369,0.0572291947394648,258280,1,"","",0.00343786898051392
"chr2",66672688,66672841,2,-5.55364051875113,2.92191393364062,-5.55364051875113,2.92191393364062,-1.90068586716771,0.0573431707940214,258280,1,"MEIS1","Body",-0.0530929909044082
"chr12",132970228,132970271,2,-10.1941305569601,5.39827102749686,-10.1941305569601,5.39827102749686,-1.888406585189,0.0589713879765868,258280,1,"","",-0.0131993192051741
"chr8",142302158,142302390,3,-5.45154605111847,2.89661765547749,-5.45154605111847,2.89661765547749,-1.88203853581077,0.0598307836124165,258280,1,"","",0.0106090838374049
"chr6",32134629,32134854,4,-3.71694797571838,2.03749671529773,-3.71694797571838,2.03749671529773,-1.82427188609,0.0681109784958055,258280,1,"EGFL8","Body",0.0102464911862927
"chr11",2890450,2890457,3,-8.09403862237588,4.46563850892514,-8.09403862237588,4.46563850892514,-1.81251541211832,0.0699065947213326,258280,1,"KCNQ1DN","TSS1500",-0.0133445048307842
"chr17",78032296,78032424,2,-2.61287380458292,1.55834389696994,-2.61287380458292,1.55834389696994,-1.67669909681901,0.0936013373301347,258280,1,"CCDC40","Body",0.000970680504436994
"chr6",44187132,44187226,2,-13.141048444719,8.07955328174358,-13.141048444719,8.07955328174358,-1.62645730357547,0.103852409122686,258280,1,"SLC29A1","TSS200",-0.0120801123543198
"chr14",96671020,96671037,2,-13.9465244249722,9.45063926236874,-13.9465244249722,9.45063926236874,-1.47572286252693,0.140018305840681,258280,1,"BDKRB2","TSS200",-0.00371890682693127
"chr6",33288366,33288372,2,-4.48877547657382,3.06046733350961,-4.48877547657382,3.06046733350961,-1.46669609161497,0.142458746560761,258280,1,"DAXX","Body",-0.0142746328261345
"chr7",50132653,50132764,2,-5.01668832022642,3.43320475253726,-5.01668832022642,3.43320475253726,-1.46122607937057,0.143953408266641,258280,1,"ZPBP","1stExon;Body",-0.0442063201992286
"chr15",101419148,101419243,2,-2.17001110237447,1.51630931312688,-2.17001110237447,1.51630931312688,-1.43111374677212,0.152397618095397,258280,1,"ALDH1A3","TSS1500",0.0043534791422282
"chr6",31600348,31600450,3,-2.67388060328455,1.94290509718576,-2.67388060328455,1.94290509718576,-1.37622810664175,0.168751022902211,258280,1,"BAT2","Body",0.00169647122657309
"chr6",32134604,32134620,2,-9.68614533663331,7.27980363563036,-9.68614533663331,7.27980363563036,-1.33055035842249,0.183337005879093,258280,1,"EGFL8","Body",-0.00564471379006187
"chr6",33132943,33132996,2,-3.00014920566555,2.26208889262776,-3.00014920566555,2.26208889262776,-1.32627378855144,0.184749025687877,258280,1,"COL11A2","Body",0.0133308378718111
"chr6",33283092,33283145,2,-2.32281730992447,1.87346548093959,-2.32281730992447,1.87346548093959,-1.23985060496526,0.215030656690529,258280,1,"ZBTB22;TAPBP","Body;TSS1500",-0.0074406556456838
"chr10",135191333,135191450,3,-3.31385266780031,2.72791855231311,-3.31385266780031,2.72791855231311,-1.21479164581009,0.224445567945857,258280,1,"PAOX","TSS1500",-0.0145171442467119
"chr6",33281794,33281821,2,9.04648982361259,7.6252665784483,9.04648982361259,7.6252665784483,1.18638341762125,0.235470917280053,258280,1,"TAPBP","1stExon;5'UTR",-0.00495306992810244
"chr13",37004812,37004853,2,-8.69508158840524,8.33817003574153,-8.69508158840524,8.33817003574153,-1.04280454237966,0.297038827138472,258280,1,"CCNA1","TSS1500",-0.00741598090792355
"chr3",38035831,38035999,2,-5.9378476989148,6.25768265831158,-5.9378476989148,6.25768265831158,-0.948889233145761,0.34267695114936,258280,1,"VILL","Body",-0.0195517300401309
"chr2",219157119,219157274,2,-3.53981075612277,4.05425215961507,-3.53981075612277,4.05425215961507,-0.873110654384866,0.38260276714061,258280,1,"TMBIM1;PNKD","1stExon;Body;5'UTR",-0.000790325753927769
"chr8",22960599,22960619,2,-1.42815976393527,10.6463722698837,-1.42815976393527,10.6463722698837,-0.134145202490732,0.893287756216328,258280,1,"TNFRSF10C","5'UTR;1stExon",0.00581484219402817
