"chr","start","end","n","B","S","estimate","se","z","p.value","number.tests","p.adjust","Genes","Regions","Delta_Beta"
"chr10",88428026,88428257,7,2.64307352924224,0.135775496235514,2.64307352924224,0.135775496235514,19.4664987609959,2.11224794227478e-84,266988,5.6394485361206e-79,"LDB3","TSS200;1stExon;5'UTR;TSS1500",-0.0272597228771254
"chr2",70188512,70188605,3,14.5311471092638,1.06699552150376,14.5311471092638,1.06699552150376,13.6187517345758,3.09817931120721e-42,266988,8.27176697940589e-37,"ASPRV1","1stExon",-0.0324524065525169
"chr7",95025740,95026106,13,-12.7486672420921,1.0753760702964,-12.7486672420921,1.0753760702964,-11.8550780459326,2.02535431066273e-32,266988,5.4074529669522e-27,"PON3","TSS1500;TSS200",-0.0124902233833415
"chr11",94278413,94278603,6,-10.9268489269528,0.923913311140421,-10.9268489269528,0.923913311140421,-11.826703647624,2.84080110049328e-32,266988,7.58459804218501e-27,"FUT4","1stExon",0.00434030550782794
"chr11",495069,495198,3,9.23775570747521,0.797281801005573,9.23775570747521,0.797281801005573,11.5865628637504,4.82092575345808e-31,266988,1.28712932506426e-25,"RNH1","Body",-0.0422825333367694
"chr21",46340776,46341006,3,5.57119544820402,0.569857528750629,5.57119544820402,0.569857528750629,9.77647072667173,1.42078594255734e-22,266988,3.793327972315e-17,"ITGB2","5'UTR;1stExon;TSS200",-0.0210393248830812
"chr22",43166139,43166347,3,-10.538810355732,1.08954556007496,-10.538810355732,1.08954556007496,-9.67266605630241,3.93978326700861e-22,266988,1.05187485489209e-16,"","",-0.0137945159526188
"chr17",8301118,8301192,3,-15.8103401636791,1.7430075684527,-15.8103401636791,1.7430075684527,-9.07072375922857,1.18229039691557e-19,266988,3.15657348491695e-14,"RNF222","TSS200;1stExon;5'UTR",-0.0159552461871774
"chr2",236761021,236761068,2,4.3264124154742,0.477980709028361,4.3264124154742,0.477980709028361,9.0514372939212,1.41098682467191e-19,266988,3.76716550345503e-14,"AGAP1","Body",-0.051040268478697
"chr7",2742274,2742433,4,11.2756821227763,1.28247638196923,11.2756821227763,1.28247638196923,8.79211678382928,1.46768091851995e-18,266988,3.91853193073805e-13,"AMZ1","Body",-0.0558078629816508
"chr3",125775413,125775613,2,10.0122132201815,1.18810087114985,10.0122132201815,1.18810087114985,8.42707337676777,3.54417628558767e-17,266988,9.46252538136482e-12,"SLC41A3","Body;5'UTR;1stExon",-0.0283740926292878
"chr10",124638991,124639260,8,-18.4839500538671,2.20264684154124,-18.4839500538671,2.20264684154124,-8.39169934338338,4.79165016652204e-17,266988,1.27931309465939e-11,"LOC399815;FAM24B","Body;TSS200;5'UTR;1stExon",0.0136690678965805
"chr13",97646736,97646811,5,-23.2959944712396,2.90478120589656,-23.2959944712396,2.90478120589656,-8.01987923357186,1.0584918120603e-15,266988,2.82604611918355e-10,"OXGR1","TSS200;TSS1500",-0.0366337978875865
"chr6",31846769,31846996,6,-10.5708908007748,1.34698058300083,-10.5708908007748,1.34698058300083,-7.84784200617408,4.23256947741851e-15,266988,1.13004525963701e-09,"SLC44A4","TSS200;5'UTR;1stExon",-0.0311169057254519
"chr13",111281129,111281384,4,-9.33453643343846,1.20320443293521,-9.33453643343846,1.20320443293521,-7.75806353261757,8.62359517670215e-15,266988,2.30239642903735e-09,"CARKD","Body",0.00246043877813057
"chr12",104697532,104697545,2,-38.1046866264902,4.96439931577842,-38.1046866264902,4.96439931577842,-7.6755885662504,1.64660840242411e-14,266988,4.39624684146407e-09,"TXNRD1;EID3","5'UTR;Body;TSS200",-0.0204128039468202
"chr6",169104488,169104540,2,10.6351867659044,1.40427618044758,10.6351867659044,1.40427618044758,7.57342958171848,3.63497785371803e-14,266988,9.70495467208469e-09,"","",-0.0297733833369626
"chr14",73712256,73712967,5,-12.9702977057946,1.71987596400675,-12.9702977057946,1.71987596400675,-7.54141460037505,4.64900481573124e-14,266988,1.24122849774245e-08,"PAPLN","Body",-0.0286851577814155
"chr2",115419729,115419846,3,-8.62231527023419,1.14866665445412,-8.62231527023419,1.14866665445412,-7.50636856811324,6.07901110101763e-14,266988,1.6230230158385e-08,"DPP10","Body",-0.0638323987644162
"chr6",29626990,29627167,4,12.6380016146617,1.71923518147459,12.6380016146617,1.71923518147459,7.35094404235152,1.96811808117867e-13,266988,5.25463910257732e-08,"MOG","Body",-0.0258211194123112
"chr1",223566643,223567002,7,-13.0011148630959,1.79564468470823,-13.0011148630959,1.79564468470823,-7.24036050885447,4.47493630747397e-13,266988,1.19475429485986e-07,"C1orf65","5'UTR;1stExon;TSS200",-0.0573222337451728
"chr21",47808878,47809043,3,-4.1119889875543,0.570521482969569,-4.1119889875543,0.570521482969569,-7.20742182424291,5.70211557538172e-13,266988,1.52239643324002e-07,"PCNT","Body",0.0165331569535664
"chr14",24780540,24780682,4,-11.0794660755879,1.57202619738058,-11.0794660755879,1.57202619738058,-7.04788895633502,1.81652505656578e-12,266988,4.84990391802384e-07,"LTB4R2;CIDEB;LTB4R","Body;1stExon;TSS200;5'UTR",-0.0288094005486085
"chr2",158453600,158454110,5,-9.31918078236496,1.32895631434295,-9.31918078236496,1.32895631434295,-7.01240566133465,2.34254812120675e-12,266988,6.25432237784749e-07,"ACVR1C","Body;5'UTR;TSS200",-0.0120976975811924
"chr6",31649089,31649307,4,-28.8540372348695,4.12572206007105,-28.8540372348695,4.12572206007105,-6.99369390733329,2.67741372776185e-12,266988,7.14837336347682e-07,"LY6G5C","TSS1500",-0.00307190034933098
"chr13",113698621,113699016,8,18.6266005516467,2.66435993839335,18.6266005516467,2.66435993839335,6.99102260292909,2.72889787363469e-12,266988,7.28582985485978e-07,"MCF2L","Body",0.0332046803555566
"chr15",31394021,31394285,3,4.48887211018122,0.644313029413581,4.48887211018122,0.644313029413581,6.96691189726017,3.23973408575396e-12,266988,8.64970124087277e-07,"TRPM1","TSS1500;TSS200",-0.0449266536215201
"chr5",1405588,1405774,2,-18.6059072455166,2.68727125181013,-18.6059072455166,2.68727125181013,-6.92371759381706,4.39942535376534e-12,266988,1.1745937763511e-06,"SLC6A3","Body",-0.0131870773134847
"chr13",113436568,113436651,2,7.32175135107744,1.06173947705933,7.32175135107744,1.06173947705933,6.89599615468411,5.348864220138e-12,266988,1.42808256040621e-06,"ATP11A","Body",-0.0374978126367774
"chr2",87016129,87016436,3,-19.6573289982905,2.87120956298261,-19.6573289982905,2.87120956298261,-6.84635815223131,7.57536855612331e-12,266988,2.02253250006225e-06,"CD8A","Body",-0.0019657574648131
"chr15",93616894,93617168,12,-5.67007604474711,0.830439714943867,-5.67007604474711,0.830439714943867,-6.82779970985657,8.6226854056876e-12,266988,2.30215353109372e-06,"RGMA","1stExon;Body;5'UTR;TSS200;TSS1500",-0.028298538927513
"chr12",1974122,1974168,2,-11.9667812861713,1.75837650137268,-11.9667812861713,1.75837650137268,-6.80558530942004,1.0063922056442e-11,266988,2.68694642200533e-06,"CACNA2D4","Body",-0.0328391424337943
"chr14",104854711,104854974,4,-2.94766410741546,0.433615648104765,-2.94766410741546,0.433615648104765,-6.797873001814,1.06174983759508e-11,266988,2.83474465639835e-06,"","",0.0057962918664371
"chr7",101630546,101630650,3,-7.05856904393584,1.04841697998439,-7.05856904393584,1.04841697998439,-6.73259702837029,1.66661173377281e-11,266988,4.44965333576535e-06,"CUX1","Body",0.0114556740629056
"chr5",98175255,98175367,2,-9.87045880418014,1.47446051448663,-9.87045880418014,1.47446051448663,-6.69428493147324,2.16728769714255e-11,266988,5.78639807684694e-06,"","",-0.0754265632940088
"chr7",22766657,22766829,2,-8.26379005618351,1.23497702993786,-8.26379005618351,1.23497702993786,-6.69145243664923,2.20966324887876e-11,266988,5.89953571491642e-06,"IL6","5'UTR;1stExon;TSS200",-0.045135634081427
"chr12",14109211,14109514,2,12.4448962389513,1.87721167786032,12.4448962389513,1.87721167786032,6.62945814035008,3.36921360426084e-11,266988,8.99539601774393e-06,"GRIN2B","5'UTR",0.0228707115064943
"chr6",33129765,33129988,4,-12.8732076339646,1.95799770251175,-12.8732076339646,1.95799770251175,-6.57467964209083,4.87580309614539e-11,266988,1.30178091703366e-05,"","",-0.0172275929170327
"chr12",132219328,132219811,3,-7.03738224049895,1.08013973072389,-7.03738224049895,1.08013973072389,-6.51525172190694,7.25678599155583e-11,266988,1.93747477831351e-05,"SFRS8","Body",-0.062017789940467
"chr6",30711580,30712517,25,-5.74708251052099,0.894021901112494,-5.74708251052099,0.894021901112494,-6.42834644584153,1.28999472050835e-10,266988,3.44413110439084e-05,"IER3;FLOT1","Body;TSS200;3'UTR;TSS1500;1stExon",-0.00295661446723358
"chr11",61522178,61523045,8,7.83179545712677,1.21963353551437,7.83179545712677,1.21963353551437,6.42143334786523,1.34997120496173e-10,266988,3.60426112070322e-05,"C11orf9;DKFZP434K028","Body;TSS1500;TSS200",-0.0345461606229377
"chr14",23846479,23846906,2,6.61343767324691,1.03565630103998,6.61343767324691,1.03565630103998,6.38574560556998,1.70564348003871e-10,266988,4.55386341448576e-05,"CMTM5","1stExon;Body",-0.0399471922796737
"chr16",88164558,88164581,2,-11.7241269717017,1.83803704963698,-11.7241269717017,1.83803704963698,-6.37861297410583,1.78698997855725e-10,266988,4.77104880395043e-05,"","",-0.0386942695684822
"chr16",902736,903073,2,9.18310108546165,1.44625998352881,9.18310108546165,1.44625998352881,6.34955069631069,2.15944694983676e-10,266988,5.76546422243017e-05,"","",-0.0357784323733091
"chr6",74104600,74104801,2,-13.1112565222043,2.0773629407875,-13.1112565222043,2.0773629407875,-6.31149052713632,2.76360720467588e-10,266988,7.37849960362004e-05,"DDX43","1stExon;5'UTR",-0.028098587298886
"chr17",9862752,9863061,5,-7.33013020167409,1.17634808812437,-7.33013020167409,1.17634808812437,-6.23125950190612,4.62699906034136e-10,266988,0.000123535322512242,"GAS7","Body;5'UTR;1stExon;TSS200;TSS1500",0.01821811805022
"chr1",854951,854966,2,-5.17966711729559,0.834576232140855,-5.17966711729559,0.834576232140855,-6.20634391181822,5.42314316416805e-10,266988,0.00014479141471149,"FLJ39609","TSS200",-0.0745522405587409
"chr1",201915709,201915873,3,-28.0313189138634,4.52073594164119,-28.0313189138634,4.52073594164119,-6.2006096519955,5.62448568037522e-10,266988,0.000150167018283202,"LMOD1","TSS200;1stExon;5'UTR",-0.0140794799127851
"chr5",172097064,172097289,2,-27.5303173604507,4.50947771581408,-27.5303173604507,4.50947771581408,-6.10499022179572,1.02806975535194e-09,266988,0.000274482287841905,"NEURL1B","Body",-0.0116683463022033
"chr18",74728931,74728959,2,6.36483522229647,1.05206780583256,6.36483522229647,1.05206780583256,6.04983365806887,1.44995467473801e-09,266988,0.000387120498698952,"MBP","1stExon;Body",-0.0358605923359771
"chr11",32421518,32421845,5,-11.1614449675754,1.87338678425146,-11.1614449675754,1.87338678425146,-5.95789671487147,2.55504905081115e-09,266988,0.000682167435977968,"WT1","Body",-0.0326359793631141
"chr12",3862594,3862597,2,-6.46033448082824,1.08781380710406,-6.46033448082824,1.08781380710406,-5.93882375700553,2.87074272006786e-09,266988,0.000766453857345477,"EFCAB4B","TSS1500",0.0156075858035686
"chr4",183061840,183061955,3,-6.57973080056074,1.1106404846274,-6.57973080056074,1.1106404846274,-5.92426702576769,3.13693380616584e-09,266988,0.000837523683040606,"MGC45800","Body",-0.048331860984921
"chr10",123909356,123909426,2,-13.1591283614574,2.22283642596135,-13.1591283614574,2.22283642596135,-5.91997153176316,3.21997351140461e-09,266988,0.000859694287862894,"TACC2","Body",-0.0241790405144215
"chr10",134211857,134211874,2,-8.06629994808639,1.36282578125728,-8.06629994808639,1.36282578125728,-5.91880492651436,3.24289319175615e-09,266988,0.000865813567480592,"PWWP2B","Body",0.0103449548733675
"chr17",76976091,76976352,4,6.46906909579751,1.10045199469748,6.46906909579751,1.10045199469748,5.87855638134938,4.13859847543174e-09,266988,0.00110495612975857,"LGALS3BP","TSS200;TSS1500",-0.0443474259582643
"chr2",242843821,242844000,2,-9.09837279534601,1.55186176982184,-9.09837279534601,1.55186176982184,-5.86287578718466,4.5491853535938e-09,266988,0.0012145778991853,"","",-0.0334712002259018
"chr6",31648948,31649082,5,-12.4296339528015,2.13625284009126,-12.4296339528015,2.13625284009126,-5.81842828692062,5.94035352435909e-09,266988,0.00158600310676158,"LY6G5C","TSS1500",-0.00827384179231013
"chr16",67204681,67204807,2,-3.94065131963792,0.677396922741551,-3.94065131963792,0.677396922741551,-5.81734458386579,5.97898080329049e-09,266988,0.00159631612670892,"","",-0.0717798956499437
"chr17",72443018,72443179,4,-10.6706994084486,1.84310861019895,-10.6706994084486,1.84310861019895,-5.78951199587571,7.05912155642992e-09,266988,0.00188470074610811,"GPRC5C","3'UTR;Body",-0.0385173493171486
"chr17",1553585,1553661,3,-20.7459922036751,3.61862544784355,-20.7459922036751,3.61862544784355,-5.73311399665259,9.8603312779682e-09,266988,0.00263259012724217,"RILP","TSS200;TSS1500",-0.00843457725333452
"chr20",35488318,35488454,2,-10.9805936160835,1.91698300092561,-10.9805936160835,1.91698300092561,-5.72805998320357,1.0158564980611e-08,266988,0.00271221494704336,"C20orf117","Body;TSS200",-0.013218776569925
"chr16",3931286,3931885,3,-10.3630427342239,1.8102637727894,-10.3630427342239,1.8102637727894,-5.72460372349813,1.03675450853534e-08,266988,0.00276801012724834,"CREBBP","TSS1500",-0.00493329614712767
"chr1",17475832,17476074,2,-10.8571712497422,1.90193022774648,-10.8571712497422,1.90193022774648,-5.70850133793102,1.13975282319404e-08,266988,0.0030430032675893,"","",-0.0363854125925798
"chr8",144790375,144790395,2,-8.37033987311893,1.46766290179215,-8.37033987311893,1.46766290179215,-5.70317602420692,1.17595433125064e-08,266988,0.00313965694991945,"LOC100130274","TSS200",-0.0239242962433827
"chr18",74728979,74729064,3,9.35719191866659,1.65411855883399,9.35719191866659,1.65411855883399,5.65690522525943,1.54126814420301e-08,266988,0.00411500099284473,"MBP","5'UTR;1stExon;Body;TSS200",-0.033477496614991
"chr17",80545272,80545705,8,-4.48629921246857,0.805903205189536,-4.48629921246857,0.805903205189536,-5.56679658745552,2.59464980199071e-08,266988,0.00692740361333895,"FOXK2","Body",0.00248442223643622
"chr6",30070886,30071295,11,-8.21853264129052,1.47708199373466,-8.21853264129052,1.47708199373466,-5.564032786366,2.63610385059253e-08,266988,0.00703808094861998,"TRIM31","3'UTR",0.00652873328520012
"chr2",47597118,47597188,2,-4.53095150244991,0.819626622396723,-4.53095150244991,0.819626622396723,-5.52806775504761,3.23777012571375e-08,266988,0.00864445770324063,"EPCAM","Body",0.00975923171594636
"chr7",27153655,27153847,3,37.07201662646,6.70690546418219,37.07201662646,6.70690546418219,5.52743986394929,3.24937552272776e-08,266988,0.00867544272062039,"HOXA3","5'UTR;TSS200;TSS1500",0.0196362144277097
"chr16",88832476,88832700,5,-8.12685636713249,1.47211641098481,-8.12685636713249,1.47211641098481,-5.5205256231712,3.37987101335637e-08,266988,0.00902385002113991,"FAM38A","Body",-0.0213720012482424
"chr19",48048583,48049039,2,-7.96212593407435,1.44320418256175,-7.96212593407435,1.44320418256175,-5.51697814507525,3.44878303299901e-08,266988,0.00920783684414339,"ZNF541","Body",-0.0255625672463287
"chr1",42618970,42619118,3,-15.9217270476016,2.93026368901233,-15.9217270476016,2.93026368901233,-5.43354753611547,5.52445576486564e-08,266988,0.0147496339574995,"GUCA2B","TSS200;1stExon;5'UTR",-0.00870895161874922
"chr6",28972891,28973328,4,-8.93149123794985,1.64892326237737,-8.93149123794985,1.64892326237737,-5.41655966759344,6.07567213318053e-08,266988,0.016221315514936,"ZNF311","5'UTR;1stExon;TSS1500",-0.00647342785177437
"chr11",368440,368712,9,-5.11792436434821,0.945379130395634,-5.11792436434821,0.945379130395634,-5.41362105402771,6.17628052463381e-08,266988,0.0164899278471093,"B4GALNT4","TSS1500",-0.0492567382442455
"chr19",38886554,38886658,2,-14.9362344699523,2.77594724262191,-14.9362344699523,2.77594724262191,-5.38059017859606,7.42420365317765e-08,266988,0.019821732849546,"SPRED3","Body",-0.0352988529175342
"chr8",143859709,143859786,4,-7.1524868007766,1.33821169874611,-7.1524868007766,1.33821169874611,-5.34480964968277,9.05121205833281e-08,266988,0.0241656500503016,"LYNX1","TSS200;TSS1500",0.0066729313374716
"chr19",345306,345312,2,-9.62275631826673,1.80160544020499,-9.62275631826673,1.80160544020499,-5.34121184557028,9.23272845962736e-08,266988,0.0246502770597899,"MIER2","TSS1500",-0.0063871175378029
"chr10",405182,405362,2,11.2637086560858,2.13110243412639,11.2637086560858,2.13110243412639,5.28539054515378,1.25436856120976e-07,266988,0.033490135342027,"DIP2C","Body",0.0315738587068775
"chr16",67997858,67998246,5,-8.9264519732926,1.69172712852758,-8.9264519732926,1.69172712852758,-5.2765317897703,1.31651683681948e-07,266988,0.035149419722876,"SLC12A4","Body;1stExon;TSS1500;TSS200",-0.00573818946333158
"chr6",133561677,133562101,14,-6.31161214296016,1.21158489861361,-6.31161214296016,1.21158489861361,-5.20938495534438,1.89467644049611e-07,266988,0.0505855873495175,"EYA4","TSS1500",-0.000803493763440376
"chr17",78387643,78387818,2,-8.65460927096819,1.67530846646866,-8.65460927096819,1.67530846646866,-5.16597954597043,2.3918294825341e-07,266988,0.0638589769882814,"FLJ35220;LOC100294362","TSS1500;Body",-0.0160586182732936
"chr17",40440904,40440916,2,-11.0877432797793,2.14860273132447,-11.0877432797793,2.14860273132447,-5.16044363070528,2.46365336327444e-07,266988,0.0657765884153916,"STAT5A","5'UTR",-0.00984853526319202
"chr4",6107131,6107649,6,-8.23353456263781,1.59659236543509,-8.23353456263781,1.59659236543509,-5.1569422107277,2.51015230950842e-07,266988,0.0670180544811034,"JAKMIP1","Body",-0.0345704643695505
"chr6",149067875,149068180,2,18.0556250816656,3.50457180234049,18.0556250816656,3.50457180234049,5.15202030376645,2.57695127810243e-07,266988,0.0688015067838012,"UST","TSS1500;TSS200",0.0135827574714327
"chr2",63815918,63816052,3,-24.3974563494638,4.75309082848744,-24.3974563494638,4.75309082848744,-5.13296657476831,2.85210573789793e-07,266988,0.0761478006749894,"MDH1;C2orf86","TSS1500;TSS200",-0.00454149902283054
"chr22",30476089,30476254,4,-10.8426229860177,2.11988645534057,-10.8426229860177,2.11988645534057,-5.11471874293181,3.1420878154277e-07,266988,0.0838899741665412,"HORMAD2","TSS1500;TSS200",0.00132388205510149
"chr5",178487465,178487481,2,-48.2980890234316,9.52593987884584,-48.2980890234316,9.52593987884584,-5.07016521600002,3.97470509057152e-07,266988,0.106119856272151,"ZNF354C","TSS200",0.00115751656588266
"chr7",2802697,2802953,2,-6.64739384900901,1.31214878889697,-6.64739384900901,1.31214878889697,-5.06603664558268,4.06183755227492e-07,266988,0.108446188440678,"GNA12","Body",-0.0284929144195872
"chr10",119867927,119867973,2,3.48951866852867,0.692161123601206,3.48951866852867,0.692161123601206,5.04148318873104,4.61937443324579e-07,266988,0.123331754118343,"CASC2","Body",-0.0431642142350369
"chr5",140683196,140683772,8,-10.1713845890167,2.01964996941512,-10.1713845890167,2.01964996941512,-5.03621159262674,4.74835660726512e-07,266988,0.12677542338605,"SLC25A2","TSS200;1stExon;5'UTR",-0.0245841079073674
"chr8",6407676,6407997,3,-8.09124265760103,1.61123603532442,-8.09124265760103,1.61123603532442,-5.0217612318805,5.11998070053465e-07,266988,0.136697340727435,"ANGPT2;MCPH1","Body",-0.0213471790997422
"chr11",2154255,2154952,6,-9.63846706308256,1.92589480657694,-9.63846706308256,1.92589480657694,-5.00466953343824,5.59579452444299e-07,266988,0.149400998849198,"INS-IGF2;IGF2","Body",-0.0522176872079918
"chr6",30079102,30079536,12,-10.0692565866281,2.01428984230325,-10.0692565866281,2.01428984230325,-4.99891146505229,5.76548659548436e-07,266988,0.153931573515518,"TRIM31","Body",-0.00887801814028781
"chr16",67918680,67918686,2,12.6096260100876,2.53850129095801,12.6096260100876,2.53850129095801,4.96735063913591,6.78737980431985e-07,266988,0.181214895919575,"NRN1L","TSS200",0.0229796470205351
"chr4",113300580,113300650,2,19.9742208272703,4.02537490290022,19.9742208272703,4.02537490290022,4.96207715034919,6.97432805130136e-07,266988,0.186206189776085,"ALPK1","Body",0.0169798524454489
"chr12",133757909,133758001,2,-19.118987507955,3.86407716218155,-19.118987507955,3.86407716218155,-4.94787932680955,7.50263957189952e-07,266988,0.200311473402231,"ZNF268","TSS200;1stExon;5'UTR",-0.00556258483926992
"chr2",131673963,131674140,2,-13.4387506155651,2.73841085257955,-13.4387506155651,2.73841085257955,-4.90749976502101,9.22447659211472e-07,266988,0.246282455637552,"ARHGEF4","TSS1500;TSS200",-0.0154356547190094
"chr8",101157661,101157742,2,-18.8946088561012,3.861362904562,-18.8946088561012,3.861362904562,-4.89324865937313,9.91849592643773e-07,266988,0.264811939040776,"FBXO43","1stExon;5'UTR",-0.0159015841326873
"chr10",22843847,22843938,2,5.1360206943558,1.04999719941674,5.1360206943558,1.04999719941674,4.89146132695287,1.0009006158145e-06,266988,0.267228453615081,"PIP4K2A","Body",0.0126879625823022
"chr11",614761,614787,2,-11.2105730185525,2.29356640532066,-11.2105730185525,2.29356640532066,-4.88783450635915,1.01951174567799e-06,266988,0.272197401955074,"IRF7","Body",-0.0331292062233521
"chr11",417246,417907,6,-5.77529258500909,1.18978924266595,-5.77529258500909,1.18978924266595,-4.85404673189721,1.20967210296095e-06,266988,0.322967935425339,"SIGIRR","TSS1500;TSS200;5'UTR",-0.0059252647235868
"chr8",144810034,144810339,2,-12.987107940043,2.67800750834882,-12.987107940043,2.67800750834882,-4.84954127258981,1.23747320301578e-06,266988,0.330390495526776,"FAM83H","Body",-0.0920911981106809
"chr1",247802703,247803033,6,-11.9446565431946,2.46787309355921,-11.9446565431946,2.46787309355921,-4.84006109324193,1.2979922014453e-06,266988,0.346548341879478,"","",-0.0354152289767669
"chr17",79465866,79466160,3,-13.1724825200686,2.72348076559147,-13.1724825200686,2.72348076559147,-4.8366350467718,1.32055564614956e-06,266988,0.352572510854178,"","",-0.0218151953651785
"chr22",31494714,31495093,3,-8.25621930437936,1.70709074704684,-8.25621930437936,1.70709074704684,-4.8364267211114,1.32193974738497e-06,266988,0.352942049274818,"SMTN","Body",0.00888779684460834
"chr3",182816873,182817584,9,-15.6747074102872,3.24138797232685,-15.6747074102872,3.24138797232685,-4.83580106550312,1.32610495270184e-06,266988,0.354054109111959,"MCCC1","1stExon;5'UTR;TSS200;Body;TSS1500",-0.0164912454488953
"chr3",23244062,23244068,2,-30.8451156814939,6.38487159953404,-30.8451156814939,6.38487159953404,-4.83096883009282,1.35870276286838e-06,266988,0.362757333252702,"UBE2E2","TSS1500",-0.00724191785315931
"chr19",17392298,17392384,3,-9.67697936732302,2.00386337509429,-9.67697936732302,2.00386337509429,-4.82916125300591,1.3710934532497e-06,266988,0.366065498896231,"ANKLE1","TSS200",-0.00923391697285279
"chr17",78800631,78800767,2,-9.70915679191119,2.01258704583039,-9.70915679191119,2.01258704583039,-4.82421707524467,1.40554274527123e-06,266988,0.375263046474475,"RPTOR","Body",-0.0316411397565601
"chr8",23563146,23563572,2,-11.3812716282925,2.36023807324143,-11.3812716282925,2.36023807324143,-4.82208627906,1.42064468315188e-06,266988,0.379295082665355,"NKX2-6","Body",-0.0199136481023237
"chr19",7913785,7913869,2,13.0310456148582,2.70337091405258,13.0310456148582,2.70337091405258,4.82029511641211,1.4334600788853e-06,266988,0.382716639541428,"EVI5L","Body",-0.0409720750814032
"chr14",101191872,101192599,8,-7.92944645764795,1.64682512943686,-7.92944645764795,1.64682512943686,-4.81498995607352,1.47207294123739e-06,266988,0.393025810435087,"DLK1","TSS1500",-0.0133647195552895
"chr7",73417185,73417261,3,-9.72991670901459,2.03417607243114,-9.72991670901459,2.03417607243114,-4.78322247561683,1.72507010700138e-06,266988,0.460573017728084,"","",-0.0112424919505959
"chr6",166582393,166582464,2,-26.2683281726968,5.50068481491867,-26.2683281726968,5.50068481491867,-4.77546506599563,1.79292415179856e-06,266988,0.478689233440394,"T","TSS1500",-0.00536897446091393
"chr7",100845122,100845647,5,-11.2591845979326,2.35891878398419,-11.2591845979326,2.35891878398419,-4.77302765757621,1.81476857789e-06,266988,0.484521433073695,"MOGAT3","TSS1500",-0.0102713797738617
"chr19",40788787,40788926,2,-6.5981019017773,1.38554252671004,-6.5981019017773,1.38554252671004,-4.7621070985417,1.91581954253729e-06,266988,0.511500828022947,"MIR641;AKT2","TSS1500;5'UTR",-0.00617446476510826
"chr1",214160860,214161306,2,-24.9543600020051,5.24092120247494,-24.9543600020051,5.24092120247494,-4.76144537151614,1.92211331715136e-06,266988,0.513181190319608,"PROX1","TSS1500",-0.00191939150289411
"chr2",236100688,236100751,3,-9.96242927318703,2.09289149230355,-9.96242927318703,2.09289149230355,-4.76012698690932,1.93471191412829e-06,266988,0.516544864529283,"","",-0.0445135552367268
"chr3",64253803,64253818,2,-17.9740174288561,3.78089694773604,-17.9740174288561,3.78089694773604,-4.75390302283132,1.99526771407453e-06,266988,0.532712536445332,"","",0.00414315133959697
"chr1",151826167,151826205,2,4.34722334065593,0.915015429720803,4.34722334065593,0.915015429720803,4.75098364404892,2.02429507600043e-06,266988,0.540462493751203,"THEM5","1stExon;5'UTR;TSS200",-0.032184578011927
"chr19",3595832,3595996,2,-11.5697799860552,2.43931578834684,-11.5697799860552,2.43931578834684,-4.74304312763712,2.10531426661759e-06,266988,0.562093645415696,"TBXA2R","Body",-0.0150633691420201
"chr5",154071076,154071666,4,-4.92723102272967,1.04009865717491,-4.92723102272967,1.04009865717491,-4.73727274690738,2.16613546699422e-06,266988,0.578332176061853,"","",-0.00767966511452167
"chr2",240983080,240983326,2,-16.4358284282757,3.48398664960322,-16.4358284282757,3.48398664960322,-4.71753484765721,2.38719520919464e-06,266988,0.637352474512458,"PRR21","TSS1500",-0.00704902656026457
"chr12",9217688,9217763,2,-11.7720958241017,2.51403955743862,-11.7720958241017,2.51403955743862,-4.68254200267852,2.83339105238174e-06,266988,0.756481410293297,"LOC144571","TSS200",-0.0601525496543281
"chr6",28226885,28227068,3,-12.5182696485023,2.67343611529926,-12.5182696485023,2.67343611529926,-4.68246447965,2.83446315379948e-06,266988,0.756767648506616,"NKAPL","TSS200;TSS1500",0.00994586481019569
"chr7",116592956,116592959,2,-7.97339458765526,1.70933889375715,-7.97339458765526,1.70933889375715,-4.66460724481008,3.09207039847095e-06,266988,0.825545691546963,"ST7OT4;ST7OT1;ST7","TSS1500;Body",-0.0136711440577126
"chr18",13619524,13619641,2,10.9509525745755,2.34987797715018,10.9509525745755,2.34987797715018,4.66022179920011,3.15868824303745e-06,266988,0.843331856632082,"C18orf1","TSS1500;Body",-0.0281880844402416
"chr7",29603211,29603407,6,-9.58762342971724,2.05994721408235,-9.58762342971724,2.05994721408235,-4.6543053939313,3.25074693445916e-06,266988,0.867910422537383,"PRR15","TSS200;TSS1500",-0.0110930180156179
"chr3",159706828,159707010,2,-18.1922358467594,3.91243596992696,-18.1922358467594,3.91243596992696,-4.64984883755147,3.32178400757831e-06,266988,0.886876468615319,"IL12A","Body;1stExon;5'UTR",-0.0178069538300329
"chr20",35489181,35489221,2,-9.17008141707446,1.9735262647707,-9.17008141707446,1.9735262647707,-4.6465464284763,3.37538192300048e-06,266988,0.901186468858052,"C20orf117","Body;TSS1500",-0.013656642696278
"chr4",4763284,4763596,4,-8.23573168926137,1.7773849294469,-8.23573168926137,1.7773849294469,-4.63362300018163,3.59321102140878e-06,266988,0.959344224183887,"","",-0.0269073524148424
"chr11",1481779,1482176,3,-6.66878126165561,1.43947824508517,-6.66878126165561,1.43947824508517,-4.63277669143311,3.60793648740335e-06,266988,0.963275746898846,"BRSK2","Body",-0.00451238340697483
"chr1",205291028,205291215,2,-13.2670319576879,2.86548005189331,-13.2670319576879,2.86548005189331,-4.62995090435962,3.65752442600193e-06,266988,0.976515131449404,"NUAK2","TSS200;TSS1500",-0.0105660304440588
"chr1",2005489,2005560,2,12.4680403755562,2.69560127363025,12.4680403755562,2.69560127363025,4.62532812160497,3.7400584403741e-06,266988,0.998550722878601,"PRKCZ","Body;5'UTR",0.0120336025551398
"chr4",3231575,3231709,2,-19.1671312688426,4.14464858770662,-19.1671312688426,4.14464858770662,-4.62454918993469,3.75413989961126e-06,266988,1,"HTT","Body",0.00599148477302963
"chr10",102977010,102977196,2,-13.9432699731629,3.01957039234431,-13.9432699731629,3.01957039234431,-4.61763369004877,3.8814062285502e-06,266988,1,"","",-0.00543401437926447
"chr5",76937348,76937424,2,-21.5521411211229,4.67050470429485,-21.5521411211229,4.67050470429485,-4.6145208035663,3.94003310627572e-06,266988,1,"","",0.000729070415194349
"chr10",45470199,45470290,2,-16.8111565466179,3.65069181416521,-16.8111565466179,3.65069181416521,-4.60492350556358,4.12617501777839e-06,266988,1,"RASSF4","Body",-0.0396892845473721
"chr18",77376639,77377589,5,-12.9398300318,2.81518023927247,-12.9398300318,2.81518023927247,-4.59644816032954,4.29753832099255e-06,266988,1,"","",-0.0382446658046513
"chr2",233274291,233274723,3,-13.6598830145924,2.97365507595065,-13.6598830145924,2.97365507595065,-4.59363398434013,4.35593120959348e-06,266988,1,"ALPPL2","Body;3'UTR",-0.03169643417274
"chr4",1294996,1295047,2,-4.09941785672538,0.893767679380432,-4.09941785672538,0.893767679380432,-4.58667050879165,4.50370603133479e-06,266988,1,"MAEA","Body",0.0173841649842296
"chr22",24890814,24890831,2,-16.5022832543138,3.61310935135986,-16.5022832543138,3.61310935135986,-4.56733567947587,4.93962629717505e-06,266988,1,"C22orf45;UPB1","TSS200;TSS1500",-0.0185591137828182
"chr11",66327000,66327250,2,-10.233772232982,2.24482820495521,-10.233772232982,2.24482820495521,-4.55882201158736,5.14413441111471e-06,266988,1,"ACTN3","Body",-0.0127805994908972
"chr6",25138551,25138905,3,-11.650721558299,2.55575560016519,-11.650721558299,2.55575560016519,-4.55862115984247,5.1490556473183e-06,266988,1,"CMAH","TSS1500;Body;TSS200",-0.0243917187447885
"chr6",24358236,24358304,2,-19.9369155177361,4.37378030025377,-19.9369155177361,4.37378030025377,-4.55828005731778,5.15742361577511e-06,266988,1,"KAAG1;DCDC2","1stExon;3'UTR;5'UTR;TSS200",-0.0142860928991767
"chr5",43044703,43045001,2,6.26692339200627,1.37664845434071,6.26692339200627,1.37664845434071,4.55230481844951,5.30613807179696e-06,266988,1,"LOC153684","Body",0.0342754865902942
"chr22",30901640,30901647,2,-7.23108179760259,1.59120370391356,-7.23108179760259,1.59120370391356,-4.54440985765542,5.5089375664079e-06,266988,1,"SEC14L4","1stExon;5'UTR",-0.00908622515592028
"chr14",76597657,76597824,2,-6.41531904043853,1.41434519569639,-6.41531904043853,1.41434519569639,-4.53589340138409,5.73601484427397e-06,266988,1,"","",-0.0428151356642531
"chr2",218770208,218770237,2,5.46307490484897,1.20582595223262,5.46307490484897,1.20582595223262,4.53056669972473,5.88256785244577e-06,266988,1,"TNS1","5'UTR",-0.0572885379790876
"chr1",2004968,2005180,3,20.820835560772,4.60830018504157,20.820835560772,4.60830018504157,4.51811616533922,6.2392253037634e-06,266988,1,"PRKCZ","TSS200;Body;1stExon;5'UTR",0.02579145078333
"chr19",695447,695549,2,-10.5638241523643,2.33857352497715,-10.5638241523643,2.33857352497715,-4.5172084775344,6.26602066165623e-06,266988,1,"PRSSL1","TSS200;5'UTR;1stExon",-0.0347929474132972
"chr17",900819,901284,2,-27.10324068271,6.00588889169464,-27.10324068271,6.00588889169464,-4.51277757072566,6.3984114834685e-06,266988,1,"TIMM22","Body",-0.00042364615322041
"chr6",30069296,30070087,12,-9.7928132954684,2.17352549325873,-9.7928132954684,2.17352549325873,-4.50549732489505,6.6217673395144e-06,266988,1,"","",-0.00462857593983229
"chr14",104171840,104171944,2,-4.27510390317029,0.951874892695234,-4.27510390317029,0.951874892695234,-4.49124557857109,7.080784950115e-06,266988,1,"XRCC3","Body",-0.0163172236793176
"chr4",15704453,15704844,4,-8.83913057494683,1.9715309475904,-8.83913057494683,1.9715309475904,-4.48338413644989,7.34685010768322e-06,266988,1,"BST1","TSS200;1stExon",-0.000622183800526737
"chr1",2191299,2191402,3,-10.1793827306441,2.27152666576575,-10.1793827306441,2.27152666576575,-4.48129572241341,7.41912248480289e-06,266988,1,"SKI","Body",0.0146467396603655
"chr3",42947385,42947771,3,-7.77687078047796,1.73551983279922,-7.77687078047796,1.73551983279922,-4.48100369324772,7.42928256486184e-06,266988,1,"ZNF662","5'UTR;1stExon;TSS1500;TSS200",-0.0271539900262883
"chr2",95663959,95664359,5,-11.3090012221024,2.53170619184435,-11.3090012221024,2.53170619184435,-4.46694851817058,7.93432138106307e-06,266988,1,"","",-0.00894152579808791
"chr16",15596215,15596369,2,-3.55519206241248,0.796524858328947,-3.55519206241248,0.796524858328947,-4.4633786695258,8.06772903392554e-06,266988,1,"C16orf45","Body;1stExon",0.01240412588023
"chr15",70364327,70364359,2,-21.6894085502426,4.86991194650587,-21.6894085502426,4.86991194650587,-4.45375784788154,8.43802634474008e-06,266988,1,"TLE3","Body",-0.0141978736629585
"chr5",171094783,171094806,2,-6.49799439926835,1.48008950376796,-6.49799439926835,1.48008950376796,-4.39027125233033,1.13209351245682e-05,266988,1,"","",-0.0193963963632532
"chr11",6341842,6341888,5,-4.26416122214328,0.971940916491471,-4.26416122214328,0.971940916491471,-4.38726382415931,1.14785526101139e-05,266988,1,"PRKCDBP","TSS200",-0.035062295556374
"chr16",4163819,4163907,2,-6.55263098926477,1.49472006550977,-6.55263098926477,1.49472006550977,-4.38385162577584,1.16599203245726e-05,266988,1,"ADCY9","Body",-0.0238750922251242
"chr1",27961746,27962037,5,-7.06340468298843,1.61201249748668,-7.06340468298843,1.61201249748668,-4.38173072107141,1.17740272702081e-05,266988,1,"FGR","TSS1500;TSS200",-0.00508724859112567
"chr16",86965114,86965319,2,-14.5445603511278,3.32746077991521,-14.5445603511278,3.32746077991521,-4.37106890603182,1.23639763275845e-05,266988,1,"","",-0.0259216090274132
"chr4",1376165,1376261,2,11.6591961476787,2.6712578145551,11.6591961476787,2.6712578145551,4.36468396429216,1.27306675001719e-05,266988,1,"KIAA1530","Body",-0.0306326345129506
"chr5",140536238,140536320,2,-12.5365743352474,2.89249078189452,-12.5365743352474,2.89249078189452,-4.33417952918632,1.46304745288451e-05,266988,1,"PCDHB17","Body",-0.023723944473689
"chr6",32054867,32055046,4,-5.69784939301901,1.31798955309983,-5.69784939301901,1.31798955309983,-4.32313699271592,1.53826148611928e-05,266988,1,"TNXB","Body",-0.00195647063037654
"chr2",636937,637432,2,-11.3696516139403,2.63422224546388,-11.3696516139403,2.63422224546388,-4.31613226010783,1.58786861593391e-05,266988,1,"","",-0.0153819605161019
"chr17",72839489,72839750,2,-10.7820143694277,2.5024654228592,-10.7820143694277,2.5024654228592,-4.30855678201884,1.64323291787492e-05,266988,1,"GRIN2C","Body",-0.00413286670029689
"chr8",1704013,1704075,2,-10.8465807303635,2.51842879029947,-10.8465807303635,2.51842879029947,-4.30688402711349,1.65570360085969e-05,266988,1,"","",-0.0238287545951817
"chr6",33267684,33267761,4,-19.5817459755484,4.55595421504938,-19.5817459755484,4.55595421504938,-4.29805591787234,1.7230270031128e-05,266988,1,"TAPBP;RGL2","3'UTR;TSS1500",-0.00137777192428908
"chr4",187026278,187026710,2,-18.0135945916228,4.21505208500902,-18.0135945916228,4.21505208500902,-4.27363511252656,1.92311659142387e-05,266988,1,"","",0.00162218188432575
"chr10",135341933,135342218,2,-16.147065999198,3.77939951763329,-16.147065999198,3.77939951763329,-4.27238928402825,1.93389580245102e-05,266988,1,"CYP2E1","Body",-0.0325565935373261
"chr21",37948941,37948943,2,15.7534490158957,3.68886999280397,15.7534490158957,3.68886999280397,4.2705351629704,1.95004471284733e-05,266988,1,"CLDN14","TSS200",-0.021413179665827
"chr19",46526483,46526675,4,-8.42054190437392,1.97187925529926,-8.42054190437392,1.97187925529926,-4.27031314505918,1.95198701840829e-05,266988,1,"PGLYRP1","TSS200;TSS1500",-0.0383998862496711
"chr19",22700869,22701260,2,-9.38075886324553,2.20522456915928,-9.38075886324553,2.20522456915928,-4.25387917150852,2.10098700060889e-05,266988,1,"","",-0.0137105079515805
"chr2",170624727,170624998,2,-7.59415870438015,1.78536316988048,-7.59415870438015,1.78536316988048,-4.25356523115043,2.10393611714427e-05,266988,1,"","",-0.0194619827103202
"chr2",236442942,236442999,2,4.81216711678494,1.13155268134999,4.81216711678494,1.13155268134999,4.25271151409744,2.11197577207478e-05,266988,1,"AGAP1","Body",-0.0359172739748029
"chr1",3649771,3649890,2,-12.7487547145804,2.9998815954849,-12.7487547145804,2.9998815954849,-4.24975263482681,2.14006718210567e-05,266988,1,"TP73","3'UTR",0.00139274118276034
"chr12",58013475,58013569,5,-5.45318002272374,1.29083846799217,-5.45318002272374,1.29083846799217,-4.22452549869067,2.39444741302842e-05,266988,1,"SLC26A10","TSS200;TSS1500",-0.0341636802033595
"chr11",89224799,89225042,3,5.91630339675874,1.40049417742746,5.91630339675874,1.40049417742746,4.22443983853348,2.39535827831861e-05,266988,1,"NOX4","5'UTR;TSS200;TSS1500",-0.0339921023946164
"chr16",86411296,86411373,3,-9.47719595033412,2.24457915026572,-9.47719595033412,2.24457915026572,-4.22225963794246,2.4186526745822e-05,266988,1,"","",-0.0104845636068447
"chr6",30071503,30071612,4,-12.0048746835186,2.85110703946674,-12.0048746835186,2.85110703946674,-4.21060118660574,2.54692015488021e-05,266988,1,"TRIM31","Body",-0.0158280099161597
"chr2",174877447,174877566,2,-9.8231354996649,2.3341587894058,-9.8231354996649,2.3341587894058,-4.20842641222602,2.57155246792155e-05,266988,1,"","",-0.0208642770443008
"chr18",74692214,74692235,2,10.8065743068447,2.57357094099776,10.8065743068447,2.57357094099776,4.19905825586258,2.68027364394133e-05,266988,1,"MBP","3'UTR",-0.0307678741287454
"chr4",2059525,2059595,2,-6.4652648074618,1.5438705751497,-6.4652648074618,1.5438705751497,-4.18769870449465,2.81797271504149e-05,266988,1,"","",-0.000286030279938343
"chr16",66613096,66613278,6,-8.17634843742967,1.95855419647325,-8.17634843742967,1.95855419647325,-4.17468582291608,2.98397570276971e-05,266988,1,"CMTM2","TSS200;TSS1500",0.00633984325902228
"chr12",213776,214224,3,-6.48225037793185,1.55491025513131,-6.48225037793185,1.55491025513131,-4.16889036299038,3.06086171483329e-05,266988,1,"IQSEC3","Body;5'UTR",-0.0349505711262228
"chr11",65779263,65779667,4,-8.72863807152633,2.0977455348742,-8.72863807152633,2.0977455348742,-4.16096133988425,3.16910735572213e-05,266988,1,"CST6","1stExon;TSS200",-0.00532213630765856
"chr17",3600383,3600461,2,-13.1499110199058,3.16192422191911,-13.1499110199058,3.16192422191911,-4.15883180524944,3.19879321816619e-05,266988,1,"P2RX5","TSS1500",0.00870517710837702
"chr16",54228169,54228323,2,-11.5231560975074,2.77544307742828,-11.5231560975074,2.77544307742828,-4.15182577197177,3.29833329890099e-05,266988,1,"","",-0.0498672299410598
"chr6",29717188,29717223,2,-15.0770182823206,3.64029211374433,-15.0770182823206,3.64029211374433,-4.14170561351261,3.44732635342089e-05,266988,1,"LOC285830","TSS1500",-0.00015950960313646
"chr1",27683501,27683912,2,-4.62570546052047,1.12030206981399,-4.62570546052047,1.12030206981399,-4.12898055368986,3.6437521621775e-05,266988,1,"MAP3K6","Body",-0.0191235396378814
"chr11",94501303,94501367,2,-27.6357692112102,6.70209411320577,-27.6357692112102,6.70209411320577,-4.12345287076122,3.73234854797514e-05,266988,1,"AMOTL1","TSS200;TSS1500",-0.00284085934296653
"chr12",124942016,124942176,2,-21.0396272962517,5.10603156515642,-21.0396272962517,5.10603156515642,-4.120543915127,3.77979010157635e-05,266988,1,"NCOR2","Body",-0.0167365095953078
"chr1",15573525,15573621,4,-8.98979026327622,2.18355762798239,-8.98979026327622,2.18355762798239,-4.11703824440978,3.83772408643129e-05,266988,1,"FHAD1","TSS1500;TSS200",-0.0283056559322568
"chr20",35094251,35094679,2,-5.9366617613177,1.44460805490455,-5.9366617613177,1.44460805490455,-4.10953112241228,3.96463282313204e-05,266988,1,"DLGAP4","Body;5'UTR",0.00870133018803629
"chr7",154862548,154863381,7,-6.56969650623469,1.59957315581272,-6.56969650623469,1.59957315581272,-4.10715601369085,4.00560681914197e-05,266988,1,"HTR5A","1stExon;Body;5'UTR",0.00373822656657645
"chr5",16465883,16466057,2,-18.747359372125,4.56579518968044,-18.747359372125,4.56579518968044,-4.10604475086785,4.02491538116701e-05,266988,1,"ZNF622","TSS200;5'UTR;1stExon",-0.0192193341181605
"chr9",111929547,111929752,2,4.19486281016114,1.02323407208936,4.19486281016114,1.02323407208936,4.09961212647618,4.13843133786716e-05,266988,1,"C9orf4","1stExon;TSS200",0.0521600411022587
"chr15",42349694,42349787,2,-10.4978319718084,2.56104165496202,-10.4978319718084,2.56104165496202,-4.0990477259395,4.14853492267175e-05,266988,1,"","",-0.0586476687023941
"chr4",39448432,39448464,2,-9.38470080789991,2.29304351927099,-9.38470080789991,2.29304351927099,-4.09268325220602,4.26410016436208e-05,266988,1,"KLB","Body",-0.0379997319804385
"chr10",121301765,121302009,2,-9.9409282126677,2.4314199183279,-9.9409282126677,2.4314199183279,-4.08852791643828,4.34119309948869e-05,266988,1,"RGS10","Body",0.00263792826200381
"chr2",236944798,236945083,3,12.2739231082806,3.00306278433311,12.2739231082806,3.00306278433311,4.08713503171271,4.36732950633888e-05,266988,1,"AGAP1","Body",0.00120101364028687
"chr5",176314555,176314628,2,18.9009519277211,4.62539233269169,18.9009519277211,4.62539233269169,4.08634566934606,4.38220747318527e-05,266988,1,"HK3","Body",0.0120683579799099
"chr6",33739607,33739653,2,-7.61080251899195,1.86379024707361,-7.61080251899195,1.86379024707361,-4.08350807229618,4.43608875761666e-05,266988,1,"LEMD2","3'UTR",-0.0100876384084013
"chr5",90575141,90575422,3,-9.28822007634381,2.27677844836862,-9.28822007634381,2.27677844836862,-4.07954497417133,4.51239395502429e-05,266988,1,"","",-0.0116554994306571
"chr1",46805334,46805584,2,-9.7921029209302,2.4010273274616,-9.7921029209302,2.4010273274616,-4.0782971559439,4.53667590336392e-05,266988,1,"NSUN4","TSS1500",-0.0103285322648123
"chr1",234350402,234350515,2,-24.6196048896094,6.04414286803161,-24.6196048896094,6.04414286803161,-4.07329962695393,4.63517306020668e-05,266988,1,"SLC35F3","Body",0.00253333220075852
"chr7",139320460,139320507,2,7.36538061104005,1.80909787414994,7.36538061104005,1.80909787414994,4.0713002410115,4.67514442975226e-05,266988,1,"HIPK2","Body",-0.0395224024816435
"chr4",39448653,39449053,3,-5.3025465295156,1.30623554242522,-5.3025465295156,1.30623554242522,-4.05941069377935,4.91967190056708e-05,266988,1,"KLB","Body",-0.00216402620059756
"chr16",30572815,30572929,3,-7.97843176449788,1.96793674453088,-7.97843176449788,1.96793674453088,-4.0542114916401,5.03036910442727e-05,266988,1,"","",-0.0139508957301462
"chr10",134998463,134998487,2,-18.0042890517363,4.44921645463111,-18.0042890517363,4.44921645463111,-4.04662017128789,5.19624542202378e-05,266988,1,"KNDC1","Body",-0.0142930421899661
"chr3",136537169,136537267,2,-9.16722713026265,2.26596673380069,-9.16722713026265,2.26596673380069,-4.04561417143426,5.21861237608566e-05,266988,1,"TMEM22","TSS1500",-0.0232600515116956
"chr6",32729563,32729764,5,-9.1868044794796,2.27225466923927,-9.1868044794796,2.27225466923927,-4.04303470198402,5.27638078301779e-05,266988,1,"HLA-DQB2","Body",-0.00165898785583776
"chr13",20968936,20969084,2,-10.789084807743,2.66998900505901,-10.789084807743,2.66998900505901,-4.0408723733694,5.32527350757268e-05,266988,1,"","",-0.020494255048123
"chr4",113207131,113207355,2,-34.5862816382718,8.56029298259584,-34.5862816382718,8.56029298259584,-4.04031517479485,5.33794179340438e-05,266988,1,"TIFA","TSS1500;TSS200",-0.00178245539878599
"chr17",7757543,7757933,3,-8.42709964304012,2.08819531761126,-8.42709964304012,2.08819531761126,-4.03558976115324,5.44653114874315e-05,266988,1,"KDM6B;TMEM88","3'UTR;TSS1500",0.00520577664269158
"chr6",31688428,31688702,2,13.8561435157518,3.43406610430774,13.8561435157518,3.43406610430774,4.0349087917587,5.4623511988599e-05,266988,1,"LY6G6C","Body",-0.00368247311362224
"chr7",157550679,157551024,2,-12.8182261463795,3.17910089211546,-12.8182261463795,3.17910089211546,-4.03202873434128,5.52974240176834e-05,266988,1,"PTPRN2","Body",-0.0264298459082928
"chr11",17760574,17760956,3,5.65042610442947,1.4033281035328,5.65042610442947,1.4033281035328,4.02644690874846,5.66260175427657e-05,266988,1,"KCNC1","Body",0.0436762914681669
"chr2",235907735,235907796,2,11.0957023545286,2.75707880142593,11.0957023545286,2.75707880142593,4.02444150264766,5.71106873313439e-05,266988,1,"SH3BP4","5'UTR",-0.0123450418874604
"chr6",30095136,30095419,16,-1.65706058639866,0.411795223485322,-1.65706058639866,0.411795223485322,-4.0239917606954,5.72199197926614e-05,266988,1,"","",0.0185520996388033
"chr6",30071399,30071412,2,-15.7623192017022,3.92227266283704,-15.7623192017022,3.92227266283704,-4.01866992854625,5.85275919552562e-05,266988,1,"TRIM31","Body",0.000849981837357953
"chr14",24769227,24769404,2,-16.6648622908581,4.14739769234257,-16.6648622908581,4.14739769234257,-4.01814909663155,5.86570794047404e-05,266988,1,"DHRS1;C14orf21","TSS1500;1stExon;TSS200",-0.00509262476776807
"chr16",74734251,74734321,2,-22.521077546345,5.61016998379951,-22.521077546345,5.61016998379951,-4.01433069075966,5.96147175423215e-05,266988,1,"MLKL","5'UTR",-0.0383295859276707
"chr22",49765054,49765229,2,-5.02907154325473,1.25455554909092,-5.02907154325473,1.25455554909092,-4.00864796054579,6.10673722527199e-05,266988,1,"","",-0.0373401024636165
"chr19",847943,848026,3,-5.63083231602126,1.40583075533129,-5.63083231602126,1.40583075533129,-4.00534153536449,6.1927938163513e-05,266988,1,"PRTN3","3'UTR;Body",-0.0331041334545489
"chr2",220253653,220253656,2,-5.83877291362492,1.46237174754722,-5.83877291362492,1.46237174754722,-3.9926734931922,6.53324994182139e-05,266988,1,"DNPEP","TSS1500",0.00524277474243617
"chr2",241076313,241076441,4,-9.80574753413013,2.45799836083655,-9.80574753413013,2.45799836083655,-3.98932224299485,6.62623534965612e-05,266988,1,"MYEOV2","TSS1500",-0.0552205079633479
"chr22",42828415,42828418,2,-5.91618897516328,1.48322429701252,-5.91618897516328,1.48322429701252,-3.98873520820791,6.64265186794969e-05,266988,1,"NFAM1","TSS200",-0.0237241804954451
"chr2",128458399,128458556,3,-10.6921141593762,2.68302648463919,-10.6921141593762,2.68302648463919,-3.9850945268675,6.74532681085358e-05,266988,1,"SFT2D3","TSS200",-0.00906250691783095
"chr8",2003835,2004488,5,-25.7310724385885,6.46364142234097,-25.7310724385885,6.46364142234097,-3.98089416743501,6.86565141862643e-05,266988,1,"MYOM2","Body",-0.0167671020012095
"chr17",74395443,74395633,2,-31.3748491909343,7.91445884591535,-31.3748491909343,7.91445884591535,-3.9642444040412,7.36287882418012e-05,266988,1,"UBE2O","Body",-0.000954783807892656
"chr6",30128511,30128775,5,-11.0490543497219,2.79328365084044,-11.0490543497219,2.79328365084044,-3.95557907139058,7.63494895601572e-05,266988,1,"TRIM10","1stExon;TSS200",0.00505429769779826
"chr4",113332969,113333072,4,4.7374286937301,1.19785472484965,4.7374286937301,1.19785472484965,3.95492758466578,7.65578369355885e-05,266988,1,"ALPK1","Body",0.0134585826418586
"chr6",30684736,30684837,4,-13.991076073866,3.54045712028452,-13.991076073866,3.54045712028452,-3.95177108450381,7.75749297633669e-05,266988,1,"MDC1","5'UTR",-0.000898455526028259
"chr12",121164025,121164278,3,-7.41747674227496,1.87951135720655,-7.41747674227496,1.87951135720655,-3.9464921102149,7.93045338016672e-05,266988,1,"ACADS","Body",-0.0188257557010224
"chr17",48545950,48546118,2,-6.63961357847264,1.68422560402416,-6.63961357847264,1.68422560402416,-3.9422352697931,8.07257310636033e-05,266988,1,"ACSF2;CHAD","Body;1stExon",-0.0418155717733763
"chr2",28618831,28619094,2,-5.72907960396936,1.4576843507039,-5.72907960396936,1.4576843507039,-3.93026075995318,8.48537867278222e-05,266988,1,"FOSL2","Body",0.00127039949404728
"chr11",6342214,6342231,2,-12.3129169603174,3.14552537633751,-12.3129169603174,3.14552537633751,-3.91442302546416,9.06206404563045e-05,266988,1,"PRKCDBP","TSS1500",-0.0256886311941136
"chr7",101500014,101500514,3,-6.38257669477839,1.63286546626054,-6.38257669477839,1.63286546626054,-3.9088196955964,9.27481516460146e-05,266988,1,"CUX1","Body",-0.0161328649035336
"chr3",50375496,50375624,6,-5.96068973036612,1.52716076776945,-5.96068973036612,1.52716076776945,-3.90311868675897,9.49611066315017e-05,266988,1,"RASSF1","TSS1500;Body;5'UTR;1stExon",0.0117567436160015
"chr21",22369485,22369908,3,-17.5129578949163,4.49290650247721,-17.5129578949163,4.49290650247721,-3.89791282886931,9.70253275935358e-05,266988,1,"NCAM2","TSS1500",-0.000475286896864167
"chr6",3724407,3724690,3,-2.74793032432362,0.706289469442382,-2.74793032432362,0.706289469442382,-3.89065736247367,9.99730180389595e-05,266988,1,"C6orf145","Body",0.0150360308826949
"chr2",74612759,74612812,2,7.5946803102915,1.9522552191474,7.5946803102915,1.9522552191474,3.89020873695412,0.000100158029522305,266988,1,"LOC100189589","TSS200",0.0321019609277835
"chr1",236686564,236686804,5,-7.38718809212757,1.90244287301485,-7.38718809212757,1.90244287301485,-3.88300127005702,0.000103175029004799,266988,1,"LGALS8","TSS200;5'UTR;TSS1500;1stExon",0.00355487467415236
"chr22",44419911,44420316,2,-42.4160448034055,10.9573736653771,-42.4160448034055,10.9573736653771,-3.87100468586109,0.000108387708263348,266988,1,"PARVB","Body;TSS1500;1stExon",-0.00503536292556362
"chr11",62474735,62474744,2,10.1754507424211,2.62879536400434,10.1754507424211,2.62879536400434,3.87076562966895,0.000108494063698347,266988,1,"BSCL2;GNG3","5'UTR;TSS1500;1stExon",0.049740749738578
"chr5",78908495,78908678,2,-25.0468317212376,6.477279915319,-25.0468317212376,6.477279915319,-3.86687499207821,0.000110238899555043,266988,1,"PAPD4","1stExon;5'UTR",-0.0173751003725498
"chr19",46526333,46526367,2,-2.24986020265593,0.582062201025161,-2.24986020265593,0.582062201025161,-3.86532607459023,0.000110940883283319,266988,1,"PGLYRP1","TSS200",-0.0332047872509455
"chr3",133464867,133465180,3,4.55119929003557,1.17769891642308,4.55119929003557,1.17769891642308,3.86448456950144,0.000111324026872072,266988,1,"TF","TSS200;5'UTR;1stExon",-0.00692393808591211
"chr10",133858385,133858741,3,-4.78638998595946,1.23892140358024,-4.78638998595946,1.23892140358024,-3.86335240647853,0.000111841478936101,266988,1,"","",-0.0221203686622159
"chr8",144631887,144631915,2,-24.1828104191838,6.27816357441441,-24.1828104191838,6.27816357441441,-3.85189237785022,0.000117208536584769,266988,1,"","",-0.0201878138930298
"chr6",168476697,168476759,2,-22.5700611308863,5.86509131950457,-22.5700611308863,5.86509131950457,-3.84820284994177,0.000118987510887308,266988,1,"FRMD1","TSS200;Body;TSS1500",-0.00868531878468792
"chr1",248903100,248903325,4,10.5423413922272,2.74097651471759,10.5423413922272,2.74097651471759,3.84619909569472,0.000119964295720838,266988,1,"LOC646627","TSS200;1stExon",0.00852786214997864
"chr21",46306688,46306700,2,-14.7993177339561,3.85736550333739,-14.7993177339561,3.85736550333739,-3.83663869061714,0.000124729769006473,266988,1,"ITGB2","Body",-0.00760391747796757
"chr2",121107018,121107495,3,-6.63466702863688,1.73267625481803,-6.63466702863688,1.73267625481803,-3.82914408285329,0.000128589708755196,266988,1,"INHBB","Body;3'UTR",-0.0390084203643643
"chr6",31276212,31276653,4,-10.5376961068519,2.7539825669018,-10.5376961068519,2.7539825669018,-3.8263481524891,0.000130058313975718,266988,1,"","",0.00302071803204215
"chr1",2984275,2984445,2,-7.7212676294457,2.02206698008453,-7.7212676294457,2.02206698008453,-3.81850240644498,0.000134264274984081,266988,1,"PRDM16;FLJ42875","TSS1500;TSS200;Body",0.0305722117920595
"chr11",1221141,1221398,2,-6.87921092507361,1.80196548121658,-6.87921092507361,1.80196548121658,-3.81761526332301,0.000134747839171884,266988,1,"","",-0.0646846243493892
"chr2",37383568,37383994,2,-13.3751406871146,3.50588800122868,-13.3751406871146,3.50588800122868,-3.81505076101321,0.000136154942539351,266988,1,"EIF2AK2","5'UTR",-0.00657119010335843
"chr19",47016623,47017048,3,-6.67255305113685,1.74903894652323,-6.67255305113685,1.74903894652323,-3.81498254478591,0.000136192560077113,266988,1,"","",-0.0291706956619746
"chr17",48258561,48258695,2,8.82957515725457,2.31834738770885,8.82957515725457,2.31834738770885,3.80856432649663,0.000139775986127841,266988,1,"","",-0.030385334560158
"chr14",55878680,55878799,2,-19.1246838183222,5.02222693328306,-19.1246838183222,5.02222693328306,-3.80800869263395,0.000140090349825221,266988,1,"KIAA0831","TSS200;TSS1500",-0.00866948970075789
"chr1",27113753,27114177,2,-13.3240783728671,3.49979026050657,-13.3240783728671,3.49979026050657,-3.80710767820083,0.000140601537090699,266988,1,"PIGV","TSS1500",-0.00815027836876044
"chr2",239695552,239696014,4,-6.01549036951647,1.58096036459839,-6.01549036951647,1.58096036459839,-3.80495963353552,0.000141827318339188,266988,1,"","",-0.0157804503199118
"chr15",90319420,90319680,5,-9.00524811892763,2.37057373758346,-9.00524811892763,2.37057373758346,-3.79876313322677,0.000145419986432967,266988,1,"MESP2","1stExon;TSS200",-0.00937743095948881
"chr7",157294357,157294502,3,-5.28428659459405,1.39357488007077,-5.28428659459405,1.39357488007077,-3.79189282912858,0.000149503433154618,266988,1,"","",-0.0151433315231977
"chr2",71693870,71694284,4,-4.98057171576744,1.31355143372726,-4.98057171576744,1.31355143372726,-3.79168381829926,0.000149629337275295,266988,1,"DYSF","Body;1stExon;5'UTR",-0.0125121494834985
"chr19",49699879,49700006,3,-6.80722138758007,1.79549008297242,-6.80722138758007,1.79549008297242,-3.79128876964375,0.000149867579710484,266988,1,"TRPM4","Body",-0.019649526678919
"chr7",95025611,95025736,2,-9.57137283507341,2.52656024792571,-9.57137283507341,2.52656024792571,-3.78830183959851,0.000151680503304483,266988,1,"PON3","TSS200;1stExon",-0.0143405595765205
"chr15",35086890,35086928,2,-9.83325117617699,2.59646676561569,-9.83325117617699,2.59646676561569,-3.78716620077564,0.000152375182917508,266988,1,"ACTC1","Body",-0.0316179316642539
"chr12",133187174,133187452,2,-19.7914306913461,5.22883965011473,-19.7914306913461,5.22883965011473,-3.78505213693288,0.000153676357234176,266988,1,"","",-0.012321869132954
"chr2",99439848,99439997,3,-9.59433231664216,2.53656469260584,-9.59433231664216,2.53656469260584,-3.78241183621688,0.000155316112068664,266988,1,"C2orf55","Body",-0.00136579200269244
"chr2",175206474,175206966,3,-20.5994899300106,5.45470674227008,-20.5994899300106,5.45470674227008,-3.7764614860739,0.000159072143207005,266988,1,"","",0.000685924365112389
"chr19",12948853,12949047,2,12.9316959865365,3.42471359355253,12.9316959865365,3.42471359355253,3.77599341763415,0.000159371199458361,266988,1,"MAST1","TSS1500",0.0203985015410658
"chr10",99258642,99258646,2,21.3582760993991,5.66961952215426,21.3582760993991,5.66961952215426,3.7671445175361,0.000165125422361047,266988,1,"MMS19;UBTD1","TSS1500;TSS200",0.013074576662673
"chr5",141061521,141061875,4,-5.19789006764595,1.38382362226876,-5.19789006764595,1.38382362226876,-3.75617960555124,0.000172526898240506,266988,1,"ARAP3","5'UTR;TSS200;1stExon",-0.0170179952183203
"chr1",109633088,109633189,2,-15.0724462876396,4.02136002891458,-15.0724462876396,4.02136002891458,-3.74809670839342,0.00017818155562534,266988,1,"TMEM167B","TSS1500",-0.00191950954068938
"chr16",20359815,20360298,5,-8.9341044441832,2.38599589587974,-8.9341044441832,2.38599589587974,-3.74439220939611,0.000180830988566758,266988,1,"UMOD","Body",-0.0321410152557105
"chr17",63624567,63624698,3,-5.22401298256076,1.39637530314194,-5.22401298256076,1.39637530314194,-3.74112387322116,0.000183199192606205,266988,1,"","",0.0161298332633202
"chr18",19780644,19780728,2,-15.2801217096155,4.09177881329802,-15.2801217096155,4.09177881329802,-3.73434694464815,0.000188202903119621,266988,1,"GATA6","Body",-0.0203774704395093
"chr5",146435656,146436093,3,8.54128098616902,2.28881670895402,8.54128098616902,2.28881670895402,3.73174529561712,0.000190157719749656,266988,1,"PPP2R2B","5'UTR;TSS1500;1stExon",0.0091957118814661
"chr2",21266568,21266727,2,-15.0911787604201,4.04523923075699,-15.0911787604201,4.04523923075699,-3.73060229557698,0.000191022562226086,266988,1,"APOB","Body",-0.0312185572862472
"chr6",169901471,169901503,2,5.05054983953131,1.35591807339764,5.05054983953131,1.35591807339764,3.72481932250944,0.000195455160278556,266988,1,"WDR27","Body",-0.048934905464583
"chr19",611107,611506,4,-7.57711812474456,2.03584120061565,-7.57711812474456,2.03584120061565,-3.72186107759938,0.000197759821409194,266988,1,"HCN2","Body",-0.00276214092908286
"chr12",99139571,99139867,4,-8.32431288056775,2.23901384365683,-8.32431288056775,2.23901384365683,-3.71784788385774,0.000200927190269774,266988,1,"ANKS1B","Body",0.00149824366757914
"chr12",9217769,9217859,2,-10.729178815076,2.88848912017511,-10.729178815076,2.88848912017511,-3.71446052544784,0.000203637653087399,266988,1,"LOC144571","TSS200;Body",-0.0765740044275165
"chr13",22615049,22615064,2,-24.419180329999,6.57501666433039,-24.419180329999,6.57501666433039,-3.71393436346308,0.000204061741463149,266988,1,"","",-0.0122594815302285
"chr19",11199944,11199965,2,10.8240486120787,2.91576570926206,10.8240486120787,2.91576570926206,3.71224909384715,0.000205425665555766,266988,1,"LDLR","TSS200",-0.00678591761951319
"chr7",100203506,100203651,2,-8.85234976856395,2.41140305803761,-8.85234976856395,2.41140305803761,-3.67103696707093,0.000241568394268427,266988,1,"PCOLCE","Body",-0.0110486252029039
"chr5",87985200,87985283,3,-10.3546957364809,2.82086859718434,-10.3546957364809,2.82086859718434,-3.67074728217274,0.000241842368278713,266988,1,"","",-9.93083383724706e-05
"chr15",101389354,101389733,4,-6.7461342083421,1.83997233613153,-6.7461342083421,1.83997233613153,-3.66643241089461,0.00024595788893631,266988,1,"","",-0.0764005573391733
"chr4",184961220,184961323,2,-8.40538229246433,2.29586232110538,-8.40538229246433,2.29586232110538,-3.66110032609334,0.000251134387879678,266988,1,"","",-0.017377378737111
"chr17",78865373,78865514,2,-7.35085644529316,2.00854493495755,-7.35085644529316,2.00854493495755,-3.65979188085654,0.00025242017562616,266988,1,"RPTOR","Body",0.0259568318203225
"chr21",26934576,26934885,3,-8.31731274765433,2.27538608499508,-8.31731274765433,2.27538608499508,-3.65534130779054,0.000256840045753548,266988,1,"MIR155HG","Body",-0.020983453336009
"chr12",66583048,66583431,3,-7.62278649047987,2.08696335336501,-7.62278649047987,2.08696335336501,-3.65257323670248,0.000259625516018437,266988,1,"IRAK3","Body;1stExon;5'UTR",0.00261589813902469
"chr17",43392165,43392332,2,-4.22948219011713,1.15986079534783,-4.22948219011713,1.15986079534783,-3.64654293608463,0.000265792083396781,266988,1,"MAP3K14","5'UTR",-0.0400891061371274
"chr8",134072526,134072611,2,-14.6240902774815,4.02050695155168,-14.6240902774815,4.02050695155168,-3.63737470266964,0.000275431103713451,266988,1,"SLA;TG","TSS200;Body;5'UTR;1stExon",-0.00314525697899504
"chr5",140515675,140515961,3,-10.2408434284291,2.8179281363927,-10.2408434284291,2.8179281363927,-3.63417480246271,0.000278871751410445,266988,1,"PCDHB5","1stExon",-0.0220806735000497
"chr3",113160554,113160623,2,-14.6348812191515,4.03006101690053,-14.6348812191515,4.03006101690053,-3.63142919121534,0.000281855994997833,266988,1,"WDR52","TSS200;TSS1500",-0.00118709467711833
"chr10",43522143,43522343,3,-7.91374299711035,2.17965133541263,-7.91374299711035,2.17965133541263,-3.63073803068241,0.000282611927576481,266988,1,"","",-0.0193902258013715
"chr2",173293627,173294093,2,-8.95175352126801,2.46608389337703,-8.95175352126801,2.46608389337703,-3.62994687460108,0.000283479558440282,266988,1,"ITGA6","Body",-0.0198593039934061
"chr3",184971652,184971699,2,-19.6332108160411,5.4113564861867,-19.6332108160411,5.4113564861867,-3.62814958987785,0.000285459855903288,266988,1,"EHHADH","5'UTR;Body;1stExon",-0.0110602177158717
"chr10",134807444,134807902,2,-10.2751290306839,2.83927209921162,-10.2751290306839,2.83927209921162,-3.61893072296136,0.00029582281044263,266988,1,"","",-0.00589305899043241
"chr2",241076543,241076560,3,-6.6386616697734,1.835994129152,-6.6386616697734,1.835994129152,-3.61584035829115,0.00029937483863078,266988,1,"MYEOV2","TSS1500",-0.0299871197900108
"chr17",73892982,73893202,4,-14.3396089294718,3.97367645763103,-14.3396089294718,3.97367645763103,-3.6086503474469,0.000307794118628559,266988,1,"TRIM65","1stExon;TSS200",-0.000641226195385444
"chr10",98129902,98130310,3,-7.75535134801077,2.15026787454707,-7.75535134801077,2.15026787454707,-3.60669079411529,0.000310126847869907,266988,1,"TLL2","Body",-0.016294599047812
"chr5",140529499,140529738,4,-10.9052474741521,3.02511645641477,-10.9052474741521,3.02511645641477,-3.6049017058591,0.000312271094704766,266988,1,"PCDHB6","TSS200;TSS1500",-0.00695525478749588
"chr7",1518699,1519143,2,-13.5145476699693,3.74941853867602,-13.5145476699693,3.74941853867602,-3.6044382697114,0.000312828788349368,266988,1,"INTS1","Body",-0.0344003326501189
"chr15",69754698,69754714,2,-10.438214675701,2.89840489952832,-10.438214675701,2.89840489952832,-3.60136524658777,0.000316550485952089,266988,1,"","",-0.0525358600585042
"chr6",1604013,1604081,2,-13.8264691132941,3.83928703079752,-13.8264691132941,3.83928703079752,-3.60131165041391,0.000316615761812754,266988,1,"","",-0.0262492881297737
"chr19",43857717,43857861,2,-14.0510336534611,3.90219208098765,-14.0510336534611,3.90219208098765,-3.60080522994264,0.000317233163845531,266988,1,"CD177","1stExon;5'UTR;TSS200",-0.0247101940307117
"chr6",31649469,31649728,8,-3.25127751269384,0.903527234394114,-3.25127751269384,0.903527234394114,-3.59842779379426,0.000320146706898528,266988,1,"LY6G5C","TSS1500",0.00601421821365833
"chr22",22090796,22090804,2,-8.50606972601625,2.36437984844305,-8.50606972601625,2.36437984844305,-3.59759018062073,0.000321179153211825,266988,1,"YPEL1","TSS1500",-0.0191258669523591
"chr6",33283189,33283314,2,-11.0363247770052,3.07823750514007,-11.0363247770052,3.07823750514007,-3.58527396231662,0.000336724539923851,266988,1,"ZBTB22;TAPBP","Body;TSS1500",-0.00330227435702662
"chr6",32812933,32813441,7,5.79118019510263,1.61583887257684,5.79118019510263,1.61583887257684,3.5840084635835,0.000338361113386693,266988,1,"PSMB8;TAP1","TSS1500;Body;3'UTR",0.0629972549368619
"chr7",156741534,156741538,2,-11.5468732700654,3.22371248393034,-11.5468732700654,3.22371248393034,-3.58185580371223,0.000341162092674504,266988,1,"NOM1","TSS1500",0.00694735515315342
"chr7",27153605,27153636,2,18.1749915516206,5.07909519444688,18.1749915516206,5.07909519444688,3.57839159452885,0.000345715206524469,266988,1,"HOXA3","5'UTR;TSS200;1stExon",0.0489892783175141
"chr19",12624466,12624565,2,-18.7360927119084,5.23841762517904,-18.7360927119084,5.23841762517904,-3.57667029483318,0.000347998642225893,266988,1,"ZNF709","1stExon;5'UTR",-0.0141351430639717
"chr17",1553202,1553484,5,-6.28135734770803,1.756904440719,-6.28135734770803,1.756904440719,-3.57524131769935,0.00034990499879012,266988,1,"RILP","5'UTR;1stExon;TSS200",-0.019257495587211
"chr11",67182488,67182672,2,3.04797420570215,0.852691151244657,3.04797420570215,0.852691151244657,3.57453481398638,0.000350851129080487,266988,1,"ATPGD1","TSS1500",-0.0418946478944153
"chr17",79663039,79663509,2,14.0518376560868,3.93245023750079,14.0518376560868,3.93245023750079,3.57330336238844,0.000352505977607611,266988,1,"HGS","Body",0.00312636428042495
"chr11",85646010,85646125,2,-6.45280664694826,1.81478288771141,-6.45280664694826,1.81478288771141,-3.55569070583741,0.00037698737233504,266988,1,"","",-0.0141886797177325
"chr14",24780167,24780404,2,-6.24160672689393,1.75564532177479,-6.24160672689393,1.75564532177479,-3.55516381895647,0.000377743657441648,266988,1,"LTB4R2;LTB4R;CIDEB","1stExon;Body;TSS1500;5'UTR",-0.0272752048426332
"chr12",124773870,124773995,2,-12.6089564857643,3.54911098622833,-12.6089564857643,3.54911098622833,-3.552708420416,0.00038128683862487,266988,1,"FAM101A","5'UTR;1stExon",-0.00428557363216105
"chr7",1120247,1120465,2,-6.89227768816316,1.94287369093663,-6.89227768816316,1.94287369093663,-3.54746565374535,0.000388956462526584,266988,1,"C7orf50","Body",-0.00834458590402298
"chr2",21266947,21266995,5,-5.39698396481889,1.52186086810705,-5.39698396481889,1.52186086810705,-3.54630576153252,0.000390672628203614,266988,1,"APOB","TSS200",-0.0299570627935131
"chr19",12991918,12992305,4,-11.7550009887628,3.31505453892949,-11.7550009887628,3.31505453892949,-3.54594497638604,0.000391207883617422,266988,1,"DNASE2","Body;5'UTR;1stExon",-0.0113344959037381
"chr15",96890598,96891026,4,-8.7596388806069,2.47255865759203,-8.7596388806069,2.47255865759203,-3.54274259731322,0.000395989011230923,266988,1,"","",-0.0149624374287846
"chr2",233323840,233324053,3,-11.840712584785,3.35129647590707,-11.840712584785,3.35129647590707,-3.53317370453778,0.000410602594073626,266988,1,"ALPI","3'UTR;Body",-0.0314475549822465
"chr10",80828357,80828702,3,17.8894142777244,5.06893947367191,17.8894142777244,5.06893947367191,3.52922230984254,0.000416782853870207,266988,1,"LOC283050;ZMIZ1","TSS1500;TSS200",0.0049330636761403
"chr13",112984840,112984976,2,-8.06707379299879,2.28956174841748,-8.06707379299879,2.28956174841748,-3.52341394529965,0.000426025417287108,266988,1,"","",-0.0446076694071951
"chr12",6949114,6949119,2,-10.3338297180672,2.9335468062185,-10.3338297180672,2.9335468062185,-3.52264013519798,0.000427271089937819,266988,1,"GNB3","TSS1500",0.00572719635715357
"chr2",233215546,233215939,2,-11.3475765591639,3.22587899201385,-11.3475765591639,3.22587899201385,-3.51766962965957,0.000435354000353455,266988,1,"","",-0.0374351820877133
"chr19",51487109,51487478,8,-8.5176574268184,2.42395501093716,-8.5176574268184,2.42395501093716,-3.51395029544104,0.000441495416185146,266988,1,"KLK7","5'UTR;1stExon;TSS200;TSS1500",-0.0148435666319021
"chr8",10907750,10907788,2,-8.27184185219655,2.35565468154333,-8.27184185219655,2.35565468154333,-3.51148320549987,0.000445613617986421,266988,1,"XKR6","Body",-0.0200319293427617
"chr14",100751514,100751572,2,-14.8323351403223,4.2283594884287,-14.8323351403223,4.2283594884287,-3.50782263923216,0.000451790145860419,266988,1,"","",-0.00849522572839169
"chr10",86300812,86300952,2,-13.1180373169589,3.74081325821088,-13.1180373169589,3.74081325821088,-3.50673407397856,0.000453642253577387,266988,1,"","",-0.0161831576772448
"chr12",133424655,133424709,2,15.2676826575911,4.35422937677265,15.2676826575911,4.35422937677265,3.5064029329818,0.000454207067818286,266988,1,"CHFR","Body",0.0106636176385969
"chr12",25348087,25348261,2,-17.0802082243876,4.87118507652637,-17.0802082243876,4.87118507652637,-3.50637636551627,0.000454252411330546,266988,1,"CASC1;LYRM5","1stExon;5'UTR;TSS200",-0.0112093198941215
"chr19",51165207,51165632,4,-10.3279009574881,2.94708628089207,-10.3279009574881,2.94708628089207,-3.50444472034999,0.000457560551673496,266988,1,"SHANK1","3'UTR;Body",0.000605009468845313
"chr5",176757703,176758052,2,-15.2881086152293,4.36661336466624,-15.2881086152293,4.36661336466624,-3.50113631285462,0.00046327881599338,266988,1,"","",-0.0151993579207244
"chr16",30485383,30485597,3,-4.90895089977812,1.40432051521701,-4.90895089977812,1.40432051521701,-3.49560577274594,0.000472986946707919,266988,1,"ITGAL","Body",-0.0157291221364764
"chr8",134203379,134203435,2,-7.19411448440711,2.05912713662477,-7.19411448440711,2.05912713662477,-3.49376896474658,0.000476252975734982,266988,1,"WISP1","1stExon;5'UTR",-0.0635291019782686
"chr13",113784082,113784663,3,-12.321651857661,3.5313414913112,-12.321651857661,3.5313414913112,-3.48922693768876,0.000484419700759896,266988,1,"F10","Body",-0.0250666964296343
"chr12",101988604,101988756,2,10.9779355870054,3.1470176664244,10.9779355870054,3.1470176664244,3.48836160156621,0.00048599034248894,266988,1,"MYBPC1","5'UTR;1stExon;TSS200",0.0163090862424696
"chr19",1465962,1466162,2,-8.07373087759483,2.32001175228156,-8.07373087759483,2.32001175228156,-3.48003878413759,0.000501341201227142,266988,1,"APC2","Body",-0.0143810681126686
"chr7",157701024,157701262,2,-5.50264325812174,1.58419477501019,-5.50264325812174,1.58419477501019,-3.47346383470198,0.000513786599674253,266988,1,"PTPRN2","Body",-0.00493130914092652
"chr19",54485404,54485509,4,-5.28380469555804,1.52181557670311,-5.28380469555804,1.52181557670311,-3.47204009240395,0.000516519191611715,266988,1,"CACNG8;MIR935","Body;TSS200",-0.0176069074903851
"chr12",9217529,9217583,2,-27.1547617572439,7.84489091138239,-27.1547617572439,7.84489091138239,-3.46145817245772,0.000537257599605808,266988,1,"LOC144571","TSS200;TSS1500",-0.0604092380054894
"chr6",158981802,158982078,3,-16.1123953994868,4.65560262943299,-16.1123953994868,4.65560262943299,-3.46086139259894,0.000538449970400705,266988,1,"TMEM181","Body",-0.000832228843205972
"chr6",169978311,169978387,2,-12.1820690922376,3.53380825025212,-12.1820690922376,3.53380825025212,-3.44729205139201,0.000566236120752891,266988,1,"WDR27","Body",-0.0343857324558028
"chr7",150885103,150885458,2,-9.65340469542343,2.80354418701525,-9.65340469542343,2.80354418701525,-3.44328608770771,0.000574691027729544,266988,1,"ASB10","TSS1500;TSS200",-0.00915804385582353
"chr7",101768610,101768676,2,-7.01411824425199,2.03849725617382,-7.01411824425199,2.03849725617382,-3.44082790546268,0.000579937262463177,266988,1,"CUX1","Body",0.0253707043248352
"chr5",851101,851458,6,-5.48220640895661,1.59445755710777,-5.48220640895661,1.59445755710777,-3.43828933201643,0.000585401843067406,266988,1,"ZDHHC11","TSS200;TSS1500",-0.00805723973469349
"chr12",131303247,131303621,4,-12.1625090110068,3.53870331610937,-12.1625090110068,3.53870331610937,-3.43699596279771,0.00058820437089561,266988,1,"STX2","Body",-0.0111473839897224
"chr11",64739336,64739484,4,-9.9748005080439,2.90276072379973,-9.9748005080439,2.90276072379973,-3.43631510040099,0.000589684705964206,266988,1,"","",-0.0177962355901927
"chr8",19615134,19615514,4,-8.1690536388735,2.38959382699239,-8.1690536388735,2.38959382699239,-3.41859505435504,0.000629453276787242,266988,1,"","",-0.0186155537022799
"chr11",18415742,18415927,5,-17.1793610362698,5.03631985659996,-17.1793610362698,5.03631985659996,-3.41109411741525,0.000647027532448274,266988,1,"LDHA","TSS200",0.00360302656716722
"chr2",87017953,87018054,2,-7.32158314670857,2.1473730138823,-7.32158314670857,2.1473730138823,-3.409553486691,0.000650693171381872,266988,1,"CD8A","5'UTR;1stExon;Body",-0.016702127255563
"chr8",74005537,74005697,2,-21.2053870696065,6.2267629800183,-21.2053870696065,6.2267629800183,-3.40552340560491,0.000660373525399792,266988,1,"C8orf84","TSS200",-0.0108774304117206
"chr6",44186914,44187052,4,-11.2569882748876,3.3071232196797,-11.2569882748876,3.3071232196797,-3.40386115881641,0.000664405154557526,266988,1,"SLC29A1","TSS1500;TSS200",-0.016909349588313
"chr6",71999105,71999108,2,-19.6385337276802,5.77511759303637,-19.6385337276802,5.77511759303637,-3.40054265758335,0.000672522418234419,266988,1,"OGFRL1","Body",0.00152786279383194
"chr1",3590920,3591248,2,-7.28141604642764,2.14300624461835,-7.28141604642764,2.14300624461835,-3.39775773622368,0.000679405565111775,266988,1,"TP73","5'UTR",-0.0161174573218509
"chr11",3829219,3829780,8,8.01330457883217,2.36250288325213,8.01330457883217,2.36250288325213,3.39187081448187,0.000694171611444838,266988,1,"PGAP2","Body;TSS1500;TSS200;5'UTR;1stExon",0.00905363580331403
"chr1",201252453,201252472,2,-25.1172836381853,7.42079016316461,-25.1172836381853,7.42079016316461,-3.38471821543516,0.000712513587390382,266988,1,"PKP1","TSS200",-0.0117884978973471
"chr4",24801425,24801801,2,-9.10792682069001,2.69171470481738,-9.10792682069001,2.69171470481738,-3.38368951374731,0.000715188305509034,266988,1,"SOD3","Body",-0.00607778940187184
"chr16",2069444,2069822,3,-5.50979274891426,1.62909907183803,-5.50979274891426,1.62909907183803,-3.38211029897515,0.00071931256657095,266988,1,"NPW","TSS200;1stExon;5'UTR",-0.0161954215731485
"chr6",31795171,31795241,4,-21.6457690269135,6.40832378078054,-21.6457690269135,6.40832378078054,-3.37775832922678,0.00073079275410995,266988,1,"HSPA1B","TSS1500",-0.0253400327488862
"chr17",43213141,43213270,2,-15.1126711728012,4.47822765745685,-15.1126711728012,4.47822765745685,-3.37469917315092,0.00073896420742001,266988,1,"ACBD4","5'UTR;1stExon",-0.0404451170547844
"chr10",134300380,134300809,2,-27.2059696584356,8.07194053617995,-27.2059696584356,8.07194053617995,-3.37043732377529,0.000750489761615854,266988,1,"","",-0.00665007612375917
"chr10",75401245,75401258,2,-8.82380852517037,2.62058157680887,-8.82380852517037,2.62058157680887,-3.36711843022085,0.00075958060735372,266988,1,"MYOZ1","1stExon;5'UTR",0.00781362163652449
"chr5",140344290,140344483,2,18.9292894609342,5.62572259926194,18.9292894609342,5.62572259926194,3.36477476927455,0.00076606165549839,266988,1,"PCDHA7;PCDHAC2;PCDHA12;PCDHA6;PCDHA10","Body;TSS1500",0.00921780666725219
"chr15",27111911,27111949,2,-10.6937323493972,3.18281925531871,-10.6937323493972,3.18281925531871,-3.35983022960768,0.000779903818790238,266988,1,"GABRA5","5'UTR;TSS1500;1stExon",-0.0176695330483505
"chr7",112120734,112120828,4,8.65884600788002,2.5772721473495,8.65884600788002,2.5772721473495,3.35969409237006,0.000780288196820516,266988,1,"C7orf53","TSS200;TSS1500",0.00847060324354787
"chr13",114834683,114834922,2,-7.9516719060613,2.37237621086202,-7.9516719060613,2.37237621086202,-3.35177526635711,0.000802951705440172,266988,1,"RASA3","Body",-0.0262874108276303
"chr7",2049947,2050386,5,-6.22505039043648,1.85842220903746,-6.22505039043648,1.85842220903746,-3.34964270237636,0.000809158629904946,266988,1,"MAD1L1","Body",-0.00152154090619376
"chr3",136751559,136751656,2,-28.579886828976,8.53223756427175,-28.579886828976,8.53223756427175,-3.34963561594354,0.000809179329305985,266988,1,"","",-0.0372618264887212
"chr13",114830277,114830702,3,-6.25672607369837,1.87549991165984,-6.25672607369837,1.87549991165984,-3.33603112151634,0.000849836496415782,266988,1,"RASA3","Body",-0.0263466761455109
"chr6",30139542,30139641,6,-13.348531801683,4.00902413352434,-13.348531801683,4.00902413352434,-3.32962121381602,0.00086964202202185,266988,1,"TRIM15","Body",-0.00412409110549593
"chr13",113097259,113097633,2,-11.2700418434021,3.38595863859808,-11.2700418434021,3.38595863859808,-3.3284641208932,0.000873262524081899,266988,1,"","",-0.0322628389638044
"chr7",95433460,95433546,2,9.72032936341662,2.9217774187744,9.72032936341662,2.9217774187744,3.3268548456008,0.000878321125997252,266988,1,"DYNC1I1","5'UTR",0.0155251722713816
"chr19",7686071,7686181,2,-12.424688368776,3.73706528000985,-12.424688368776,3.73706528000985,-3.32471804419302,0.000885079944813687,266988,1,"XAB2","Body",-0.0168209379531592
"chr12",122458893,122458940,2,-9.92398734812545,2.98580226629911,-9.92398734812545,2.98580226629911,-3.32372557290145,0.000888235554842733,266988,1,"BCL7A","TSS1500",-0.00697471577004005
"chr5",76115868,76115974,2,-4.78526616149029,1.44328459729709,-4.78526616149029,1.44328459729709,-3.31553885522779,0.000914666247474737,266988,1,"F2RL1","Body",-0.038403270178848
"chr6",31870891,31870970,2,-7.87782824046172,2.37742285559361,-7.87782824046172,2.37742285559361,-3.31359994370658,0.000921031838497079,266988,1,"ZBTB12","TSS1500",0.00179443509842869
"chr7",63391463,63391680,2,-9.017448149962,2.72161220867266,-9.017448149962,2.72161220867266,-3.31327443389146,0.000922104527201521,266988,1,"","",-0.00052189462158081
"chr8",142179908,142180109,2,-4.23021517476566,1.27800351727206,-4.23021517476566,1.27800351727206,-3.31001841356055,0.000932898339164012,266988,1,"DENND3","Body",-0.00237862876466899
"chr6",17016226,17016484,3,-8.9740118430996,2.71215102507674,-8.9740118430996,2.71215102507674,-3.30881715661305,0.000936910018543166,266988,1,"","",-0.0241667623078624
"chr20",57607451,57607571,2,-29.1079394063266,8.7978268874729,-29.1079394063266,8.7978268874729,-3.3085374125482,0.000937846534352543,266988,1,"ATP5E","TSS200",-0.00591882440102085
"chr6",1410489,1410497,2,-14.8763473815343,4.50412007708455,-14.8763473815343,4.50412007708455,-3.3028309918335,0.00095714055729298,266988,1,"","",-0.0219804327674066
"chr1",228396009,228396098,2,-10.0525567165856,3.04594539089367,-10.0525567165856,3.04594539089367,-3.30030759797575,0.000965789105010294,266988,1,"OBSCN","5'UTR",-0.0102062890188334
"chr17",18057079,18057145,2,12.4018262292448,3.75842273021727,12.4018262292448,3.75842273021727,3.29974223749117,0.000967736689932815,266988,1,"MYO15A","Body",0.0438298389899328
"chr6",29945155,29945409,2,-13.2618376090157,4.02375453810925,-13.2618376090157,4.02375453810925,-3.29588633784986,0.00098111700839836,266988,1,"HCG9","Body",0.00435148056761422
"chr11",15962932,15963027,2,-10.3352894626393,3.1443856566748,-10.3352894626393,3.1443856566748,-3.28690262299723,0.00101295854620895,266988,1,"","",-0.0226822334840914
"chr5",140552105,140552347,3,-8.4813280177739,2.58166950156393,-8.4813280177739,2.58166950156393,-3.28521060214565,0.0010190616938778,266988,1,"PCDHB7","TSS200;1stExon;5'UTR",-0.00655644557731107
"chr2",43188839,43188851,2,5.49593306978004,1.67468293464901,5.49593306978004,1.67468293464901,3.28177528776926,0.00103155776418239,266988,1,"","",-0.0307956702669838
"chr4",159131324,159131393,3,-9.68930561762316,2.95265208146007,-9.68930561762316,2.95265208146007,-3.28156022122046,0.00103234477329658,266988,1,"TMEM144","TSS200",-0.0199120649025054
"chr19",37894346,37894762,3,-9.21079891488827,2.81754341088126,-9.21079891488827,2.81754341088126,-3.26908855399228,0.00107894528388116,266988,1,"","",-0.0138133410841899
"chr15",83477712,83477965,3,9.71833294955609,2.97656197592358,9.71833294955609,2.97656197592358,3.26495232693438,0.00109482501583906,266988,1,"WHAMM","TSS200;TSS1500",0.00866866223372091
"chr12",132970474,132970724,2,-8.00679900467226,2.45293126414114,-8.00679900467226,2.45293126414114,-3.26417585430211,0.00109783002596017,266988,1,"","",-0.00751610804315117
"chr19",39993313,39993390,3,-7.63592105367369,2.33942712847741,-7.63592105367369,2.33942712847741,-3.26401321106482,0.00109846043347018,266988,1,"DLL3","Body",-0.00733027764257549
"chr22",50585197,50585229,3,-5.92961682286679,1.82130005987787,-5.92961682286679,1.82130005987787,-3.25570561023559,0.00113110964737506,266988,1,"MOV10L1","Body;TSS1500",-0.0332421937935855
"chr20",32255988,32256071,2,-11.1081145185072,3.41440557794469,-11.1081145185072,3.41440557794469,-3.25330845001541,0.001140696024235,266988,1,"NECAB3;C20orf134","Body;1stExon;3'UTR",-0.00419793250368772
"chr1",12679132,12679306,3,-6.77230888222896,2.0820429341549,-6.77230888222896,2.0820429341549,-3.25272297277473,0.00114304876395079,266988,1,"DHRS3","TSS1500",-0.0039124272667726
"chr6",30881728,30881808,2,-33.1178092830311,10.2021566667519,-33.1178092830311,10.2021566667519,-3.24615768653699,0.00116974028557803,266988,1,"VARS2;GTF2H4","TSS1500;Body;3'UTR;TSS200",-0.00379048025295668
"chr2",18059103,18059130,3,-7.9332755161878,2.44477693207133,-7.9332755161878,2.44477693207133,-3.24498951708709,0.00117454947435703,266988,1,"KCNS3","TSS1500",-0.00918789887161334
"chr17",7832943,7833237,3,14.4954621364523,4.48007013924534,14.4954621364523,4.48007013924534,3.23554357095267,0.00121411353999234,266988,1,"KCNAB3","TSS200;TSS1500",0.0199256707715713
"chr6",46620708,46620788,2,-24.4788337788776,7.57066890268102,-24.4788337788776,7.57066890268102,-3.2333779344397,0.00122335603539633,266988,1,"SLC25A27;CYP39A1","5'UTR;TSS200;1stExon;TSS1500",0.00170505310091556
"chr11",1403751,1404215,3,-14.6618049311694,4.53463594017694,-14.6618049311694,4.53463594017694,-3.23329262251587,0.00122372145622671,266988,1,"","",-0.00471333335042619
"chr6",106959592,106959601,2,-12.6522951228861,3.9201820263483,-12.6522951228861,3.9201820263483,-3.22747643804486,0.00124887325903695,266988,1,"AIM1","TSS200",-0.0069773989449211
"chr11",70048845,70048852,2,-8.92374889196888,2.7686866987087,-8.92374889196888,2.7686866987087,-3.22309811945529,0.00126812106711575,266988,1,"FADD","TSS1500",-0.0231955365841051
"chr17",4098178,4098308,3,-5.76601997631334,1.7897661795869,-5.76601997631334,1.7897661795869,-3.22166104269789,0.00127449814941081,266988,1,"ANKFY1","Body;3'UTR",0.0323398461020237
"chr8",30300223,30300306,2,-8.37043541420335,2.59869986334154,-8.37043541420335,2.59869986334154,-3.22100890998633,0.00127740176694494,266988,1,"RBPMS","Body",-0.0172072495646874
"chr7",158342283,158342600,3,-5.97924202319918,1.85756952197749,-5.97924202319918,1.85756952197749,-3.21885235112704,0.00128704737742662,266988,1,"PTPRN2","Body",-0.0107013363684665
"chr6",170571686,170571794,5,3.88905547795709,1.21231191610583,3.88905547795709,1.21231191610583,3.2079660574891,0.00133677274185348,266988,1,"LOC154449","TSS200",-0.0395886199639182
"chr12",89749377,89749718,2,8.29784763046846,2.58873396077368,8.29784763046846,2.58873396077368,3.20536901674845,0.00134889424273822,266988,1,"","",0.0110071769527554
"chr5",2112109,2112561,6,7.46351349167181,2.33224489671958,7.46351349167181,2.33224489671958,3.20014141832601,0.001373601720861,266988,1,"","",0.0319884464709487
"chr19",3178759,3178955,3,-9.15663397327955,2.86170807798947,-9.15663397327955,2.86170807798947,-3.19970930777561,0.00137566259248944,266988,1,"S1PR4","1stExon;TSS200",-0.0332534616734239
"chr5",1473589,1473705,2,-7.51785264332567,2.35351679686551,-7.51785264332567,2.35351679686551,-3.1943059226678,0.00140167495553553,266988,1,"LPCAT1","Body",0.00167840989755275
"chr7",143208406,143208667,2,-7.59644817076131,2.38243657133548,-7.59644817076131,2.38243657133548,-3.18852063562099,0.00143002802670903,266988,1,"","",-0.039826134549059
"chr19",3825141,3825630,4,-12.1788751145474,3.82264225749488,-12.1788751145474,3.82264225749488,-3.18598348842842,0.00144262830407185,266988,1,"ZFR2","Body",-0.0180472165256175
"chr19",1313407,1313527,3,-4.11335818092841,1.29235649836373,-4.11335818092841,1.29235649836373,-3.18283553039458,0.00145840430312813,266988,1,"","",-0.0135427548289283
"chr2",74875253,74875387,5,-5.92597330646754,1.86337831619326,-5.92597330646754,1.86337831619326,-3.18023090371355,0.0014715774318994,266988,1,"C2orf65","TSS200;TSS1500",-0.0101933100912808
"chr6",168533375,168533507,2,-6.6542102096868,2.09243988477446,-6.6542102096868,2.09243988477446,-3.18012013540071,0.00147214007556762,266988,1,"","",-0.0549131936377437
"chr20",62687986,62688329,5,-5.99750268015831,1.88817362545498,-5.99750268015831,1.88817362545498,-3.17635126309591,0.00149140245740305,266988,1,"TCEA2","TSS200;TSS1500",-0.0181285953009978
"chr2",45228334,45228633,2,-18.2383591288384,5.74391079357452,-18.2383591288384,5.74391079357452,-3.17525111100974,0.00149706887003708,266988,1,"","",-0.0163034605360769
"chr3",194090647,194090730,2,-4.0065230264815,1.26231669665355,-4.0065230264815,1.26231669665355,-3.17394441276341,0.00150382488105822,266988,1,"LRRC15","TSS200;TSS1500",-0.0214357480208108
"chr1",23495577,23495997,2,-14.3563949863407,4.52871950721246,-14.3563949863407,4.52871950721246,-3.1700782005767,0.00152397916704575,266988,1,"LUZP1","TSS1500",-0.0146149712165645
"chr7",27224568,27224795,3,-8.82299805691452,2.78692227879442,-8.82299805691452,2.78692227879442,-3.16585723399908,0.00154626664633717,266988,1,"HOXA11AS;HOXA11","TSS1500;1stExon;5'UTR",-0.00310749096255001
"chr11",47616757,47616825,2,-7.26047643527032,2.29761820833331,-7.26047643527032,2.29761820833331,-3.16000126084354,0.00157768456135813,266988,1,"C1QTNF4","TSS1500",0.00749062970498107
"chr5",180511822,180512070,2,-9.49978105256494,3.00770590080904,-9.49978105256494,3.00770590080904,-3.15848070451622,0.00158593807718919,266988,1,"","",-0.00911017742265496
"chr19",15121204,15121333,3,-8.40172926075957,2.66073941507533,-8.40172926075957,2.66073941507533,-3.15766708049525,0.00159037070196242,266988,1,"CCDC105","TSS1500",-0.00241663622291429
"chr8",95962383,95962463,2,-4.23357238133719,1.34109395227491,-4.23357238133719,1.34109395227491,-3.15680521424748,0.00159507858795496,266988,1,"TP53INP1","TSS1500",-0.0132511404960942
"chr8",22249664,22250005,2,-5.6296801046661,1.78344975530389,-5.6296801046661,1.78344975530389,-3.15662389025747,0.00159607069001749,266988,1,"SLC39A14","5'UTR",-0.00309981670516674
"chr20",17950611,17950694,2,-9.22035718021447,2.92799911645861,-9.22035718021447,2.92799911645861,-3.14903004184181,0.0016381335417431,266988,1,"SNX5;C20orf72","TSS1500;Body",-0.00709264561441622
"chr6",100054518,100054548,2,-5.91551240312362,1.87973042343693,-5.91551240312362,1.87973042343693,-3.14700040461525,0.00164954733551315,266988,1,"PRDM13","TSS200",0.011466497071899
"chr2",29287725,29287853,2,-9.13798951533134,2.90390216263558,-9.13798951533134,2.90390216263558,-3.1467966217697,0.00165069735453259,266988,1,"C2orf71","Body;3'UTR",-0.0225140287208233
"chr6",33094069,33094339,2,-8.55909827902153,2.72531574306406,-8.55909827902153,2.72531574306406,-3.14058959986727,0.00168608122976276,266988,1,"HLA-DPB2","Body",-0.0279616396786603
"chr5",530963,531305,3,-14.1728748604859,4.52328860519721,-14.1728748604859,4.52328860519721,-3.13331208718396,0.00172845553953735,266988,1,"","",-0.0271385076376235
"chr2",85294381,85294457,2,5.08590254781729,1.62329236473138,5.08590254781729,1.62329236473138,3.13307858665307,0.00172983120351649,266988,1,"","",-0.00732907041139277
"chr19",52996083,52996617,3,-6.40282292309892,2.04636712082192,-6.40282292309892,2.04636712082192,-3.12887304430851,0.00175478108061519,266988,1,"ZNF578","5'UTR",-0.0215337556455839
"chr17",7819783,7820248,2,-7.09537998544399,2.26825024244605,-7.09537998544399,2.26825024244605,-3.12812927456911,0.001759227862197,266988,1,"LOC284023","TSS1500",-0.00113590207719046
"chr4",1076041,1076247,2,-7.51392281882089,2.40589398180858,-7.51392281882089,2.40589398180858,-3.12313130821021,0.0017893789739361,266988,1,"RNF212","Body",-0.0339941567738485
"chr8",1132712,1133105,3,-5.56508867517443,1.78211795621589,-5.56508867517443,1.78211795621589,-3.12273868054796,0.00179176757759598,266988,1,"","",-0.00932241466504663
"chr9",98981433,98981500,2,-10.1495284374438,3.25036353766525,-10.1495284374438,3.25036353766525,-3.12258254186983,0.00179271828264249,266988,1,"","",-0.0569898840488554
"chr14",96180406,96180576,2,-7.26515435223828,2.32983233090386,-7.26515435223828,2.32983233090386,-3.11831639378949,0.00181887430442801,266988,1,"TCL1A","5'UTR;1stExon;TSS200",-0.0330636911074786
"chr17",19651653,19651881,2,9.5139732059079,3.057746101683,9.5139732059079,3.057746101683,3.11143335304111,0.00186181495272094,266988,1,"ALDH3A1","5'UTR;1stExon;TSS200",0.0228923651582294
"chr14",102101595,102101660,2,-5.38024628690364,1.73120135101344,-5.38024628690364,1.73120135101344,-3.10781081805074,0.00188478676620449,266988,1,"","",-0.00641002537439425
"chr9",95569618,95569697,2,-6.92239514091005,2.22995490812551,-6.92239514091005,2.22995490812551,-3.10427583790427,0.00190745407021563,266988,1,"","",-0.018918782221365
"chr6",127796989,127797022,2,-22.400520239516,7.22701236612231,-22.400520239516,7.22701236612231,-3.09955471288824,0.00193811778012443,266988,1,"C6orf174","Body",0.000103911414574942
"chr6",31939280,31939319,2,7.20436345563678,2.32554040511765,7.20436345563678,2.32554040511765,3.09793088943227,0.00194876868575225,266988,1,"STK19;DOM3Z","TSS1500;Body",0.00386139997109727
"chr1",3649344,3649574,3,-8.28350446569246,2.67609597029063,-8.28350446569246,2.67609597029063,-3.09536898439141,0.00196568192998977,266988,1,"TP73","Body;3'UTR",0.00472251797400042
"chr19",35396475,35396668,2,-7.59246519230879,2.45998300591488,-7.59246519230879,2.45998300591488,-3.08638928563862,0.00202603380921239,266988,1,"","",0.000224023955677347
"chr2",157198370,157198726,2,-21.927302539148,7.14428529408016,-21.927302539148,7.14428529408016,-3.06920869429965,0.00214626604295807,266988,1,"","",-0.00281961481006699
"chr7",55516751,55517045,3,-6.70244558687016,2.19342846518708,-6.70244558687016,2.19342846518708,-3.05569372024107,0.00224540497824026,266988,1,"","",-0.025109908601541
"chr13",109248047,109248503,4,-7.96656900043623,2.61408875349944,-7.96656900043623,2.61408875349944,-3.04755107865848,0.00230714311882543,266988,1,"MYO16","TSS200;TSS1500;5'UTR;1stExon",-0.0193508280839013
"chr6",30068656,30068818,4,-30.44707531911,9.99582136681235,-30.44707531911,9.99582136681235,-3.04598033536283,0.00231923002926449,266988,1,"","",-0.00262458541052228
"chr1",113051977,113052167,2,-8.72022211196535,2.8644090834872,-8.72022211196535,2.8644090834872,-3.04433544853486,0.0023319496170401,266988,1,"WNT2B","Body;1stExon",-0.00086229181088486
"chr2",239037049,239037422,2,-10.4496817362614,3.43311134818449,-10.4496817362614,3.43311134818449,-3.04379342131953,0.00233615498089809,266988,1,"ESPNL","Body",-0.030138976556178
"chr12",27396765,27396894,2,-5.15770371816969,1.69485875211324,-5.15770371816969,1.69485875211324,-3.04314664082702,0.00234118216920739,266988,1,"STK38L","TSS1500;TSS200",0.0179516256536477
"chr10",131505789,131505815,2,2.69233645730041,0.886438577913324,2.69233645730041,0.886438577913324,3.0372510001067,0.00238746562852053,266988,1,"MGMT","Body",-0.0353888022685866
"chr1",180923076,180923569,3,-27.3814053463246,9.02556290294724,-27.3814053463246,9.02556290294724,-3.03376151058494,0.00241525279946761,266988,1,"","",-0.00502190221819845
"chr1",1096765,1097233,4,-8.67461157227981,2.86189707389627,-8.67461157227981,2.86189707389627,-3.03107042227411,0.00243688404433041,266988,1,"","",-0.0096708743574177
"chr1",22109947,22110159,2,-31.3449589915563,10.3699579222231,-31.3449589915563,10.3699579222231,-3.02266983401959,0.00250555444607415,266988,1,"USP48","TSS1500",-0.00432785637621669
"chr7",106301118,106301641,4,-21.8391694258781,7.23160221882345,-21.8391694258781,7.23160221882345,-3.01996276413434,0.00252805763761761,266988,1,"FLJ36031","TSS200;1stExon;5'UTR",-0.0134054662340824
"chr19",21860753,21861136,2,-10.7457916166199,3.55855533859099,-10.7457916166199,3.55855533859099,-3.019706199335,0.00253019995853631,266988,1,"","",-0.00594448089361377
"chr15",100889701,100889719,2,-8.74542823244363,2.89618200992187,-8.74542823244363,2.89618200992187,-3.0196404101963,0.00253074956651246,266988,1,"FLJ42289","Body",-0.013355896486943
"chr5",569931,570261,2,-18.163471567818,6.02199679985445,-18.163471567818,6.02199679985445,-3.01618751578497,0.00255974906247278,266988,1,"","",-0.0124111554810437
"chr5",42993440,42993450,2,-13.3240673764347,4.42260795208617,-13.3240673764347,4.42260795208617,-3.01271727469076,0.00258920013811266,266988,1,"","",-0.0300917341953824
"chr12",6649806,6649994,3,-5.0699448045992,1.68436616352901,-5.0699448045992,1.68436616352901,-3.01000157470325,0.00261246335306826,266988,1,"IFFO1","Body",0.00451257384135704
"chr19",21657626,21657926,4,-10.4831823838689,3.48652312372234,-10.4831823838689,3.48652312372234,-3.00677265340395,0.00264037151052134,266988,1,"","",-0.00942943659236477
"chr19",18770726,18771179,2,-11.3441348656581,3.77412357760668,-11.3441348656581,3.77412357760668,-3.0057666720208,0.00264912190855139,266988,1,"KLHL26","Body",-0.0262094276964283
"chr12",69004196,69004270,2,-22.7836225617271,7.58897646424949,-22.7836225617271,7.58897646424949,-3.00219966013299,0.00268036314765691,266988,1,"RAP1B","TSS1500",-0.00431757507788629
"chr13",110885345,110885926,4,-4.21864699262969,1.40704827377232,-4.21864699262969,1.40704827377232,-2.99822477399402,0.00271557309449951,266988,1,"COL4A1","Body",0.0439891030213892
"chr6",163768411,163768551,2,-20.0600968067777,6.71907714806661,-20.0600968067777,6.71907714806661,-2.98554345555474,0.00283074914688908,266988,1,"","",-0.0118940385320498
"chr17",78735324,78735596,3,-11.214225715066,3.7570222085455,-11.214225715066,3.7570222085455,-2.98487075470537,0.00283698165472656,266988,1,"RPTOR","Body",-0.0145859006917221
"chr6",31430946,31431002,3,-11.6887379605386,3.91705858141071,-11.6887379605386,3.91705858141071,-2.9840600332122,0.00284450955837821,266988,1,"HCP5","1stExon;TSS200",-0.00176014931672942
"chr12",131303094,131303194,2,-8.44017390152455,2.83055398210498,-8.44017390152455,2.83055398210498,-2.9818099053698,0.00286549863434728,266988,1,"STX2","Body",-0.0173161865813357
"chr7",229388,229594,2,-11.5094398161926,3.86171447531696,-11.5094398161926,3.86171447531696,-2.98039637310262,0.00287875619951187,266988,1,"FAM20C","Body",0.0111098354417316
"chr17",78831230,78831518,3,-8.91786816337855,2.99401204405245,-8.91786816337855,2.99401204405245,-2.97856789891468,0.0028959885759639,266988,1,"RPTOR","Body",-0.0148821418138196
"chr10",102501906,102502084,2,-20.6333476845665,6.93648998106553,-20.6333476845665,6.93648998106553,-2.97460931117743,0.00293361913746941,266988,1,"","",0.000291603442427991
"chr15",96596177,96596630,3,-6.75707130244587,2.27401235906501,-6.75707130244587,2.27401235906501,-2.97143121298783,0.00296415266826844,266988,1,"","",-0.00902273627877915
"chr6",30139991,30139996,2,-12.2220093942019,4.12055277951323,-12.2220093942019,4.12055277951323,-2.96610917228578,0.0030159341059827,266988,1,"TRIM15","Body",-0.00365533314147448
"chr13",52028209,52028266,2,-12.8149262486304,4.32156633463209,-12.8149262486304,4.32156633463209,-2.96534294659193,0.00302345676805328,266988,1,"INTS6","TSS1500",0.00996859157810134
"chr21",46696742,46697204,5,-7.68157521083734,2.59187254278861,-7.68157521083734,2.59187254278861,-2.96371641893034,0.00303948247534335,266988,1,"POFUT2","Body",0.0105244023975612
"chr17",78773145,78773498,4,-6.47205340285406,2.18573446548543,-6.47205340285406,2.18573446548543,-2.96104284626205,0.00306599282883206,266988,1,"RPTOR","Body",-0.000337330596101443
"chr2",54087200,54087552,4,10.4963789382404,3.54677048014982,10.4963789382404,3.54677048014982,2.95941871541601,0.00308220001039487,266988,1,"LOC100302652;GPR75","TSS200;TSS1500",0.0255074681812115
"chr7",76026853,76027001,2,-28.0223653047049,9.49467527239356,-28.0223653047049,9.49467527239356,-2.9513769034505,0.00316360618196757,266988,1,"ZP3;SRCRB4D","5'UTR;1stExon;Body",-0.000588351020404013
"chr12",63025490,63025589,2,-21.5495649211781,7.30722827391676,-21.5495649211781,7.30722827391676,-2.94907509569662,0.00318726518444496,266988,1,"","",-0.019271121921941
"chr7",158362729,158362907,3,-4.21454518368899,1.42935980022207,-4.21454518368899,1.42935980022207,-2.94855443887129,0.00319263903987738,266988,1,"PTPRN2","Body",-0.0269197501973299
"chr19",853145,853540,3,-9.98927481159973,3.39283119359597,-9.98927481159973,3.39283119359597,-2.94422983096084,0.00323759476347634,266988,1,"ELANE","Body",-0.0554922064258789
"chr20",30073399,30073546,4,8.22451334870659,2.79681668724341,8.22451334870659,2.79681668724341,2.94066943544048,0.00327503832185001,266988,1,"NCRNA00028","TSS200",0.0540329193928705
"chr6",158464617,158464770,2,-5.72263001535979,1.94677741562921,-5.72263001535979,1.94677741562921,-2.93953996456764,0.00328699877669239,266988,1,"SYNJ2","Body",-0.0163404758910689
"chr3",13460999,13461144,2,-23.5198552575309,8.01630719721112,-23.5198552575309,8.01630719721112,-2.9340012400864,0.00334622871467151,266988,1,"NUP210","Body",-0.014731998610162
"chr4",140216130,140216263,2,-6.60132785761532,2.25372221072276,-6.60132785761532,2.25372221072276,-2.92907787224509,0.00339969238309221,266988,1,"NDUFC1","Body",-0.0258551907697446
"chr9",139906061,139906382,3,-7.27568956898084,2.48824661185273,-7.27568956898084,2.48824661185273,-2.9240226970764,0.00345539550540139,266988,1,"ABCA2","Body",-0.0155168908300661
"chr6",887704,887772,2,-41.9348500209066,14.3554236273345,-41.9348500209066,14.3554236273345,-2.92118512901685,0.00348702553611888,266988,1,"","",-0.00638937150647662
"chr6",72130615,72131020,4,-5.35977038774645,1.83487948540893,-5.35977038774645,1.83487948540893,-2.92104763847853,0.00348856479844425,266988,1,"C6orf155","TSS1500;TSS200",-0.00667491592697525
"chr16",54228358,54228582,3,-7.96482251470344,2.73048925293986,-7.96482251470344,2.73048925293986,-2.91699463974374,0.00353421846414988,266988,1,"","",-0.0537931128931274
"chr19",18385244,18385409,2,-6.87514887106136,2.36303566953212,-6.87514887106136,2.36303566953212,-2.90945623872983,0.00362058070181881,266988,1,"KIAA1683","5'UTR;1stExon;TSS200",-0.0150001983446706
"chr17",78748291,78748494,2,-7.41528582966272,2.54949281131359,-7.41528582966272,2.54949281131359,-2.90853372747582,0.00363128004742624,266988,1,"RPTOR","Body",-0.0284926522476416
"chr2",175208588,175208594,2,-17.5945208588519,6.05937749045492,-17.5945208588519,6.05937749045492,-2.90368455943994,0.00368799530091652,266988,1,"","",-0.0274278424688813
"chr20",56239590,56239669,2,-5.12621135261061,1.76668804663456,-5.12621135261061,1.76668804663456,-2.90159395280664,0.0037126942879498,266988,1,"PMEPA1","5'UTR;Body",0.0175180029799185
"chr2",95692727,95693023,2,-8.08056739829392,2.7858929875603,-8.08056739829392,2.7858929875603,-2.90053043472081,0.00372531659578028,266988,1,"MAL","Body",-0.00721212433025865
"chr11",72463230,72463331,2,9.36978599181607,3.23282786247434,9.36978599181607,3.23282786247434,2.89832505484676,0.00375161542906126,266988,1,"ARAP1","5'UTR",0.00441546409118219
"chr8",145235328,145235410,2,-24.5845259017466,8.48852590565735,-24.5845259017466,8.48852590565735,-2.89620673541936,0.00377703485103984,266988,1,"HEATR7A","Body",-0.00617543617203886
"chr6",32037290,32037426,3,-15.83565112395,5.4784230671759,-15.83565112395,5.4784230671759,-2.89054914704009,0.0038456939402222,266988,1,"TNXB","Body",-0.00982236768807147
"chr8",145164991,145165189,2,-11.8068916345883,4.0881768483086,-11.8068916345883,4.0881768483086,-2.88805794677721,0.0038762845459964,266988,1,"KIAA1875","Body",-0.0419442717329539
"chr17",5018984,5019310,3,-9.58159906112308,3.31983506312489,-9.58159906112308,3.31983506312489,-2.88616719774751,0.00389964929839763,266988,1,"ZNF232","5'UTR",-0.0121135690125847
"chr1",247694271,247694275,2,-7.47078901591087,2.589725989338,-7.47078901591087,2.589725989338,-2.88477972058372,0.00391687621501399,266988,1,"LOC148824;OR2C3","TSS200;3'UTR",0.0299052997126208
"chr21",36164145,36164167,2,-18.8403079955224,6.54391730712072,-18.8403079955224,6.54391730712072,-2.87905655149729,0.00398866803295156,266988,1,"RUNX1","3'UTR",-0.00140650158990457
"chr19",32836354,32836416,2,-25.7249199650067,8.93713985976622,-25.7249199650067,8.93713985976622,-2.87842871082468,0.00399661599561479,266988,1,"ZNF507","TSS200",-0.00172609235146197
"chr10",63809108,63809170,4,-15.7434524787603,5.46976409701129,-15.7434524787603,5.46976409701129,-2.87826900749935,0.00399864000513466,266988,1,"ARID5B","Body",-0.0161544436704144
"chr15",31515984,31516111,2,-7.01696448406097,2.44252047372041,-7.01696448406097,2.44252047372041,-2.87283752973944,0.00406803264479147,266988,1,"","",-0.0161482778803861
"chr9",35617306,35617323,2,-5.83072888383028,2.03153934186773,-5.83072888383028,2.03153934186773,-2.87010384867551,0.00410337009446638,266988,1,"CD72","Body",-0.00183642110673414
"chr20",62178744,62178943,2,-10.2601005024373,3.57624216530023,-10.2601005024373,3.57624216530023,-2.8689613365643,0.00411822136046571,266988,1,"SRMS","TSS200;1stExon",-0.0202145249170484
"chr11",65685874,65686003,2,-7.8415183560896,2.7338295738671,-7.8415183560896,2.7338295738671,-2.86832743015414,0.00412648239474255,266988,1,"DRAP1;C11orf68","TSS1500;Body",-0.0151001752467686
"chr11",7110083,7110194,3,-7.33426492388976,2.5582729215252,-7.33426492388976,2.5582729215252,-2.86688134881137,0.00414538395485343,266988,1,"RBMXL2","TSS200;5'UTR;1stExon",-0.0281992193655197
"chr14",24801073,24801191,2,-11.4546916730829,3.99850243289832,-11.4546916730829,3.99850243289832,-2.86474545540791,0.00417344569490728,266988,1,"ADCY4","Body",-0.014722050194699
"chr6",125623444,125623573,3,-4.33293156823193,1.5129748753699,-4.33293156823193,1.5129748753699,-2.86384898967512,0.00418527487854783,266988,1,"HDDC2","TSS200;TSS1500",0.0148627636957235
"chr19",44324951,44325004,2,-25.6865559251455,8.97379863898879,-25.6865559251455,8.97379863898879,-2.86239495207127,0.00420452611117872,266988,1,"LYPD5","TSS200",-0.0190382200474633
"chr12",7781004,7781169,3,18.6835485266229,6.54362104398366,18.6835485266229,6.54362104398366,2.85523082724983,0.00430055601143141,266988,1,"","",0.0813278176747848
"chr20",57042304,57042544,2,-12.6336411208509,4.42837906847153,-12.6336411208509,4.42837906847153,-2.85288159064744,0.00433247616465865,266988,1,"APCDD1L","Body",-0.0280660332103128
"chr11",17743667,17743761,2,-9.71845533335617,3.40764676530323,-9.71845533335617,3.40764676530323,-2.85195503017208,0.00434512472131521,266988,1,"MYOD1","3'UTR",-0.0276573498037574
"chr6",32055137,32055316,3,-9.32746018159354,3.27104011146585,-9.32746018159354,3.27104011146585,-2.85152730133096,0.00435097497081299,266988,1,"TNXB","Body",-0.0355009133898034
"chr13",112225387,112225526,3,-23.0387120078869,8.07999176480777,-23.0387120078869,8.07999176480777,-2.85132864964437,0.00435369445134685,266988,1,"","",-0.0096810064296576
"chr5",140220810,140220822,2,-10.0197974033296,3.51520857266248,-10.0197974033296,3.51520857266248,-2.85041333855772,0.00436624469621211,266988,1,"PCDHA6;PCDHA2;PCDHA1;PCDHA8;PCDHA7","Body;TSS200",-0.0257782611926284
"chr1",3351390,3351615,2,-21.0819639857221,7.39626992237835,-21.0819639857221,7.39626992237835,-2.85035081290583,0.00436710320922799,266988,1,"PRDM16","3'UTR",-0.00837415613632592
"chr15",100672282,100672325,2,-7.83013320738094,2.74799209326015,-7.83013320738094,2.74799209326015,-2.84940165096744,0.00438015455263003,266988,1,"ADAMTS17","Body",-0.032273745228607
"chr22",24890809,24890811,2,-13.6676230925951,4.79673936850176,-13.6676230925951,4.79673936850176,-2.84935704081503,0.00438076882846148,266988,1,"C22orf45;UPB1","TSS200;TSS1500",-0.0258046544523053
"chr14",105860954,105861260,3,-7.34393945043607,2.57742084094001,-7.34393945043607,2.57742084094001,-2.84933656692155,0.004381050777378,266988,1,"PACS2","Body;3'UTR",-0.0443544608560107
"chr1",11761078,11761697,5,-6.32691464298806,2.22307222840748,-6.32691464298806,2.22307222840748,-2.84602297763416,0.00442690003993725,266988,1,"C1orf187","5'UTR",-0.00920835143086446
"chr17",27331600,27331785,2,-8.96760787823782,3.15139305461456,-8.96760787823782,3.15139305461456,-2.84560120645903,0.00443276706907482,266988,1,"SEZ6","Body",0.00509556652394969
"chr19",54496353,54496611,2,-8.33601327333047,2.93068137184765,-8.33601327333047,2.93068137184765,-2.84439426046341,0.00444959519255848,266988,1,"CACNG6","Body;1stExon",-0.0251646390845687
"chr12",10163030,10163532,3,7.38149150168424,2.59513197868318,7.38149150168424,2.59513197868318,2.84436073475914,0.0044500634577052,266988,1,"CLEC12B","TSS200;5'UTR;1stExon;Body",0.00987611666119666
"chr15",33359788,33360195,2,-9.13796306002662,3.21511066398707,-9.13796306002662,3.21511066398707,-2.84219238932653,0.0044804445032856,266988,1,"FMN1","TSS200;1stExon",-0.023342003373601
"chr1",19181040,19181390,4,-14.9941506906027,5.2865727330079,-14.9941506906027,5.2865727330079,-2.83627057601675,0.00456437585658664,266988,1,"TAS1R2","Body",-0.0163916068038433
"chr17",72438885,72439044,2,-9.20213699441538,3.26026035363345,-9.20213699441538,3.26026035363345,-2.82251599451556,0.00476484451864828,266988,1,"GPRC5C","Body",-0.0117665756828069
"chr11",31846819,31847173,4,-6.31349586660272,2.23746307578249,-6.31349586660272,2.23746307578249,-2.82172069561181,0.00477667584604503,266988,1,"","",0.0128202723763391
"chr3",145879626,145879686,3,11.85435497146,4.20154968908801,11.85435497146,4.20154968908801,2.82142443828461,0.00478108993395073,266988,1,"PLOD2","TSS1500",0.0110353370664362
"chr20",54824490,54824583,2,-8.7700480394818,3.10963245071696,-8.7700480394818,3.10963245071696,-2.82028444791273,0.00479810968038864,266988,1,"MC3R","1stExon",-0.0283423477467293
"chr11",396686,396794,2,-10.5406004723073,3.74528180649784,-10.5406004723073,3.74528180649784,-2.81436778776433,0.00488732769205066,266988,1,"PKP3","Body",-0.0949200326192406
"chr13",114826738,114826808,2,-6.29965327673944,2.2388754041627,-6.29965327673944,2.2388754041627,-2.81375786478631,0.00489660959553989,266988,1,"RASA3","Body",0.00855341559276507
"chr6",33288656,33288680,2,-14.266341880579,5.10764855788843,-14.266341880579,5.10764855788843,-2.79313302763277,0.00522002201490035,266988,1,"DAXX","Body",-0.0180677986602806
"chr22",35795952,35796189,3,-16.4832996907116,5.90608998674396,-16.4832996907116,5.90608998674396,-2.7908988396228,0.00525618972405285,266988,1,"MCM5","TSS200;1stExon;5'UTR",-0.00674559382391856
"chr13",113698408,113698416,2,7.74392245374501,2.77614054813282,7.74392245374501,2.77614054813282,2.78945619628424,0.00527966379167721,266988,1,"MCF2L","Body",0.0482523181699129
"chr11",2349510,2349553,2,5.33118637234562,1.91248249217049,5.33118637234562,1.91248249217049,2.78757394860918,0.00531043327527374,266988,1,"","",-0.0290590147228779
"chr16",3345146,3345604,3,-5.63310802813351,2.02177598185819,-5.63310802813351,2.02177598185819,-2.78621770101166,0.00533270442357594,266988,1,"","",-0.00850315044899663
"chr17",7461556,7461775,3,-5.91154511140673,2.12360105871784,-5.91154511140673,2.12360105871784,-2.78373618582386,0.00537367223653314,266988,1,"TNFSF12-TNFSF13;TNFSF13","Body;TSS200;5'UTR;1stExon",-0.0300636249187766
"chr12",39299364,39299501,2,-37.401603196199,13.441064115806,-37.401603196199,13.441064115806,-2.78263706459199,0.0053919084861603,266988,1,"CPNE8","5'UTR;1stExon;TSS200",-0.00343560078234854
"chr5",126565346,126565698,3,-19.6263915280074,7.06487113997919,-19.6263915280074,7.06487113997919,-2.77802540756111,0.00546903416116273,266988,1,"","",-0.00569748366424891
"chr1",175162347,175162550,4,3.51519965500081,1.26672914056187,3.51519965500081,1.26672914056187,2.77502075419344,0.00551981852202803,266988,1,"KIAA0040","TSS200;TSS1500",-0.0144296621262948
"chr20",37230612,37230741,2,-9.59289098911338,3.45921425159169,-9.59289098911338,3.45921425159169,-2.77314161292536,0.00555179551278004,266988,1,"C20orf95","1stExon;Body",-0.0208295009791274
"chr1",228566824,228566997,2,-6.90875635599333,2.49513935444253,-6.90875635599333,2.49513935444253,-2.76888597171636,0.0056248317481871,266988,1,"","",-0.00353828762865471
"chr19",50666379,50666552,4,-8.95640346255257,3.23619468704321,-8.95640346255257,3.23619468704321,-2.76757251299232,0.00564754802576485,266988,1,"C19orf41","TSS200;1stExon;5'UTR",0.00552016892939712
"chr9",139258938,139259074,2,-6.98252805481024,2.5267593137054,-6.98252805481024,2.5267593137054,-2.76343220224273,0.00571969734682265,266988,1,"CARD9;DNLZ","Body;TSS1500",-0.0305035348766417
"chr1",18152403,18152639,2,-7.8736735260442,2.85025809800854,-7.8736735260442,2.85025809800854,-2.76244229655745,0.00573707017640178,266988,1,"ACTL8","Body",-0.0253927516276042
"chr1",29240631,29240705,2,-6.51861364078408,2.36039749307334,-6.51861364078408,2.36039749307334,-2.76165927980908,0.00575084579999874,266988,1,"EPB41","5'UTR;TSS1500",-0.0176744817687841
"chr13",81229358,81229444,2,-4.96377409138361,1.79740295186498,-4.96377409138361,1.79740295186498,-2.76163677501097,0.00575124216779104,266988,1,"","",-0.0149769541307957
"chr22",38506623,38506712,2,-7.58091666830047,2.75130759496263,-7.58091666830047,2.75130759496263,-2.75538681395725,0.00586227836573956,266988,1,"BAIAP2L2","1stExon;5'UTR;TSS200",-0.00164188943020316
"chr19",33622961,33623072,2,-14.5284398963,5.27527043285107,-14.5284398963,5.27527043285107,-2.75406542303993,0.00588600009130499,266988,1,"WDR88","1stExon;5'UTR;TSS200",-0.0128491893491079
"chr22",50845326,50845380,2,-7.73802590856682,2.81467188997152,-7.73802590856682,2.81467188997152,-2.749175112075,0.0059745458370516,266988,1,"SAPS2","Body",-0.0250575370507666
"chr6",1604134,1604212,3,-8.1622744350981,2.97272121613275,-8.1622744350981,2.97272121613275,-2.74572482303487,0.0060377382673164,266988,1,"","",-0.0227872285168567
"chr6",29768219,29768230,2,-23.3944304783261,8.54060559981581,-23.3944304783261,8.54060559981581,-2.73920042377682,0.00615888152018503,266988,1,"","",-0.00565642949602657
"chr10",1975562,1975591,2,-3.97061645229879,1.44994239096886,-3.97061645229879,1.44994239096886,-2.7384649742157,0.00617267351692212,266988,1,"","",0.0201624862849231
"chr6",32084515,32084518,2,-8.3930841484993,3.06502746857777,-8.3930841484993,3.06502746857777,-2.73833896581483,0.00617503936027365,266988,1,"ATF6B","Body",0.00402672447656915
"chr7",101847096,101847575,2,-2.52046900572921,0.921117997972214,-2.52046900572921,0.921117997972214,-2.73631501205912,0.00621315171175999,266988,1,"CUX1","Body",0.0534889969798908
"chr12",133481390,133481466,2,-10.7279726765077,3.93125390580617,-10.7279726765077,3.93125390580617,-2.7288933591044,0.00635472503291303,266988,1,"","",0.010220420695108
"chr15",40544855,40545143,3,-5.43375337988333,1.99237054474899,-5.43375337988333,1.99237054474899,-2.72728052229256,0.00638587241096592,266988,1,"PAK6;C15orf56","5'UTR;TSS200;Body;1stExon",-0.0263058848993751
"chr4",1994761,1995036,5,-5.94659787609358,2.18092258726007,-5.94659787609358,2.18092258726007,-2.72664326135683,0.0063982171178703,266988,1,"WHSC2","Body",0.0047998762404775
"chr11",62677251,62677384,2,-5.51616332599191,2.023078191917,-5.51616332599191,2.023078191917,-2.72661894534337,0.00639868858079337,266988,1,"CHRM1","Body",-0.000444410298721887
"chr15",84048206,84048308,2,-16.6585190356122,6.12827656320238,-16.6585190356122,6.12827656320238,-2.71830405560339,0.00656175081587027,266988,1,"","",-0.0259386980281653
"chr8",48172764,48172889,2,-20.7958535661528,7.65807267308085,-20.7958535661528,7.65807267308085,-2.71554664651499,0.00661664545902823,266988,1,"KIAA0146","TSS1500",-0.00359975987329492
"chr18",74692116,74692145,2,6.07282831511356,2.23736603586511,6.07282831511356,2.23736603586511,2.71427572322354,0.00664208581222025,266988,1,"MBP","3'UTR",-0.025354061659858
"chr7",645309,645500,3,-5.59602269960399,2.06218643043568,-5.59602269960399,2.06218643043568,-2.71363569123172,0.00665493074153917,266988,1,"PRKAR1B","Body",-0.013965603343084
"chr1",43920261,43920264,2,-28.0191329885484,10.326786196699,-28.0191329885484,10.326786196699,-2.71324809624749,0.00666272031552583,266988,1,"HYI","TSS1500",0.00132028555105703
"chr6",35149727,35150136,3,-7.70148306206597,2.83900857432256,-7.70148306206597,2.83900857432256,-2.7127368095053,0.00667300828565569,266988,1,"","",-0.035282640812957
"chr3",113160430,113160437,2,-18.8576493379303,6.95271855977476,-18.8576493379303,6.95271855977476,-2.71226990936063,0.00668241559408308,266988,1,"WDR52","TSS200",-0.00930723699250566
"chr2",223171473,223171797,2,-17.736744364023,6.54081611265568,-17.736744364023,6.54081611265568,-2.71170203511831,0.00669387344043,266988,1,"","",0.000319875992509808
"chr3",181421548,181421703,2,8.97223591628917,3.31675642948821,8.97223591628917,3.31675642948821,2.70512354676392,0.00682789898499746,266988,1,"SOX2OT","Body",0.0318505401950466
"chr1",201252200,201252324,2,-5.41947113474529,2.0038775825772,-5.41947113474529,2.0038775825772,-2.70449212160719,0.00684088918802972,266988,1,"PKP1","TSS1500",-0.0370814666120989
"chr3",48959341,48959375,2,-8.36106986590374,3.09194320844408,-8.36106986590374,3.09194320844408,-2.70414729580728,0.00684799260191139,266988,1,"ARIH2","5'UTR",0.0123856195488064
"chr6",170451326,170451590,2,-13.115855121038,4.85197967317162,-13.115855121038,4.85197967317162,-2.70319663405855,0.00686761057533971,266988,1,"","",-0.0145372388192767
"chr5",3605905,3605954,2,-16.4998015309212,6.10395775377516,-16.4998015309212,6.10395775377516,-2.70313167235085,0.00686895297447548,266988,1,"","",-0.0174872117276806
"chr15",45314789,45314915,2,-20.3497982050324,7.53875119423792,-20.3497982050324,7.53875119423792,-2.69935930775728,0.00694731238568902,266988,1,"SORD","TSS1500",-0.00524351286929359
"chr5",134662888,134662980,2,-10.3133021162516,3.82252217456515,-10.3133021162516,3.82252217456515,-2.69803591588709,0.00697499149699531,266988,1,"","",-0.0138117088935267
"chr1",205498530,205498551,2,-4.56822798341991,1.70069398312011,-4.56822798341991,1.70069398312011,-2.68609639874129,0.0072292228272618,266988,1,"CDK18","Body",-0.0177492848533426
"chr13",30088640,30088729,2,-8.96812113009441,3.34048630682718,-8.96812113009441,3.34048630682718,-2.68467531561667,0.00726002961949417,266988,1,"SLC7A1","Body",0.00363501469501976
"chr5",140562819,140562988,2,-7.09794704084396,2.64525453449464,-7.09794704084396,2.64525453449464,-2.68327563502314,0.00729048754744166,266988,1,"PCDHB16","1stExon",0.000814017373536036
"chr14",104686088,104686119,2,-7.1097140928061,2.65410794652331,-7.1097140928061,2.65410794652331,-2.67875845144856,0.0073895679523092,266988,1,"","",-0.0612395505569597
"chr1",156215507,156215655,2,-16.390696458438,6.11914205459937,-16.390696458438,6.11914205459937,-2.67859388002247,0.00739320037680684,266988,1,"PAQR6","Body;5'UTR",-0.00466007398095935
"chr7",42896343,42896801,3,-10.6030962798313,3.95945111691921,-10.6030962798313,3.95945111691921,-2.67792074374223,0.00740807453645164,266988,1,"","",-0.0281741441114334
"chr1",48176281,48176518,2,-10.0813788338682,3.76793436169474,-10.0813788338682,3.76793436169474,-2.67557177650351,0.00746018969366285,266988,1,"","",0.0187736209773034
"chr8",13424080,13424483,3,-22.6305693402317,8.47395811126047,-22.6305693402317,8.47395811126047,-2.67060198352403,0.00757153672156141,266988,1,"C8orf48","TSS1500;1stExon;5'UTR",-0.00488735065362435
"chr17",74511493,74511719,2,-6.15546623828209,2.30828726706073,-6.15546623828209,2.30828726706073,-2.66668119090748,0.00766043010549946,266988,1,"","",-0.056616690636011
"chr4",169799087,169799308,2,-4.26655109687798,1.60461332379456,-4.26655109687798,1.60461332379456,-2.65892787602469,0.00783897421245172,266988,1,"PALLD","Body",-0.0320607314474853
"chr6",29760609,29760823,2,-17.539849289496,6.59714894815353,-17.539849289496,6.59714894815353,-2.65870142198399,0.00784424459529107,266988,1,"HCG4","Body",0.000534946969466724
"chr22",24128528,24128767,2,-10.1576341713555,3.82602926380362,-10.1576341713555,3.82602926380362,-2.65487623616798,0.00793375109314113,266988,1,"SMARCB1","TSS1500",-0.0187046272190094
"chr11",73087016,73087168,2,-4.66384666648132,1.7578370091018,-4.66384666648132,1.7578370091018,-2.65317355496139,0.00797388593262797,266988,1,"RELT","TSS1500",-0.00849849973814637
"chr18",14747888,14748198,2,-10.1204144084246,3.81454798505942,-10.1204144084246,3.81454798505942,-2.65310973883764,0.00797539370638662,266988,1,"ANKRD30B","TSS1500;TSS200",-0.0466290386973256
"chr3",48632568,48632582,2,-13.8443085705694,5.22641446231651,-13.8443085705694,5.22641446231651,-2.64891134646699,0.00807515114124428,266988,1,"COL7A1","1stExon",-0.0170839836353503
"chr5",42756876,42757171,2,-7.76741303450868,2.93316147145503,-7.76741303450868,2.93316147145503,-2.64813686873351,0.00809367496609511,266988,1,"CCDC152","TSS200;5'UTR",-0.026048239855597
"chr11",115860954,115861018,3,-9.04810890511981,3.41746075679934,-9.04810890511981,3.41746075679934,-2.6476116476591,0.00810625874933956,266988,1,"","",0.0135629178159231
"chr22",32438947,32439259,4,-6.20596358254631,2.34411337134704,-6.20596358254631,2.34411337134704,-2.64746733601032,0.0081097193810954,266988,1,"SLC5A1","5'UTR;1stExon;TSS200",-0.0278496892839398
"chr7",95402431,95402528,2,-28.1308959022927,10.6570755162034,-28.1308959022927,10.6570755162034,-2.63964498135736,0.00829929163285638,266988,1,"DYNC1I1","5'UTR",-0.00120616501135436
"chr8",101225361,101225800,2,-15.8722341647961,6.01673952034881,-15.8722341647961,6.01673952034881,-2.63801251676522,0.00833935037368701,266988,1,"SPAG1","Body",-0.0210116587728241
"chr2",241611931,241611991,2,-9.04244829002493,3.42915011469921,-9.04244829002493,3.42915011469921,-2.63693568014537,0.0083658692579121,266988,1,"","",-0.0478026516775373
"chr12",58131768,58132105,3,20.5551434948295,7.7996443799064,20.5551434948295,7.7996443799064,2.63539496079899,0.00840394320069728,266988,1,"AGAP2","TSS200;Body;1stExon",0.0153105160357355
"chr12",124990897,124991139,4,-3.32084831797405,1.26019802649039,-3.32084831797405,1.26019802649039,-2.63517974807699,0.00840927381178515,266988,1,"NCOR2","5'UTR",-0.013667801593806
"chr20",62570072,62570397,2,-6.97939380541726,2.6508553324586,-6.97939380541726,2.6508553324586,-2.63288370359467,0.00846633313680719,266988,1,"","",-0.00531086888186572
"chr17",62097951,62097953,2,-13.1509961558082,5.00410970428311,-13.1509961558082,5.00410970428311,-2.62803913842096,0.00858786343081086,266988,1,"ICAM2","5'UTR;1stExon",-0.0166435010662904
"chr7",151442481,151442967,2,-14.3344051174018,5.45961863622768,-14.3344051174018,5.45961863622768,-2.62553230774853,0.00865135982556033,266988,1,"PRKAG2","Body",-0.0252081510165961
"chr12",131142648,131142708,2,-10.8772130375718,4.14863043477913,-10.8772130375718,4.14863043477913,-2.62188045153047,0.00874460993235124,266988,1,"","",-0.0160215540819613
"chr5",60240670,60240938,3,-14.9664927955255,5.70932531330004,-14.9664927955255,5.70932531330004,-2.62141180861784,0.00875664152106077,266988,1,"NDUFAF2;ERCC8","TSS200;Body;TSS1500;1stExon",-0.00581370163261543
"chr4",42348136,42348211,2,-11.6998037610797,4.46416622511767,-11.6998037610797,4.46416622511767,-2.62082619039825,0.00877169703654313,266988,1,"","",-0.00209781379157398
"chr12",1608961,1609346,2,-13.8765765938039,5.30110813745739,-13.8765765938039,5.30110813745739,-2.61767468876037,0.00885311606159145,266988,1,"LOC100292680","TSS1500",-0.0164540583079834
"chr2",66673428,66673449,2,-7.58678210076145,2.89911394759693,-7.58678210076145,2.89911394759693,-2.6169313238102,0.00887241902015189,266988,1,"MEIS1","Body",-0.0284745972954328
"chr7",94285329,94285343,2,-12.427571020984,4.75083634871341,-12.427571020984,4.75083634871341,-2.61587015607253,0.00890003950565273,266988,1,"SGCE;PEG10","1stExon;TSS1500",0.000844726263765763
"chr13",112996967,112997365,2,-15.8467222181883,6.06207640910828,-15.8467222181883,6.06207640910828,-2.61407497179985,0.00894694016016041,266988,1,"","",-0.0601450951112351
"chr8",144120335,144120399,2,6.88958503376432,2.63622992372687,6.88958503376432,2.63622992372687,2.61342342401774,0.00896401689585116,266988,1,"C8orf31","TSS1500",0.0117198429352059
"chr8",11470690,11471054,2,-8.51712107789655,3.26486757404958,-8.51712107789655,3.26486757404958,-2.6087186952371,0.00908819183600555,266988,1,"","",-0.0159756014180799
"chr8",145162300,145162592,4,-7.88505066683447,3.02586991106381,-7.88505066683447,3.02586991106381,-2.60587893683186,0.00916388450375662,266988,1,"KIAA1875;MAF1","TSS200;3'UTR;TSS1500",-0.0147560283735909
"chr18",77171832,77171872,2,-13.6742655147456,5.25088558818141,-13.6742655147456,5.25088558818141,-2.60418272024882,0.00920936447527561,266988,1,"NFATC1","Body;5'UTR",-0.0601984147090923
"chr16",50707467,50707795,2,-10.8797148610223,4.18459523975487,-10.8797148610223,4.18459523975487,-2.59994437637884,0.00932388722457827,266988,1,"SNX20","Body",-0.00859064575063009
"chr13",110522020,110522297,4,-8.57940748369121,3.30098009050961,-8.57940748369121,3.30098009050961,-2.59904853966166,0.00934825535341618,266988,1,"","",0.00154546414762543
"chr5",78365801,78366076,2,-6.14378950235849,2.36802510432064,-6.14378950235849,2.36802510432064,-2.59447819668326,0.00947346220493292,266988,1,"BHMT2;DMGDH","Body;TSS1500",-0.0115413052353686
"chr13",36728963,36729109,2,27.6965549462894,10.6835350680236,27.6965549462894,10.6835350680236,2.59245228942868,0.0095294398014935,266988,1,"","",0.0119980957095249
"chr5",1855960,1856259,2,-16.9087673725978,6.52382720300661,-16.9087673725978,6.52382720300661,-2.59184782895616,0.0095461986108029,266988,1,"","",-0.0416346299323684
"chr6",32920962,32921142,3,-7.24717252101945,2.79866585142849,-7.24717252101945,2.79866585142849,-2.58950975419961,0.0096112699870699,266988,1,"HLA-DMA","TSS200;TSS1500",-0.0356369411502863
"chr1",175162128,175162136,2,11.688068516213,4.51852598455126,11.688068516213,4.51852598455126,2.58669941396249,0.00969000820786556,266988,1,"KIAA0040","1stExon;5'UTR;TSS200",-0.00468626729102128
"chr6",160211790,160212014,2,-37.3042227511473,14.4322525191777,-37.3042227511473,14.4322525191777,-2.5847817380951,0.00974406588660992,266988,1,"TCP1;MRPL18","TSS1500;Body",-0.00541399860528444
"chr20",20257861,20258001,2,-7.73884626622397,2.99831207933732,-7.73884626622397,2.99831207933732,-2.5810676345387,0.00984952829425988,266988,1,"C20orf26","Body",-0.0427647973411309
"chr17",77773337,77773808,2,-21.0504121203092,8.16387936690221,-21.0504121203092,8.16387936690221,-2.57848152505183,0.00992356060864266,266988,1,"","",-0.00547306405612674
"chr19",12624679,12624694,2,-10.9488064140265,4.24846096620673,-10.9488064140265,4.24846096620673,-2.57712298668056,0.00996264962516158,266988,1,"ZNF709","TSS200",-0.00990491768118472
"chr7",154585989,154586335,2,-9.40906880214742,3.65838597890302,-9.40906880214742,3.65838597890302,-2.57191801423008,0.0101136838982316,266988,1,"DPP6","Body",-0.0401914524733975
"chr17",56024688,56024804,2,7.97994758155134,3.10381076811653,7.97994758155134,3.10381076811653,2.5710161403924,0.0101400600962552,266988,1,"","",-0.0225675089089128
"chr12",133183595,133183688,2,-8.309988624319,3.23685319993533,-8.309988624319,3.23685319993533,-2.56730475898167,0.0102492489065015,266988,1,"","",0.00184675722995165
"chr1",4714008,4714033,2,-12.1817979723353,4.75023646189586,-12.1817979723353,4.75023646189586,-2.56446138419674,0.010333607736809,266988,1,"AJAP1","TSS1500",0.00243415428716899
"chr1",76262302,76262373,2,-8.66731595324801,3.38070823749372,-8.66731595324801,3.38070823749372,-2.56375745683204,0.0103545874383706,266988,1,"MSH4","TSS1500",-0.000644579548550572
"chr17",60758021,60758287,2,-10.6442702913734,4.15524522288111,-10.6442702913734,4.15524522288111,-2.56164671888921,0.0104177228358492,266988,1,"MRC2","Body",-0.0408033002276539
"chr4",184319704,184319743,2,-26.9910890200612,10.5373254543458,-26.9910890200612,10.5373254543458,-2.56147436434446,0.0104228933188708,266988,1,"","",-0.00242529008477593
"chr1",154965483,154965544,2,-9.0845791486405,3.55100084671492,-9.0845791486405,3.55100084671492,-2.55831511756602,0.0105180732708557,266988,1,"FLAD1;LENEP","3'UTR;TSS1500;Body",-0.0106890124074177
"chr3",113160183,113160313,2,-9.68690682959053,3.78723120908618,-9.68690682959053,3.78723120908618,-2.55778068324693,0.0105342506355317,266988,1,"WDR52","5'UTR;1stExon",0.000567476799423303
"chr17",79881523,79881543,3,-6.46923105363578,2.53067952986353,-6.46923105363578,2.53067952986353,-2.55632172200984,0.0105785262336246,266988,1,"MAFG","5'UTR;TSS200",-0.0107207342795702
"chr12",117470875,117471086,2,-4.43656535556452,1.73907030898042,-4.43656535556452,1.73907030898042,-2.55111327739566,0.0107379418778364,266988,1,"","",-0.0406808466539347
"chr19",49133598,49133647,2,-6.67385648845415,2.61857082339635,-6.67385648845415,2.61857082339635,-2.54866373245463,0.0108136512437633,266988,1,"SPHK2","3'UTR",0.0151759114475573
"chr10",135340850,135341025,3,-7.17640678633719,2.81934909396639,-7.17640678633719,2.81934909396639,-2.5454126279343,0.010914867500975,266988,1,"CYP2E1","TSS200;5'UTR;1stExon",-0.0124472881520168
"chr11",61355200,61355317,2,-31.210078134376,12.2780680866583,-31.210078134376,12.2780680866583,-2.54193720983595,0.011023997565211,266988,1,"","",-0.0037485373614985
"chr17",773137,773283,2,-3.36486132455772,1.32440387038465,-3.36486132455772,1.32440387038465,-2.54066104743446,0.0110643124647744,266988,1,"NXN","Body",-0.0194431129314318
"chr1",74663583,74663636,2,-27.8025886471764,10.9571593822164,-27.8025886471764,10.9571593822164,-2.53739018274211,0.0111682401371356,266988,1,"LRRIQ3;TNNI3K;FPGT","5'UTR;TSS1500",-0.0022645124405963
"chr17",8905775,8905866,2,-4.59932272764986,1.81280250069691,-4.59932272764986,1.81280250069691,-2.5371339271,0.0111764188504585,266988,1,"","",0.02580848692662
"chr19",18385502,18385672,2,-4.06551049101967,1.6050943932844,-4.06551049101967,1.6050943932844,-2.53287937957385,0.0113129874528107,266988,1,"KIAA1683","TSS200;TSS1500",-0.0281396922905822
"chr15",89954659,89954845,2,-15.2848417093773,6.04127425219185,-15.2848417093773,6.04127425219185,-2.5300691660922,0.0114040043489872,266988,1,"","",-0.0058492809886094
"chr11",281699,281888,2,-7.26688703566554,2.87949080775808,-7.26688703566554,2.87949080775808,-2.52367085739141,0.0116136609111703,266988,1,"NLRP6","Body",-0.0248255931753735
"chr2",42329494,42329535,2,-8.72607010749777,3.4672932554272,-8.72607010749777,3.4672932554272,-2.51668072605028,0.0118466126159331,266988,1,"","",-0.0234885312407668
"chr2",3469390,3469529,2,-6.132874132921,2.43730192778798,-6.132874132921,2.43730192778798,-2.51625539823333,0.0118609198192554,266988,1,"TTC15","Body",-0.0185448147592105
"chr8",97167170,97167470,2,-8.05446589151983,3.20933572219291,-8.05446589151983,3.20933572219291,-2.50969876283815,0.0120834191552756,266988,1,"GDF6","Body",0.00704932826984346
"chr17",80186273,80186275,2,-6.75590007785847,2.69237079016677,-6.75590007785847,2.69237079016677,-2.50927550638001,0.0120979086535033,266988,1,"SLC16A3","TSS200;TSS1500",-0.0114559723355149
"chr10",640061,640085,2,-8.0926081535956,3.23796736835874,-8.0926081535956,3.23796736835874,-2.49928650692288,0.0124443656127423,266988,1,"DIP2C","Body",-0.0185675760021757
"chr10",45470440,45470493,2,-24.6688466545284,9.88238459047325,-24.6688466545284,9.88238459047325,-2.49624434555092,0.0125516108473936,266988,1,"RASSF4","Body",-0.0183124402008685
"chr7",121955589,121955717,2,-8.64530834868872,3.4702151548674,-8.64530834868872,3.4702151548674,-2.49128885756914,0.0127280593352715,266988,1,"","",-0.036789561112572
"chr6",33288569,33288599,3,-10.8905787871636,4.3740603303735,-10.8905787871636,4.3740603303735,-2.4898099167813,0.012781143168514,266988,1,"DAXX","Body",-0.00745181070681385
"chr17",19628012,19628087,2,-7.29167681866399,2.92960285786869,-7.29167681866399,2.92960285786869,-2.48896426322056,0.0128115842948258,266988,1,"","",-0.0313699492785489
"chr5",135529293,135529341,2,-5.20264626760694,2.0930287421005,-5.20264626760694,2.0930287421005,-2.48570225671422,0.012929609163258,266988,1,"LOC389332","TSS1500",-0.0157973306480718
"chr3",11610142,11610338,4,-7.89900631549453,3.17908158215966,-7.89900631549453,3.17908158215966,-2.48468185271561,0.0129667260859345,266988,1,"VGLL4","Body;1stExon;5'UTR",-0.00992881116776462
"chr11",1320497,1320546,2,-9.3919930580894,3.78220259190911,-9.3919930580894,3.78220259190911,-2.48320729253921,0.0130205293338009,266988,1,"TOLLIP","Body",8.56680579270214e-05
"chr5",110062729,110062837,2,-11.1298598580219,4.48230414549963,-11.1298598580219,4.48230414549963,-2.48306663196798,0.0130256720107799,266988,1,"TMEM232","TSS1500",-0.0347749565763045
"chr2",98340655,98340921,2,-7.82929984676123,3.15497160248534,-7.82929984676123,3.15497160248534,-2.48157537791899,0.0130803041876122,266988,1,"ZAP70","Body",-0.0409730575499872
"chr12",77273319,77273469,2,-10.1386909303556,4.09136652872836,-10.1386909303556,4.09136652872836,-2.47806957874947,0.0132095382638243,266988,1,"CSRP2","TSS1500",-0.0224715043659604
"chr6",31430641,31430860,4,-9.09021692257414,3.66942716975165,-9.09021692257414,3.66942716975165,-2.47728500990779,0.0132386139038869,266988,1,"HCP5","TSS1500;TSS200",-0.01865483650458
"chr11",15963106,15963167,2,-6.22622588447287,2.51434362186728,-6.22622588447287,2.51434362186728,-2.47628280809484,0.0132758371800079,266988,1,"","",-0.0159405827740207
"chr7",150069577,150069707,2,-14.522880556983,5.88296621304234,-14.522880556983,5.88296621304234,-2.46863232441932,0.0135630495934739,266988,1,"REPIN1","Body;1stExon",-0.0201101802884465
"chr6",118241348,118241486,2,-12.6454417153597,5.12927250232154,-12.6454417153597,5.12927250232154,-2.46534800200932,0.0136880236717902,266988,1,"SLC35F1","Body",-0.0124435326995399
"chr7",2150845,2151298,4,-5.77722486513568,2.35158757102046,-5.77722486513568,2.35158757102046,-2.45673388324156,0.0140206503831252,266988,1,"MAD1L1","Body",0.0081942014389903
"chr5",112042851,112042859,2,8.00396002710959,3.25926254814146,8.00396002710959,3.25926254814146,2.45575798478515,0.0140587801531818,266988,1,"APC","TSS1500",0.00437403052123148
"chr22",31030853,31031044,2,-7.65164726111572,3.12429857973558,-7.65164726111572,3.12429857973558,-2.44907682983465,0.0143222894243561,266988,1,"SLC35E4","TSS1500",-0.0327235089773715
"chr19",10172712,10172825,2,-7.66543708090286,3.13474342823877,-7.66543708090286,3.13474342823877,-2.44531562355316,0.0144725426296803,266988,1,"C3P1","Body",-0.0221736680887261
"chr2",220196620,220196714,2,-8.18665853782086,3.35723665061036,-8.18665853782086,3.35723665061036,-2.43851101063504,0.0147479094028334,266988,1,"RESP18","Body",-0.0377780390534425
"chr16",89976287,89976526,2,-6.76298150671917,2.77915792939272,-6.76298150671917,2.77915792939272,-2.43346426455044,0.0149551115707345,266988,1,"TCF25","Body",-0.0381271698604538
"chr6",29760864,29761288,3,-6.54609316475407,2.6917669806829,-6.54609316475407,2.6917669806829,-2.43189444395864,0.0150200838919073,266988,1,"HCG4","TSS200;TSS1500",0.00494177076597783
"chr2",240196769,240197131,4,-9.39618783326672,3.86484477324063,-9.39618783326672,3.86484477324063,-2.43119410598944,0.0150491498597207,266988,1,"HDAC4","Body",-0.0224799767423343
"chr1",12805849,12806027,2,6.32151615684717,2.60180238620954,6.32151615684717,2.60180238620954,2.42966806024677,0.0151126566405897,266988,1,"C1orf158","TSS200;TSS1500",-0.00194188298538331
"chr10",11783848,11783974,2,-8.08866585173157,3.33131066956453,-8.08866585173157,3.33131066956453,-2.42807310817064,0.0151792831127,266988,1,"ECHDC3","TSS1500",-0.0144127388358974
"chr19",940967,941126,2,-6.43709162096665,2.6552152813479,-6.43709162096665,2.6552152813479,-2.42432004146154,0.0153370826031321,266988,1,"ARID3A","Body",-0.0550551950795422
"chr19",38281183,38281219,2,-8.48082293504724,3.49828106262616,-8.48082293504724,3.49828106262616,-2.4242828930048,0.0153386517186161,266988,1,"","",-0.0293979789871814
"chr19",49633674,49633795,2,-4.82232447822424,1.99120820947608,-4.82232447822424,1.99120820947608,-2.42180825454365,0.0154434968740985,266988,1,"PPFIA3","Body",0.0101506111210345
"chr19",44039727,44039755,2,-16.6852684082566,6.89773774711816,-16.6852684082566,6.89773774711816,-2.41894792466235,0.0155654683844142,266988,1,"ZNF575","Body",-0.00301914607596801
"chr19",13112283,13112449,2,-6.09913293100639,2.52208735463758,-6.09913293100639,2.52208735463758,-2.41828774082364,0.0155937403575317,266988,1,"NFIX","Body",-0.0205292425423334
"chr10",574670,574732,2,-9.14927707087181,3.79037894942098,-9.14927707087181,3.79037894942098,-2.41381592525714,0.0157864354716112,266988,1,"DIP2C","Body",-0.0115715934781691
"chr8",2585976,2586225,2,-9.09495824893411,3.77805187930612,-9.09495824893411,3.77805187930612,-2.4073142824615,0.0160703335294435,266988,1,"","",-0.0629457160339902
"chr17",78806870,78806891,2,-16.7333781120235,6.95424187344432,-16.7333781120235,6.95424187344432,-2.40621169302754,0.0161189212858702,266988,1,"RPTOR","Body",-0.0159386150918056
"chr7",2123294,2123446,2,-20.6571540220625,8.603990998567,-20.6571540220625,8.603990998567,-2.40088047808313,0.0163556777055469,266988,1,"MAD1L1","Body",-0.00289661640009914
"chr11",132107419,132107534,2,-14.6165370766167,6.10259428919411,-14.6165370766167,6.10259428919411,-2.39513498423092,0.0166142475349726,266988,1,"NTM","Body",0.00822918146113333
"chr7",22602834,22602895,2,7.53768683706896,3.16389355490641,7.53768683706896,3.16389355490641,2.3824084806456,0.017199806687128,266988,1,"","",0.00553013369913269
"chr5",140743780,140743808,2,-12.5601544456515,5.29373088476162,-12.5601544456515,5.29373088476162,-2.37264695147364,0.0176611361436034,266988,1,"PCDHGA4;PCDHGA2;PCDHGB2;PCDHGA5;PCDHGA1","Body;TSS200",-0.0115178168302712
"chr10",99734912,99735133,3,-5.55624910464759,2.34623612728382,-5.55624910464759,2.34623612728382,-2.36815427059335,0.0178770798778109,266988,1,"CRTAC1","Body",-0.0207707051721042
"chr1",855649,856059,2,-5.70990763442044,2.41386388780908,-5.70990763442044,2.41386388780908,-2.36546379572503,0.0180075038571951,266988,1,"FLJ39609","TSS1500",-0.0507673247101091
"chr2",97524767,97524862,2,-8.96531636472517,3.80549990005989,-8.96531636472517,3.80549990005989,-2.35588401003087,0.0184786865942501,266988,1,"ANKRD39","TSS1500",-0.00905310661677325
"chr12",132219020,132219026,2,-10.7754085882836,4.58452573642057,-10.7754085882836,4.58452573642057,-2.35038675924125,0.0187539131729709,266988,1,"SFRS8","Body",-0.0119271150547083
"chr2",238173365,238173584,2,-6.02521847362732,2.56557834074302,-6.02521847362732,2.56557834074302,-2.34848352823338,0.0188500329252404,266988,1,"","",-0.0185726933870202
"chr5",35617687,35617730,2,-10.0496738943983,4.30161897029103,-10.0496738943983,4.30161897029103,-2.33625385321341,0.0194780150622287,266988,1,"SPEF2","TSS1500",0.00815847274206646
"chr2",106015767,106015771,2,-16.2150373546705,6.96188207693354,-16.2150373546705,6.96188207693354,-2.32911692204541,0.0198528724555449,266988,1,"FHL2","TSS200;5'UTR",0.0265231385548668
"chr1",151019134,151019274,2,-6.89456745338242,2.96220506240526,-6.89456745338242,2.96220506240526,-2.32751187312608,0.0199380378062579,266988,1,"C1orf56;BNIPL","TSS1500;Body;3'UTR",-0.0312768349602608
"chr15",31516404,31516481,2,-7.39355355073884,3.20798677717682,-7.39355355073884,3.20798677717682,-2.30473317513033,0.0211815216941457,266988,1,"","",-0.0420130483060552
"chr21",37949197,37949239,2,6.41085871975966,2.78450912532101,6.41085871975966,2.78450912532101,2.30232993724544,0.0213165727764446,266988,1,"CLDN14","TSS1500",-0.0363533373826348
"chr6",31870783,31870840,2,-5.42910558819655,2.36266306195653,-5.42910558819655,2.36266306195653,-2.29787550989208,0.0215688755166349,266988,1,"ZBTB12","TSS1500",-0.0092211571320609
"chr11",34460557,34460856,3,-15.4686108435383,6.74996662012406,-15.4686108435383,6.74996662012406,-2.29165738352258,0.0219254213908838,266988,1,"CAT","1stExon;5'UTR;Body",-0.0219032885966129
"chr3",42977845,42977896,3,-7.52947558570286,3.28957767942339,-7.52947558570286,3.28957767942339,-2.28888821589483,0.0220858481187095,266988,1,"","",-0.00895756896405053
"chr1",15756157,15756557,2,-6.32701143755557,2.77036329017105,-6.32701143755557,2.77036329017105,-2.28382012568645,0.0223821043764477,266988,1,"EFHD2","3'UTR",-0.0294880196919396
"chr1",76262594,76262648,2,-11.4001533577307,4.99887341332496,-11.4001533577307,4.99887341332496,-2.28054451775924,0.0225754136212864,266988,1,"MSH4","TSS200;1stExon;5'UTR",0.00345560962156682
"chr11",2890575,2890577,2,-14.6973976016457,6.461798844836,-14.6973976016457,6.461798844836,-2.2745055911778,0.0229356053176906,266988,1,"KCNQ1DN","TSS1500",-0.0281079367519094
"chr1",201915989,201915999,2,-16.4549196303623,7.2372546598671,-16.4549196303623,7.2372546598671,-2.27364109786133,0.0229875743268453,266988,1,"LMOD1","TSS1500",-0.016608480518865
"chr20",11898478,11898531,2,9.3656509766412,4.1269888315389,9.3656509766412,4.1269888315389,2.26936668814509,0.0232460361869237,266988,1,"BTBD3","5'UTR;TSS200",0.016048001783011
"chr19",7541760,7542105,2,-5.8707997450003,2.5905657350604,-5.8707997450003,2.5905657350604,-2.26622303597458,0.0234377309056002,266988,1,"PEX11G","3'UTR;Body",-0.0310307651669227
"chr19",46387962,46387992,2,-7.1923156946297,3.17460192763983,-7.1923156946297,3.17460192763983,-2.26558033371348,0.0234770903149737,266988,1,"IRF2BP1","1stExon",-0.0273317420300817
"chr3",10149963,10149974,2,-12.0680019201247,5.32710667416883,-12.0680019201247,5.32710667416883,-2.26539520573945,0.0234884382815693,266988,1,"C3orf24","TSS200",-0.00432394959480731
"chr2",71787808,71787827,2,-9.48511046796464,4.19193867698804,-9.48511046796464,4.19193867698804,-2.26270258199001,0.0236540295585997,266988,1,"DYSF","Body",-0.0295546019917486
"chr17",33759965,33759986,2,-9.22377301285915,4.07769789857318,-9.22377301285915,4.07769789857318,-2.26200499455505,0.0236970947161142,266988,1,"SLFN12","TSS1500",-0.0510030335202786
"chr6",29691981,29691993,2,-17.4332758924496,7.71075926708217,-17.4332758924496,7.71075926708217,-2.26090262821115,0.0237652873502474,266988,1,"HLA-F","Body",0.00985043329852001
"chr6",33283000,33283055,4,-5.36780168418751,2.37518075776907,-5.36780168418751,2.37518075776907,-2.25995502305657,0.0238240424218897,266988,1,"ZBTB22;TAPBP","Body;TSS1500",0.000309425184529283
"chr1",201252693,201252734,2,-14.2044228343444,6.28855620242598,-14.2044228343444,6.28855620242598,-2.25877329821186,0.0238974903037228,266988,1,"PKP1","5'UTR;1stExon",-0.0281101953042423
"chr2",3469154,3469212,2,-6.32079646147653,2.80453724472428,-6.32079646147653,2.80453724472428,-2.25377518995935,0.0242103143698341,266988,1,"TTC15","Body",-0.00753529779815992
"chr1",65468782,65468815,2,-24.6878539744504,10.9637293265595,-24.6878539744504,10.9637293265595,-2.25177521617982,0.0243364806370243,266988,1,"","",-0.0104687204215506
"chr22",18231406,18231586,2,-5.55928023470679,2.47181815025085,-5.55928023470679,2.47181815025085,-2.24906522113797,0.0245083468590196,266988,1,"BID","Body;5'UTR",0.0161295956424615
"chr17",76037239,76037250,2,-20.0329118947147,8.91690450236648,-20.0329118947147,8.91690450236648,-2.24662178331035,0.0246642088157446,266988,1,"TNRC6C","5'UTR",0.00573372411199389
"chr6",44243304,44243750,2,-8.69183004673228,3.87152648499376,-8.69183004673228,3.87152648499376,-2.24506537161047,0.0247639362319974,266988,1,"TMEM151B","Body",-0.0145490758923596
"chr1",6086018,6086148,2,-6.42392510520693,2.86620094351876,-6.42392510520693,2.86620094351876,-2.2412682264072,0.0250087057993396,266988,1,"KCNAB2","TSS1500",-0.0491283822566066
"chr11",57414626,57414908,2,-14.4917605142188,6.46613758080059,-14.4917605142188,6.46613758080059,-2.24117726125222,0.0250145951484019,266988,1,"YPEL4","5'UTR",0.0130542144758079
"chr17",8286572,8286599,2,-10.0805480104392,4.50546103384534,-10.0805480104392,4.50546103384534,-2.23740654612556,0.025259781088501,266988,1,"RPL26","TSS200",-0.0168393529767863
"chr8",145164209,145164665,2,-7.14672021423833,3.19995701242105,-7.14672021423833,3.19995701242105,-2.23338006932512,0.0255238913720908,266988,1,"KIAA1875","Body",-0.0120234517857977
"chr12",121087382,121087689,2,-13.2151007588568,5.92209055324908,-13.2151007588568,5.92209055324908,-2.23149251772358,0.0256485225944562,266988,1,"CABP1","TSS1500;Body",-0.0195060438210332
"chr20",44838981,44839187,2,-19.514769248193,8.76373953772696,-19.514769248193,8.76373953772696,-2.22676280646909,0.0259631303725025,266988,1,"CDH22","Body",-0.0177405076461002
"chr17",40557138,40557347,2,-13.9112659778072,6.29740935773563,-13.9112659778072,6.29740935773563,-2.20904584529174,0.0271714522790386,266988,1,"PTRF","Body",-0.00811679815864336
"chr2",54087178,54087184,2,8.7291959871883,3.95463400345812,8.7291959871883,3.95463400345812,2.20733346740939,0.0272907708042627,266988,1,"LOC100302652;GPR75","TSS200",0.0427140243846461
"chr3",9178180,9178249,2,-7.70856659729258,3.49905476594173,-7.70856659729258,3.49905476594173,-2.20304256804563,0.0275917484953044,266988,1,"SRGAP3","Body",-0.024707135151493
"chr19",16199419,16199792,2,9.08195471053011,4.12641495994647,9.08195471053011,4.12641495994647,2.20093102576575,0.0277409071197531,266988,1,"TPM4","Body",0.0159206745191393
"chr13",45945197,45945296,2,-6.93990767722709,3.1553777141224,-6.93990767722709,3.1553777141224,-2.19939047112059,0.027850169610303,266988,1,"LOC100190939","Body",-0.0206503367746743
"chr7",53286906,53286921,2,-8.12939277486753,3.69801871163138,-8.12939277486753,3.69801871163138,-2.19831034096668,0.0279269979904794,266988,1,"","",-0.0202214508978367
"chr12",46663660,46663694,2,-21.3315406213217,9.70406820250616,-21.3315406213217,9.70406820250616,-2.19820596642268,0.0279344317000857,266988,1,"SLC38A1","TSS1500",5.81632995063051e-05
"chr12",124864657,124864681,2,-19.9731503178712,9.14870794387062,-19.9731503178712,9.14870794387062,-2.18316623947457,0.0290235699799546,266988,1,"NCOR2","Body",-0.0143074547214154
"chr1",31885850,31885880,2,-10.1564083335865,4.6601797189555,-10.1564083335865,4.6601797189555,-2.17940271536628,0.0293017645996972,266988,1,"SERINC2","TSS200",-0.0175253541815685
"chr1",2707161,2707573,2,-14.0329765097901,6.44961526911281,-14.0329765097901,6.44961526911281,-2.17578505449681,0.0295713367439845,266988,1,"","",-0.0159892400858646
"chr12",123464758,123464823,3,-14.3430334468837,6.60719649289573,-14.3430334468837,6.60719649289573,-2.1708198722871,0.0299447911585788,266988,1,"ARL6IP4","TSS200",-0.00797343826888814
"chr3",125677491,125677574,2,-7.46014526484726,3.44225079326118,-7.46014526484726,3.44225079326118,-2.16722886067797,0.0302174077861862,266988,1,"","",-0.0297913287010294
"chr7",42278089,42278096,2,-5.66521096000911,2.61672588425753,-5.66521096000911,2.61672588425753,-2.16499977857504,0.0303877022290308,266988,1,"GLI3","TSS1500",-0.00758677518640244
"chr7",158362966,158363265,2,-9.53806429911388,4.40787779294969,-9.53806429911388,4.40787779294969,-2.16386768126145,0.030474505940504,266988,1,"PTPRN2","Body",-0.029588297165861
"chr6",111888567,111888620,2,13.1270330486939,6.07188537047732,13.1270330486939,6.07188537047732,2.16193690225445,0.0306230400889784,266988,1,"TRAF3IP2","Body;TSS200",-0.00209676963978082
"chr7",210075,210429,2,-4.35085549968162,2.0135934813774,-4.35085549968162,2.0135934813774,-2.16074174848114,0.0307152940447374,266988,1,"FAM20C","Body",0.02216264513907
"chr12",119616618,119616682,2,-35.8449836550471,16.6204431865172,-35.8449836550471,16.6204431865172,-2.1566803756548,0.0310305770825368,266988,1,"HSPB8","5'UTR;1stExon",-0.000839700989622813
"chr7",29602763,29603121,2,-5.55506759296825,2.59224790867288,-5.55506759296825,2.59224790867288,-2.14295383338247,0.0321168056202566,266988,1,"PRR15","TSS1500",-0.00973871692193905
"chr7",27170552,27170554,2,35.3728627378494,16.5910923961471,35.3728627378494,16.5910923961471,2.13203940362987,0.0330036074026537,266988,1,"HOXA4","TSS200",0.0160346396056453
"chr15",33360262,33360271,2,-7.19255176044408,3.37581272836064,-7.19255176044408,3.37581272836064,-2.13061337793371,0.0331210065302175,266988,1,"FMN1","TSS200",-0.0222745213919331
"chr10",98480743,98480746,2,-7.98332819010904,3.74940721608001,-7.98332819010904,3.74940721608001,-2.12922409597739,0.0332357242308354,266988,1,"PIK3AP1","TSS1500",-0.0281854980402159
"chr12",133180045,133180238,2,-8.52591708260295,4.01039318290333,-8.52591708260295,4.01039318290333,-2.12595540979615,0.0335069725051238,266988,1,"","",-0.104746888801104
"chr12",106974832,106974935,2,-5.19008134432368,2.45143479000545,-5.19008134432368,2.45143479000545,-2.11716067891495,0.0342462133099916,266988,1,"","",-0.00693128645521317
"chr19",37742481,37742739,2,27.6493853868597,13.0782259905069,27.6493853868597,13.0782259905069,2.11415412204451,0.0345021058637746,266988,1,"","",0.0127689174937878
"chr2",3471056,3471071,2,-8.09018811247353,3.84975689728678,-8.09018811247353,3.84975689728678,-2.10148025663005,0.035598829332075,266988,1,"TTC15","Body",-0.0414068771771845
"chr1",24195469,24195587,2,-8.85526052968353,4.22138113638354,-8.85526052968353,4.22138113638354,-2.09771642114027,0.0359302034028242,266988,1,"FUCA1","TSS1500",-0.0433384963003338
"chr17",43449123,43449285,2,-6.42097518825661,3.08676018327186,-6.42097518825661,3.08676018327186,-2.08016651991753,0.0375102619494507,266988,1,"","",-0.0301892272172911
"chr6",32827202,32827216,2,16.901081119712,8.15861622379528,16.901081119712,8.15861622379528,2.0715622179186,0.0383062864826062,266988,1,"PSMB9","Body",0.00456899427349527
"chr1",1951356,1951466,2,-8.2682143226398,4.01333201421702,-8.2682143226398,4.01333201421702,-2.06018697016596,0.0393806700717176,266988,1,"GABRD","Body",-0.0341563211052403
"chr6",158464296,158464398,2,-5.69624768724199,2.76880270143824,-5.69624768724199,2.76880270143824,-2.05729634844805,0.0396577283985524,266988,1,"SYNJ2","Body",-0.0376142924804673
"chr7",27183990,27184188,12,2.60449199263494,1.26785445178307,2.60449199263494,1.26785445178307,2.05425156568411,0.0399513498765491,266988,1,"HOXA5","TSS1500",0.0329490981581182
"chr11",61159649,61159687,2,-4.16575024954201,2.02827218047215,-4.16575024954201,2.02827218047215,-2.05384183131293,0.0399910027662088,266988,1,"TMEM216","TSS1500;TSS200",0.00239520624877274
"chr6",31628339,31628348,2,-17.9262113900195,8.76456135087471,-17.9262113900195,8.76456135087471,-2.04530616791569,0.0408246830139646,266988,1,"C6orf47","5'UTR;1stExon",-0.00122330268584328
"chr6",166582197,166582201,2,-10.3661449639785,5.08295252830584,-10.3661449639785,5.08295252830584,-2.03939440831912,0.0414106800395227,266988,1,"T","TSS200",0.0114859319891211
"chr5",139048005,139048106,2,-6.34900042887659,3.11516557173306,-6.34900042887659,3.11516557173306,-2.03809405396852,0.0415405277016357,266988,1,"CXXC5","5'UTR",-0.020300405179061
"chr21",26934197,26934383,2,-6.04153505665253,2.98665905045894,-6.04153505665253,2.98665905045894,-2.02284055681688,0.0430895887620801,266988,1,"MIR155HG","TSS200;TSS1500",-0.00629401768006238
"chr11",113929188,113929287,2,-6.38125864650125,3.15900910604512,-6.38125864650125,3.15900910604512,-2.02001907316126,0.043381409168682,266988,1,"ZBTB16","TSS1500",-0.0165376556210041
"chr6",24358306,24358308,2,-9.46007052931624,4.72691396776801,-9.46007052931624,4.72691396776801,-2.00132064891022,0.0453578458826026,266988,1,"KAAG1;DCDC2","1stExon;3'UTR;TSS200",0.00152546487679054
"chr12",124844874,124845001,2,-5.79294986223306,2.91070042310934,-5.79294986223306,2.91070042310934,-1.99022538226203,0.046566113452313,266988,1,"NCOR2","Body",-0.00376792664908299
"chr19",40719835,40719949,2,-7.05187043808905,3.56288586360933,-7.05187043808905,3.56288586360933,-1.979258025107,0.0477869629088033,266988,1,"MAP3K10","Body",0.0185293073251961
"chr2",74347215,74347274,2,-10.5439339723668,5.33637647934406,-10.5439339723668,5.33637647934406,-1.97586021398229,0.0481706113932812,266988,1,"","",-0.0553027581371388
"chr11",34460351,34460386,2,-10.9333402140419,5.54498367365914,-10.9333402140419,5.54498367365914,-1.97175336439304,0.0486377684692488,266988,1,"CAT","TSS200",-0.0111939782569597
"chr17",33760230,33760293,3,-7.59382334018602,3.8699923233245,-7.59382334018602,3.8699923233245,-1.96223214563448,0.0497354629972303,266988,1,"SLFN12","TSS1500",-0.019116980419037
"chr16",89573535,89573562,2,-6.91292923211638,3.57815855336031,-6.91292923211638,3.57815855336031,-1.93197957246034,0.0533620272430898,266988,1,"SPG7","TSS1500",-0.035252962617167
"chr22",24891141,24891158,2,-7.38164381917573,3.8272584932469,-7.38164381917573,3.8272584932469,-1.92870270774771,0.0537677799072718,266988,1,"C22orf45;UPB1","TSS1500;TSS200",-0.0218290349067289
"chr17",78800264,78800321,2,-4.4684529369878,2.32305565732843,-4.4684529369878,2.32305565732843,-1.92352383934125,0.0544142955290442,266988,1,"RPTOR","Body",-0.0186298480420468
"chr2",197036688,197036775,2,-12.6761477881664,6.59009949392606,-12.6761477881664,6.59009949392606,-1.92351387105001,0.054415546169061,266988,1,"STK17B","TSS1500",-0.00528071398189973
"chr2",66672688,66672841,2,-5.56554507890899,2.90794178613719,-5.56554507890899,2.90794178613719,-1.91391213725158,0.0556313833019729,266988,1,"MEIS1","Body",-0.0530929909044082
"chr15",40545145,40545175,2,-7.21221543098987,3.77153403876677,-7.21221543098987,3.77153403876677,-1.9122763726529,0.0558407547103077,266988,1,"PAK6;C15orf56","5'UTR;TSS200",-0.0229381236654025
"chr12",6642201,6642229,2,-11.7647188902311,6.15232030736329,-11.7647188902311,6.15232030736329,-1.9122409599108,0.0558452946500798,266988,1,"GAPDH","TSS1500",-0.0224510764023579
"chr6",30068934,30068942,2,-18.085724319061,9.51144320962982,-18.085724319061,9.51144320962982,-1.90147004197536,0.0572404728616436,266988,1,"","",0.00343786898051392
"chr12",132970228,132970271,2,-10.2178200025068,5.42034783616174,-10.2178200025068,5.42034783616174,-1.88508566449165,0.0594182731575604,266988,1,"","",-0.0131993192051741
"chr3",178978849,178978985,3,-9.73700176481945,5.17341500855573,-9.73700176481945,5.17341500855573,-1.88212268853678,0.0598193594771331,266988,1,"KCNMB3","TSS1500;Body",0.00218778630572132
"chr1",24195143,24195347,2,-7.03176382159653,3.76967433654212,-7.03176382159653,3.76967433654212,-1.86535047694509,0.0621322941314897,266988,1,"FUCA1","TSS1500",-0.0380773034369762
"chr11",2890450,2890457,3,-8.10993159203781,4.48016093638368,-8.10993159203781,4.48016093638368,-1.81018755959781,0.0702667061531076,266988,1,"KCNQ1DN","TSS1500",-0.0133445048307842
"chr6",32134629,32134854,4,-3.70591558977889,2.0494107330104,-3.70591558977889,2.0494107330104,-1.80828348855929,0.0705623903329651,266988,1,"EGFL8","Body",0.0102464911862927
"chr17",78032296,78032424,2,-2.60565868389639,1.59267619897249,-2.60565868389639,1.59267619897249,-1.6360253801604,0.101834275718756,266988,1,"CCDC40","Body",0.000970680504436994
"chr6",44187132,44187226,2,-13.118671438277,8.06571454423676,-13.118671438277,8.06571454423676,-1.62647355870669,0.103848953777455,266988,1,"SLC29A1","TSS200",-0.0120801123543198
"chr6",33288366,33288372,2,-4.52280368025981,3.05483326334903,-4.52280368025981,3.05483326334903,-1.4805402751512,0.138729120745384,266988,1,"DAXX","Body",-0.0142746328261345
"chr14",96671020,96671037,2,-13.9770411435184,9.47580270804128,-13.9770411435184,9.47580270804128,-1.47502449915482,0.140205956958019,266988,1,"BDKRB2","TSS200",-0.00371890682693127
"chr6",31600348,31600450,3,-2.67605684630482,1.94228011968693,-2.67605684630482,1.94228011968693,-1.3777914005196,0.168267701847545,266988,1,"BAT2","Body",0.00169647122657309
"chr6",33132943,33132996,2,-3.01124977299291,2.26548769456191,-3.01124977299291,2.26548769456191,-1.32918390164781,0.183787304870777,266988,1,"COL11A2","Body",0.0133308378718111
"chr7",27183946,27183950,2,-4.00885722542093,3.02230130225662,-4.00885722542093,3.02230130225662,-1.32642540385622,0.184698828779155,266988,1,"HOXA5","TSS1500",-0.00983940405732942
"chr6",32134604,32134620,2,-9.65250734753006,7.28537992543053,-9.65250734753006,7.28537992543053,-1.32491475342786,0.185199426949965,266988,1,"EGFL8","Body",-0.00564471379006187
"chr6",30069065,30069250,2,-2.45994595921804,1.92075516620177,-2.45994595921804,1.92075516620177,-1.28071812717417,0.200292690336289,266988,1,"","",0.0226430331476214
"chr6",33283092,33283145,2,-2.32015725994065,1.86680255737656,-2.32015725994065,1.86680255737656,-1.24285091145428,0.213922777615555,266988,1,"ZBTB22;TAPBP","Body;TSS1500",-0.0074406556456838
"chr10",135191333,135191450,3,-3.3035497130822,2.73846857881029,-3.3035497130822,2.73846857881029,-1.20634932189633,0.227682827636476,266988,1,"PAOX","TSS1500",-0.0145171442467119
"chr6",33281794,33281821,2,9.06663758809034,7.59430516864361,9.06663758809034,7.59430516864361,1.19387322299424,0.232527563350445,266988,1,"TAPBP","1stExon;5'UTR",-0.00495306992810244
"chr13",37004812,37004853,2,-8.67019682315156,8.29759167737491,-8.67019682315156,8.29759167737491,-1.04490521590652,0.296066778873211,266988,1,"CCNA1","TSS1500",-0.00741598090792355
"chr2",219157119,219157274,2,-3.51638171135586,4.01812126671277,-3.51638171135586,4.01812126671277,-0.875130808143234,0.381502735759865,266988,1,"TMBIM1;PNKD","1stExon;Body;5'UTR",-0.000790325753927769
